"7","20","yes","yes","0","highSchool","laptop","Male","test","0",
"14","27","yes","no","12","highSchool","desktop","Male","Homemaker","27",
"16","23","yes","no","8","someCollege","laptop","Male","office assistance","-1",
"18","39","yes","no","8","highSchool","desktop","Female","clerical","15","none"
"21","41","no","no","10","collegeGraduate","laptop","Female","Victims Advocate","17","No"
"21","35","yes","no","5","someCollege","laptop","Female","business owner","13",
"23","35","yes","no","5","collegeGraduate","laptop","Female","sales","17",
"24","24","no","no","12","collegeGraduate","desktop","Male","IT","22",
"32","38","yes","no","8","collegeGraduate","desktop","Male","QA","21",
"33","36","yes","no","12","collegeGraduate","laptop","Female","farmer","13",
"38","22","yes","no","12","highSchool","desktop","Male","N/A","23",
