"10","33","yes","no","8","collegeGraduate","laptop","Male","art","43",
"10","50","yes","no","11","someCollege","desktop","Male","Technical Support","24","None, thank you."
"16","35","yes","no","10","collegeGraduate","desktop","Male","Freelance","19",
"18","27","yes","no","7","someCollege","desktop","Female","Certified Nursing Assistant","-1","Thank you for letting me participate in your survey!"
"23","27","yes","no","4","someCollege","desktop","Male","electrician ","-1",
"25","29","yes","no","4","collegeGraduate","laptop","Female","Technician","-1",
"25","30","yes","no","8","graduateStudies","laptop","Female","student","13",
"30","43","yes","no","30","collegeGraduate","laptop","Female","Legal Assistant","24",
"30","45","yes","no","8","highSchool","laptop","Female","SELF EMPLOYED","17","I love Basset Hounds."
"37","29","yes","no","12","someCollege","laptop","Female","IT","-1",
