{"test": [{"majority_label": "miniature_pinscher", "img_confidence": 0.9, "path": "https:/cu-visualab.org/oracle_query/S2/imgs/setB2/study/dogs/dog_B__90__dr2.png", "img_correctness": 0.1, "img_name": "static/imgs/study/dogs/chihuahua__90__dr2.png", "actual_label": "chihuahua"}, {"majority_label": "miniature_pinscher", "img_confidence": 0.8, "path": "https:/cu-visualab.org/oracle_query/S2/imgs/setB2/study/dogs/dog_A__106__dr7.png", "img_correctness": 0.8, "img_name": "static/imgs/study/dogs/miniature_pinscher__106__dr7.png", "actual_label": "miniature_pinscher"}, {"majority_label": "miniature_pinscher", "img_confidence": 0.8, "path": "https:/cu-visualab.org/oracle_query/S2/imgs/setB2/study/dogs/dog_A__55__dr2.png", "img_correctness": 0.8, "img_name": "static/imgs/study/dogs/miniature_pinscher__55__dr2.png", "actual_label": "miniature_pinscher"}, {"majority_label": "chihuahua", "img_confidence": 0.8, "path": "https:/cu-visualab.org/oracle_query/S2/imgs/setB2/study/dogs/dog_B__91__dr2.png", "img_correctness": 0.8, "img_name": "static/imgs/study/dogs/chihuahua__91__dr2.png", "actual_label": "chihuahua"}, {"majority_label": "miniature_pinscher", "img_confidence": 0.8, "path": "https:/cu-visualab.org/oracle_query/S2/imgs/setB2/study/dogs/dog_B__31__dr5.png", "img_correctness": 0.2, "img_name": "static/imgs/study/dogs/chihuahua__31__dr5.png", "actual_label": "chihuahua"}, {"majority_label": "chihuahua", "img_confidence": 0.8, "path": "https:/cu-visualab.org/oracle_query/S2/imgs/setB2/study/dogs/dog_B__173__dr2.png", "img_correctness": 0.8, "img_name": "static/imgs/study/dogs/chihuahua__173__dr2.png", "actual_label": "chihuahua"}, {"majority_label": "miniature_pinscher", "img_confidence": 0.7, "path": "https:/cu-visualab.org/oracle_query/S2/imgs/setB2/study/dogs/dog_A__30__dr10.png", "img_correctness": 0.7, "img_name": "static/imgs/study/dogs/miniature_pinscher__30__dr10.png", "actual_label": "miniature_pinscher"}, {"majority_label": "chihuahua", "img_confidence": 0.7, "path": "https:/cu-visualab.org/oracle_query/S2/imgs/setB2/study/dogs/dog_B__61__dr10.png", "img_correctness": 0.7, "img_name": "static/imgs/study/dogs/chihuahua__61__dr10.png", "actual_label": "chihuahua"}, {"majority_label": "chihuahua", "img_confidence": 0.7, "path": "https:/cu-visualab.org/oracle_query/S2/imgs/setB2/study/dogs/dog_B__49__dr5.png", "img_correctness": 0.7, "img_name": "static/imgs/study/dogs/chihuahua__49__dr5.png", "actual_label": "chihuahua"}, {"majority_label": "miniature_pinscher", "img_confidence": 0.7, "path": "https:/cu-visualab.org/oracle_query/S2/imgs/setB2/study/dogs/dog_A__152__dr5.png", "img_correctness": 0.7, "img_name": "static/imgs/study/dogs/miniature_pinscher__152__dr5.png", "actual_label": "miniature_pinscher"}, {"majority_label": "chihuahua", "img_confidence": 0.7, "path": "https:/cu-visualab.org/oracle_query/S2/imgs/setB2/study/dogs/dog_B__137__dr10.png", "img_correctness": 0.7, "img_name": "static/imgs/study/dogs/chihuahua__137__dr10.png", "actual_label": "chihuahua"}, {"majority_label": "chihuahua", "img_confidence": 0.6, "path": "https:/cu-visualab.org/oracle_query/S2/imgs/setB2/study/dogs/dog_B__49__dr10.png", "img_correctness": 0.6, "img_name": "static/imgs/study/dogs/chihuahua__49__dr10.png", "actual_label": "chihuahua"}, {"majority_label": "chihuahua", "img_confidence": 0.6, "path": "https:/cu-visualab.org/oracle_query/S2/imgs/setB2/study/dogs/dog_B__90__dr10.png", "img_correctness": 0.6, "img_name": "static/imgs/study/dogs/chihuahua__90__dr10.png", "actual_label": "chihuahua"}, {"majority_label": "miniature_pinscher", "img_confidence": 0.6, "path": "https:/cu-visualab.org/oracle_query/S2/imgs/setB2/study/dogs/dog_B__155__dr5.png", "img_correctness": 0.4, "img_name": "static/imgs/study/dogs/chihuahua__155__dr5.png", "actual_label": "chihuahua"}, {"majority_label": "miniature_pinscher", "img_confidence": 0.6, "path": "https:/cu-visualab.org/oracle_query/S2/imgs/setB2/study/dogs/dog_A__67__dr7.png", "img_correctness": 0.6, "img_name": "static/imgs/study/dogs/miniature_pinscher__67__dr7.png", "actual_label": "miniature_pinscher"}, {"majority_label": "chihuahua", "img_confidence": 0.6, "path": "https:/cu-visualab.org/oracle_query/S2/imgs/setB2/study/dogs/dog_B__37__dr2.png", "img_correctness": 0.6, "img_name": "static/imgs/study/dogs/chihuahua__37__dr2.png", "actual_label": "chihuahua"}, {"majority_label": "miniature_pinscher", "img_confidence": 0.5, "path": "https:/cu-visualab.org/oracle_query/S2/imgs/setB2/study/dogs/dog_A__59__dr2.png", "img_correctness": 0.5, "img_name": "static/imgs/study/dogs/miniature_pinscher__59__dr2.png", "actual_label": "miniature_pinscher"}, {"majority_label": "miniature_pinscher", "img_confidence": 0.5, "path": "https:/cu-visualab.org/oracle_query/S2/imgs/setB2/study/dogs/dog_B__143__dr7.png", "img_correctness": 0.5, "img_name": "static/imgs/study/dogs/chihuahua__143__dr7.png", "actual_label": "chihuahua"}, {"majority_label": "miniature_pinscher", "img_confidence": 0.5, "path": "https:/cu-visualab.org/oracle_query/S2/imgs/setB2/study/dogs/dog_B__49__dr2.png", "img_correctness": 0.5, "img_name": "static/imgs/study/dogs/chihuahua__49__dr2.png", "actual_label": "chihuahua"}, {"majority_label": "miniature_pinscher", "img_confidence": 0.5, "path": "https:/cu-visualab.org/oracle_query/S2/imgs/setB2/study/dogs/dog_A__184__dr10.png", "img_correctness": 0.5, "img_name": "static/imgs/study/dogs/miniature_pinscher__184__dr10.png", "actual_label": "miniature_pinscher"}, {"majority_label": "miniature_pinscher", "img_confidence": 0.5, "path": "https:/cu-visualab.org/oracle_query/S2/imgs/setB2/study/dogs/dog_B__143__dr2.png", "img_correctness": 0.5, "img_name": "static/imgs/study/dogs/chihuahua__143__dr2.png", "actual_label": "chihuahua"}, {"majority_label": "miniature_pinscher", "img_confidence": 0.5, "path": "https:/cu-visualab.org/oracle_query/S2/imgs/setB2/study/dogs/dog_B__182__dr10.png", "img_correctness": 0.5, "img_name": "static/imgs/study/dogs/chihuahua__182__dr10.png", "actual_label": "chihuahua"}, {"majority_label": "miniature_pinscher", "img_confidence": 0.5, "path": "https:/cu-visualab.org/oracle_query/S2/imgs/setB2/study/dogs/dog_B__90__dr5.png", "img_correctness": 0.5, "img_name": "static/imgs/study/dogs/chihuahua__90__dr5.png", "actual_label": "chihuahua"}, {"majority_label": "miniature_pinscher", "img_confidence": 0.5, "path": "https:/cu-visualab.org/oracle_query/S2/imgs/setB2/study/dogs/dog_A__152__dr7.png", "img_correctness": 0.5, "img_name": "static/imgs/study/dogs/miniature_pinscher__152__dr7.png", "actual_label": "miniature_pinscher"}, {"majority_label": "miniature_pinscher", "img_confidence": 0.5, "path": "https:/cu-visualab.org/oracle_query/S2/imgs/setB2/study/dogs/dog_A__184__dr2.png", "img_correctness": 0.5, "img_name": "static/imgs/study/dogs/miniature_pinscher__184__dr2.png", "actual_label": "miniature_pinscher"}], "training": [{"majority_label": "miniature_pinscher", "img_confidence": 1.0, "path": "https:/cu-visualab.org/oracle_query/S2/imgs/setB2/study/dogs/dog_A__106__dr5.png", "img_correctness": 1.0, "img_name": "static/imgs/study/dogs/miniature_pinscher__106__dr5.png", "actual_label": "miniature_pinscher"}, {"majority_label": "miniature_pinscher", "img_confidence": 1.0, "path": "https:/cu-visualab.org/oracle_query/S2/imgs/setB2/study/dogs/dog_A__55__dr7.png", "img_correctness": 1.0, "img_name": "static/imgs/study/dogs/miniature_pinscher__55__dr7.png", "actual_label": "miniature_pinscher"}, {"majority_label": "miniature_pinscher", "img_confidence": 0.9, "path": "https:/cu-visualab.org/oracle_query/S2/imgs/setB2/study/dogs/dog_A__18__dr2.png", "img_correctness": 0.9, "img_name": "static/imgs/study/dogs/miniature_pinscher__18__dr2.png", "actual_label": "miniature_pinscher"}, {"majority_label": "miniature_pinscher", "img_confidence": 0.9, "path": "https:/cu-visualab.org/oracle_query/S2/imgs/setB2/study/dogs/dog_A__30__dr2.png", "img_correctness": 0.9, "img_name": "static/imgs/study/dogs/miniature_pinscher__30__dr2.png", "actual_label": "miniature_pinscher"}, {"majority_label": "chihuahua", "img_confidence": 0.8, "path": "https:/cu-visualab.org/oracle_query/S2/imgs/setB2/study/dogs/dog_B__36__dr10.png", "img_correctness": 0.8, "img_name": "static/imgs/study/dogs/chihuahua__36__dr10.png", "actual_label": "chihuahua"}, {"majority_label": "miniature_pinscher", "img_confidence": 0.8, "path": "https:/cu-visualab.org/oracle_query/S2/imgs/setB2/study/dogs/dog_A__54__dr7.png", "img_correctness": 0.8, "img_name": "static/imgs/study/dogs/miniature_pinscher__54__dr7.png", "actual_label": "miniature_pinscher"}, {"majority_label": "miniature_pinscher", "img_confidence": 0.8, "path": "https:/cu-visualab.org/oracle_query/S2/imgs/setB2/study/dogs/dog_A__106__dr2.png", "img_correctness": 0.8, "img_name": "static/imgs/study/dogs/miniature_pinscher__106__dr2.png", "actual_label": "miniature_pinscher"}, {"majority_label": "miniature_pinscher", "img_confidence": 0.8, "path": "https:/cu-visualab.org/oracle_query/S2/imgs/setB2/study/dogs/dog_A__30__dr7.png", "img_correctness": 0.8, "img_name": "static/imgs/study/dogs/miniature_pinscher__30__dr7.png", "actual_label": "miniature_pinscher"}, {"majority_label": "miniature_pinscher", "img_confidence": 0.8, "path": "https:/cu-visualab.org/oracle_query/S2/imgs/setB2/study/dogs/dog_A__183__dr2.png", "img_correctness": 0.8, "img_name": "static/imgs/study/dogs/miniature_pinscher__183__dr2.png", "actual_label": "miniature_pinscher"}, {"majority_label": "miniature_pinscher", "img_confidence": 0.8, "path": "https:/cu-visualab.org/oracle_query/S2/imgs/setB2/study/dogs/dog_B__90__dr7.png", "img_correctness": 0.2, "img_name": "static/imgs/study/dogs/chihuahua__90__dr7.png", "actual_label": "chihuahua"}, {"majority_label": "miniature_pinscher", "img_confidence": 0.7, "path": "https:/cu-visualab.org/oracle_query/S2/imgs/setB2/study/dogs/dog_A__67__dr5.png", "img_correctness": 0.7, "img_name": "static/imgs/study/dogs/miniature_pinscher__67__dr5.png", "actual_label": "miniature_pinscher"}, {"majority_label": "chihuahua", "img_confidence": 0.7, "path": "https:/cu-visualab.org/oracle_query/S2/imgs/setB2/study/dogs/dog_B__61__dr2.png", "img_correctness": 0.7, "img_name": "static/imgs/study/dogs/chihuahua__61__dr2.png", "actual_label": "chihuahua"}, {"majority_label": "chihuahua", "img_confidence": 0.7, "path": "https:/cu-visualab.org/oracle_query/S2/imgs/setB2/study/dogs/dog_A__59__dr5.png", "img_correctness": 0.3, "img_name": "static/imgs/study/dogs/miniature_pinscher__59__dr5.png", "actual_label": "miniature_pinscher"}, {"majority_label": "miniature_pinscher", "img_confidence": 0.7, "path": "https:/cu-visualab.org/oracle_query/S2/imgs/setB2/study/dogs/dog_B__173__dr7.png", "img_correctness": 0.3, "img_name": "static/imgs/study/dogs/chihuahua__173__dr7.png", "actual_label": "chihuahua"}, {"majority_label": "miniature_pinscher", "img_confidence": 0.7, "path": "https:/cu-visualab.org/oracle_query/S2/imgs/setB2/study/dogs/dog_B__182__dr5.png", "img_correctness": 0.3, "img_name": "static/imgs/study/dogs/chihuahua__182__dr5.png", "actual_label": "chihuahua"}, {"majority_label": "chihuahua", "img_confidence": 0.7, "path": "https:/cu-visualab.org/oracle_query/S2/imgs/setB2/study/dogs/dog_B__91__dr10.png", "img_correctness": 0.7, "img_name": "static/imgs/study/dogs/chihuahua__91__dr10.png", "actual_label": "chihuahua"}, {"majority_label": "miniature_pinscher", "img_confidence": 0.7, "path": "https:/cu-visualab.org/oracle_query/S2/imgs/setB2/study/dogs/dog_A__73__dr7.png", "img_correctness": 0.7, "img_name": "static/imgs/study/dogs/miniature_pinscher__73__dr7.png", "actual_label": "miniature_pinscher"}, {"majority_label": "chihuahua", "img_confidence": 0.7, "path": "https:/cu-visualab.org/oracle_query/S2/imgs/setB2/study/dogs/dog_B__36__dr5.png", "img_correctness": 0.7, "img_name": "static/imgs/study/dogs/chihuahua__36__dr5.png", "actual_label": "chihuahua"}, {"majority_label": "miniature_pinscher", "img_confidence": 0.7, "path": "https:/cu-visualab.org/oracle_query/S2/imgs/setB2/study/dogs/dog_A__152__dr2.png", "img_correctness": 0.7, "img_name": "static/imgs/study/dogs/miniature_pinscher__152__dr2.png", "actual_label": "miniature_pinscher"}, {"majority_label": "chihuahua", "img_confidence": 0.6, "path": "https:/cu-visualab.org/oracle_query/S2/imgs/setB2/study/dogs/dog_B__36__dr7.png", "img_correctness": 0.6, "img_name": "static/imgs/study/dogs/chihuahua__36__dr7.png", "actual_label": "chihuahua"}, {"majority_label": "miniature_pinscher", "img_confidence": 0.6, "path": "https:/cu-visualab.org/oracle_query/S2/imgs/setB2/study/dogs/dog_A__51__dr7.png", "img_correctness": 0.6, "img_name": "static/imgs/study/dogs/miniature_pinscher__51__dr7.png", "actual_label": "miniature_pinscher"}, {"majority_label": "miniature_pinscher", "img_confidence": 0.5, "path": "https:/cu-visualab.org/oracle_query/S2/imgs/setB2/study/dogs/dog_B__182__dr7.png", "img_correctness": 0.5, "img_name": "static/imgs/study/dogs/chihuahua__182__dr7.png", "actual_label": "chihuahua"}, {"majority_label": "miniature_pinscher", "img_confidence": 0.5, "path": "https:/cu-visualab.org/oracle_query/S2/imgs/setB2/study/dogs/dog_A__183__dr5.png", "img_correctness": 0.5, "img_name": "static/imgs/study/dogs/miniature_pinscher__183__dr5.png", "actual_label": "miniature_pinscher"}, {"majority_label": "miniature_pinscher", "img_confidence": 0.5, "path": "https:/cu-visualab.org/oracle_query/S2/imgs/setB2/study/dogs/dog_A__183__dr10.png", "img_correctness": 0.5, "img_name": "static/imgs/study/dogs/miniature_pinscher__183__dr10.png", "actual_label": "miniature_pinscher"}, {"majority_label": "miniature_pinscher", "img_confidence": 0.5, "path": "https:/cu-visualab.org/oracle_query/S2/imgs/setB2/study/dogs/dog_A__54__dr10.png", "img_correctness": 0.5, "img_name": "static/imgs/study/dogs/miniature_pinscher__54__dr10.png", "actual_label": "miniature_pinscher"}]}