{"test": [{"majority_label": "basset_hound", "img_confidence": 0.75, "path": "https:/cu-visualab.org/oracle_query/S2/imgs/setA1/study/dogs/dog_A__90__dr7.png", "img_correctness": 0.75, "img_name": "static/imgs/study/dogs/basset_hound__90__dr7.png", "actual_label": "basset_hound"}, {"majority_label": "basset_hound", "img_confidence": 0.5, "path": "https:/cu-visualab.org/oracle_query/S2/imgs/setA1/study/dogs/dog_A__137__dr7.png", "img_correctness": 0.5, "img_name": "static/imgs/study/dogs/basset_hound__137__dr7.png", "actual_label": "basset_hound"}, {"majority_label": "basset_hound", "img_confidence": 0.5, "path": "https:/cu-visualab.org/oracle_query/S2/imgs/setA1/study/dogs/dog_A__111__dr10.png", "img_correctness": 0.5, "img_name": "static/imgs/study/dogs/basset_hound__111__dr10.png", "actual_label": "basset_hound"}, {"majority_label": "basset_hound", "img_confidence": 0.5, "path": "https:/cu-visualab.org/oracle_query/S2/imgs/setA1/study/dogs/dog_A__76__dr10.png", "img_correctness": 0.5, "img_name": "static/imgs/study/dogs/basset_hound__76__dr10.png", "actual_label": "basset_hound"}, {"majority_label": "saint_bernard", "img_confidence": 0.625, "path": "https:/cu-visualab.org/oracle_query/S2/imgs/setA1/study/dogs/dog_B__96__dr10.png", "img_correctness": 0.625, "img_name": "static/imgs/study/dogs/saint_bernard__96__dr10.png", "actual_label": "saint_bernard"}, {"majority_label": "basset_hound", "img_confidence": 0.625, "path": "https:/cu-visualab.org/oracle_query/S2/imgs/setA1/study/dogs/dog_A__164__dr7.png", "img_correctness": 0.625, "img_name": "static/imgs/study/dogs/basset_hound__164__dr7.png", "actual_label": "basset_hound"}, {"majority_label": "basset_hound", "img_confidence": 0.75, "path": "https:/cu-visualab.org/oracle_query/S2/imgs/setA1/study/dogs/dog_A__111__dr7.png", "img_correctness": 0.75, "img_name": "static/imgs/study/dogs/basset_hound__111__dr7.png", "actual_label": "basset_hound"}, {"majority_label": "basset_hound", "img_confidence": 0.75, "path": "https:/cu-visualab.org/oracle_query/S2/imgs/setA1/study/dogs/dog_A__144__dr7.png", "img_correctness": 0.75, "img_name": "static/imgs/study/dogs/basset_hound__144__dr7.png", "actual_label": "basset_hound"}, {"majority_label": "saint_bernard", "img_confidence": 0.75, "path": "https:/cu-visualab.org/oracle_query/S2/imgs/setA1/study/dogs/dog_A__144__dr10.png", "img_correctness": 0.25, "img_name": "static/imgs/study/dogs/basset_hound__144__dr10.png", "actual_label": "basset_hound"}, {"majority_label": "saint_bernard", "img_confidence": 0.625, "path": "https:/cu-visualab.org/oracle_query/S2/imgs/setA1/study/dogs/dog_B__142__dr10.png", "img_correctness": 0.625, "img_name": "static/imgs/study/dogs/saint_bernard__142__dr10.png", "actual_label": "saint_bernard"}, {"majority_label": "saint_bernard", "img_confidence": 0.75, "path": "https:/cu-visualab.org/oracle_query/S2/imgs/setA1/study/dogs/dog_A__152__dr10.png", "img_correctness": 0.25, "img_name": "static/imgs/study/dogs/basset_hound__152__dr10.png", "actual_label": "basset_hound"}, {"majority_label": "basset_hound", "img_confidence": 0.625, "path": "https:/cu-visualab.org/oracle_query/S2/imgs/setA1/study/dogs/dog_A__114__dr10.png", "img_correctness": 0.625, "img_name": "static/imgs/study/dogs/basset_hound__114__dr10.png", "actual_label": "basset_hound"}, {"majority_label": "basset_hound", "img_confidence": 0.5, "path": "https:/cu-visualab.org/oracle_query/S2/imgs/setA1/study/dogs/dog_B__126__dr7.png", "img_correctness": 0.5, "img_name": "static/imgs/study/dogs/saint_bernard__126__dr7.png", "actual_label": "saint_bernard"}, {"majority_label": "basset_hound", "img_confidence": 0.75, "path": "https:/cu-visualab.org/oracle_query/S2/imgs/setA1/study/dogs/dog_A__76__dr7.png", "img_correctness": 0.75, "img_name": "static/imgs/study/dogs/basset_hound__76__dr7.png", "actual_label": "basset_hound"}, {"majority_label": "basset_hound", "img_confidence": 0.75, "path": "https:/cu-visualab.org/oracle_query/S2/imgs/setA1/study/dogs/dog_A__76__dr5.png", "img_correctness": 0.75, "img_name": "static/imgs/study/dogs/basset_hound__76__dr5.png", "actual_label": "basset_hound"}, {"majority_label": "basset_hound", "img_confidence": 0.75, "path": "https:/cu-visualab.org/oracle_query/S2/imgs/setA1/study/dogs/dog_A__103__dr5.png", "img_correctness": 0.75, "img_name": "static/imgs/study/dogs/basset_hound__103__dr5.png", "actual_label": "basset_hound"}, {"majority_label": "basset_hound", "img_confidence": 0.5, "path": "https:/cu-visualab.org/oracle_query/S2/imgs/setA1/study/dogs/dog_A__103__dr7.png", "img_correctness": 0.5, "img_name": "static/imgs/study/dogs/basset_hound__103__dr7.png", "actual_label": "basset_hound"}, {"majority_label": "saint_bernard", "img_confidence": 0.75, "path": "https:/cu-visualab.org/oracle_query/S2/imgs/setA1/study/dogs/dog_B__126__dr10.png", "img_correctness": 0.75, "img_name": "static/imgs/study/dogs/saint_bernard__126__dr10.png", "actual_label": "saint_bernard"}, {"majority_label": "basset_hound", "img_confidence": 0.625, "path": "https:/cu-visualab.org/oracle_query/S2/imgs/setA1/study/dogs/dog_A__137__dr5.png", "img_correctness": 0.625, "img_name": "static/imgs/study/dogs/basset_hound__137__dr5.png", "actual_label": "basset_hound"}, {"majority_label": "basset_hound", "img_confidence": 0.5, "path": "https:/cu-visualab.org/oracle_query/S2/imgs/setA1/study/dogs/dog_A__152__dr7.png", "img_correctness": 0.5, "img_name": "static/imgs/study/dogs/basset_hound__152__dr7.png", "actual_label": "basset_hound"}, {"majority_label": "saint_bernard", "img_confidence": 0.625, "path": "https:/cu-visualab.org/oracle_query/S2/imgs/setA1/study/dogs/dog_B__124__dr10.png", "img_correctness": 0.625, "img_name": "static/imgs/study/dogs/saint_bernard__124__dr10.png", "actual_label": "saint_bernard"}, {"majority_label": "basset_hound", "img_confidence": 0.75, "path": "https:/cu-visualab.org/oracle_query/S2/imgs/setA1/study/dogs/dog_A__39__dr10.png", "img_correctness": 0.75, "img_name": "static/imgs/study/dogs/basset_hound__39__dr10.png", "actual_label": "basset_hound"}, {"majority_label": "basset_hound", "img_confidence": 0.5, "path": "https:/cu-visualab.org/oracle_query/S2/imgs/setA1/study/dogs/dog_A__103__dr10.png", "img_correctness": 0.5, "img_name": "static/imgs/study/dogs/basset_hound__103__dr10.png", "actual_label": "basset_hound"}, {"majority_label": "basset_hound", "img_confidence": 0.75, "path": "https:/cu-visualab.org/oracle_query/S2/imgs/setA1/study/dogs/dog_A__152__dr5.png", "img_correctness": 0.75, "img_name": "static/imgs/study/dogs/basset_hound__152__dr5.png", "actual_label": "basset_hound"}, {"majority_label": "saint_bernard", "img_confidence": 0.625, "path": "https:/cu-visualab.org/oracle_query/S2/imgs/setA1/study/dogs/dog_B__180__dr10.png", "img_correctness": 0.625, "img_name": "static/imgs/study/dogs/saint_bernard__180__dr10.png", "actual_label": "saint_bernard"}], "training": [{"majority_label": "basset_hound", "img_confidence": 0.5, "path": "https:/cu-visualab.org/oracle_query/S2/imgs/setA1/study/dogs/dog_A__137__dr7.png", "img_correctness": 0.5, "img_name": "static/imgs/study/dogs/basset_hound__137__dr7.png", "actual_label": "basset_hound"}, {"majority_label": "basset_hound", "img_confidence": 0.75, "path": "https:/cu-visualab.org/oracle_query/S2/imgs/setA1/study/dogs/dog_A__76__dr7.png", "img_correctness": 0.75, "img_name": "static/imgs/study/dogs/basset_hound__76__dr7.png", "actual_label": "basset_hound"}, {"majority_label": "basset_hound", "img_confidence": 0.625, "path": "https:/cu-visualab.org/oracle_query/S2/imgs/setA1/study/dogs/dog_A__114__dr10.png", "img_correctness": 0.625, "img_name": "static/imgs/study/dogs/basset_hound__114__dr10.png", "actual_label": "basset_hound"}, {"majority_label": "basset_hound", "img_confidence": 0.75, "path": "https:/cu-visualab.org/oracle_query/S2/imgs/setA1/study/dogs/dog_A__39__dr10.png", "img_correctness": 0.75, "img_name": "static/imgs/study/dogs/basset_hound__39__dr10.png", "actual_label": "basset_hound"}, {"majority_label": "saint_bernard", "img_confidence": 0.75, "path": "https:/cu-visualab.org/oracle_query/S2/imgs/setA1/study/dogs/dog_A__152__dr10.png", "img_correctness": 0.25, "img_name": "static/imgs/study/dogs/basset_hound__152__dr10.png", "actual_label": "basset_hound"}, {"majority_label": "basset_hound", "img_confidence": 0.75, "path": "https:/cu-visualab.org/oracle_query/S2/imgs/setA1/study/dogs/dog_A__90__dr7.png", "img_correctness": 0.75, "img_name": "static/imgs/study/dogs/basset_hound__90__dr7.png", "actual_label": "basset_hound"}, {"majority_label": "saint_bernard", "img_confidence": 0.75, "path": "https:/cu-visualab.org/oracle_query/S2/imgs/setA1/study/dogs/dog_A__144__dr10.png", "img_correctness": 0.25, "img_name": "static/imgs/study/dogs/basset_hound__144__dr10.png", "actual_label": "basset_hound"}, {"majority_label": "saint_bernard", "img_confidence": 0.75, "path": "https:/cu-visualab.org/oracle_query/S2/imgs/setA1/study/dogs/dog_B__126__dr10.png", "img_correctness": 0.75, "img_name": "static/imgs/study/dogs/saint_bernard__126__dr10.png", "actual_label": "saint_bernard"}, {"majority_label": "saint_bernard", "img_confidence": 0.75, "path": "https:/cu-visualab.org/oracle_query/S2/imgs/setA1/study/dogs/dog_A__90__dr10.png", "img_correctness": 0.25, "img_name": "static/imgs/study/dogs/basset_hound__90__dr10.png", "actual_label": "basset_hound"}, {"majority_label": "basset_hound", "img_confidence": 0.75, "path": "https:/cu-visualab.org/oracle_query/S2/imgs/setA1/study/dogs/dog_A__152__dr5.png", "img_correctness": 0.75, "img_name": "static/imgs/study/dogs/basset_hound__152__dr5.png", "actual_label": "basset_hound"}, {"majority_label": "basset_hound", "img_confidence": 0.625, "path": "https:/cu-visualab.org/oracle_query/S2/imgs/setA1/study/dogs/dog_A__169__dr10.png", "img_correctness": 0.625, "img_name": "static/imgs/study/dogs/basset_hound__169__dr10.png", "actual_label": "basset_hound"}, {"majority_label": "basset_hound", "img_confidence": 0.75, "path": "https:/cu-visualab.org/oracle_query/S2/imgs/setA1/study/dogs/dog_A__144__dr7.png", "img_correctness": 0.75, "img_name": "static/imgs/study/dogs/basset_hound__144__dr7.png", "actual_label": "basset_hound"}, {"majority_label": "basset_hound", "img_confidence": 0.5, "path": "https:/cu-visualab.org/oracle_query/S2/imgs/setA1/study/dogs/dog_B__126__dr7.png", "img_correctness": 0.5, "img_name": "static/imgs/study/dogs/saint_bernard__126__dr7.png", "actual_label": "saint_bernard"}, {"majority_label": "basset_hound", "img_confidence": 0.625, "path": "https:/cu-visualab.org/oracle_query/S2/imgs/setA1/study/dogs/dog_A__137__dr5.png", "img_correctness": 0.625, "img_name": "static/imgs/study/dogs/basset_hound__137__dr5.png", "actual_label": "basset_hound"}, {"majority_label": "basset_hound", "img_confidence": 0.75, "path": "https:/cu-visualab.org/oracle_query/S2/imgs/setA1/study/dogs/dog_A__76__dr5.png", "img_correctness": 0.75, "img_name": "static/imgs/study/dogs/basset_hound__76__dr5.png", "actual_label": "basset_hound"}, {"majority_label": "saint_bernard", "img_confidence": 0.625, "path": "https:/cu-visualab.org/oracle_query/S2/imgs/setA1/study/dogs/dog_B__124__dr10.png", "img_correctness": 0.625, "img_name": "static/imgs/study/dogs/saint_bernard__124__dr10.png", "actual_label": "saint_bernard"}, {"majority_label": "basset_hound", "img_confidence": 0.75, "path": "https:/cu-visualab.org/oracle_query/S2/imgs/setA1/study/dogs/dog_A__111__dr7.png", "img_correctness": 0.75, "img_name": "static/imgs/study/dogs/basset_hound__111__dr7.png", "actual_label": "basset_hound"}, {"majority_label": "saint_bernard", "img_confidence": 0.75, "path": "https:/cu-visualab.org/oracle_query/S2/imgs/setA1/study/dogs/dog_B__171__dr10.png", "img_correctness": 0.75, "img_name": "static/imgs/study/dogs/saint_bernard__171__dr10.png", "actual_label": "saint_bernard"}, {"majority_label": "basset_hound", "img_confidence": 0.625, "path": "https:/cu-visualab.org/oracle_query/S2/imgs/setA1/study/dogs/dog_A__164__dr7.png", "img_correctness": 0.625, "img_name": "static/imgs/study/dogs/basset_hound__164__dr7.png", "actual_label": "basset_hound"}, {"majority_label": "saint_bernard", "img_confidence": 0.625, "path": "https:/cu-visualab.org/oracle_query/S2/imgs/setA1/study/dogs/dog_B__96__dr10.png", "img_correctness": 0.625, "img_name": "static/imgs/study/dogs/saint_bernard__96__dr10.png", "actual_label": "saint_bernard"}, {"majority_label": "basset_hound", "img_confidence": 0.5, "path": "https:/cu-visualab.org/oracle_query/S2/imgs/setA1/study/dogs/dog_A__111__dr10.png", "img_correctness": 0.5, "img_name": "static/imgs/study/dogs/basset_hound__111__dr10.png", "actual_label": "basset_hound"}, {"majority_label": "basset_hound", "img_confidence": 0.5, "path": "https:/cu-visualab.org/oracle_query/S2/imgs/setA1/study/dogs/dog_A__103__dr10.png", "img_correctness": 0.5, "img_name": "static/imgs/study/dogs/basset_hound__103__dr10.png", "actual_label": "basset_hound"}, {"majority_label": "basset_hound", "img_confidence": 0.5, "path": "https:/cu-visualab.org/oracle_query/S2/imgs/setA1/study/dogs/dog_A__76__dr10.png", "img_correctness": 0.5, "img_name": "static/imgs/study/dogs/basset_hound__76__dr10.png", "actual_label": "basset_hound"}, {"majority_label": "basset_hound", "img_confidence": 0.5, "path": "https:/cu-visualab.org/oracle_query/S2/imgs/setA1/study/dogs/dog_A__152__dr7.png", "img_correctness": 0.5, "img_name": "static/imgs/study/dogs/basset_hound__152__dr7.png", "actual_label": "basset_hound"}, {"majority_label": "basset_hound", "img_confidence": 0.75, "path": "https:/cu-visualab.org/oracle_query/S2/imgs/setA1/study/dogs/dog_A__103__dr5.png", "img_correctness": 0.75, "img_name": "static/imgs/study/dogs/basset_hound__103__dr5.png", "actual_label": "basset_hound"}]}