{"test": [{"majority_label": "great_pyrenees", "secure_path": "https:/cu-visualab.org/oracle_query/S2/imgs/setC1/study/dogs/dog_A__78__dr7.png", "active": true, "img_confidence": 0.6666666666666666, "path": "http:/cu-visualab.org/oracle_query/S2/imgs/setC1/study/dogs/dog_A__78__dr7.png", "img_correctness": 0.6666666666666666, "img_name": "static/imgs/study/dogs/great_pyrenees__78__dr7.png", "actual_label": "great_pyrenees"}, {"majority_label": "havanese", "secure_path": "https:/cu-visualab.org/oracle_query/S2/imgs/setC1/study/dogs/dog_B__162__dr7.png", "active": true, "img_confidence": 0.8333333333333334, "path": "http:/cu-visualab.org/oracle_query/S2/imgs/setC1/study/dogs/dog_B__162__dr7.png", "img_correctness": 0.8333333333333334, "img_name": "static/imgs/study/dogs/havanese__162__dr7.png", "actual_label": "havanese"}, {"majority_label": "great_pyrenees", "secure_path": "https:/cu-visualab.org/oracle_query/S2/imgs/setC1/study/dogs/dog_A__155__dr2.png", "active": true, "img_confidence": 0.8333333333333334, "path": "http:/cu-visualab.org/oracle_query/S2/imgs/setC1/study/dogs/dog_A__155__dr2.png", "img_correctness": 0.8333333333333334, "img_name": "static/imgs/study/dogs/great_pyrenees__155__dr2.png", "actual_label": "great_pyrenees"}, {"majority_label": "great_pyrenees", "secure_path": "https:/cu-visualab.org/oracle_query/S2/imgs/setC1/study/dogs/dog_A__155__dr5.png", "active": true, "img_confidence": 0.8333333333333334, "path": "http:/cu-visualab.org/oracle_query/S2/imgs/setC1/study/dogs/dog_A__155__dr5.png", "img_correctness": 0.8333333333333334, "img_name": "static/imgs/study/dogs/great_pyrenees__155__dr5.png", "actual_label": "great_pyrenees"}, {"majority_label": "great_pyrenees", "secure_path": "https:/cu-visualab.org/oracle_query/S2/imgs/setC1/study/dogs/dog_B__162__dr10.png", "active": true, "img_confidence": 0.5, "path": "http:/cu-visualab.org/oracle_query/S2/imgs/setC1/study/dogs/dog_B__162__dr10.png", "img_correctness": 0.5, "img_name": "static/imgs/study/dogs/havanese__162__dr10.png", "actual_label": "havanese"}, {"majority_label": "great_pyrenees", "secure_path": "https:/cu-visualab.org/oracle_query/S2/imgs/setC1/study/dogs/dog_A__127__dr7.png", "active": true, "img_confidence": 0.6666666666666666, "path": "http:/cu-visualab.org/oracle_query/S2/imgs/setC1/study/dogs/dog_A__127__dr7.png", "img_correctness": 0.6666666666666666, "img_name": "static/imgs/study/dogs/great_pyrenees__127__dr7.png", "actual_label": "great_pyrenees"}, {"majority_label": "great_pyrenees", "secure_path": "https:/cu-visualab.org/oracle_query/S2/imgs/setC1/study/dogs/dog_A__27__dr10.png", "active": true, "img_confidence": 0.8333333333333334, "path": "http:/cu-visualab.org/oracle_query/S2/imgs/setC1/study/dogs/dog_A__27__dr10.png", "img_correctness": 0.8333333333333334, "img_name": "static/imgs/study/dogs/great_pyrenees__27__dr10.png", "actual_label": "great_pyrenees"}, {"majority_label": "great_pyrenees", "secure_path": "https:/cu-visualab.org/oracle_query/S2/imgs/setC1/study/dogs/dog_A__103__dr2.png", "active": true, "img_confidence": 0.8333333333333334, "path": "http:/cu-visualab.org/oracle_query/S2/imgs/setC1/study/dogs/dog_A__103__dr2.png", "img_correctness": 0.8333333333333334, "img_name": "static/imgs/study/dogs/great_pyrenees__103__dr2.png", "actual_label": "great_pyrenees"}, {"majority_label": "great_pyrenees", "secure_path": "https:/cu-visualab.org/oracle_query/S2/imgs/setC1/study/dogs/dog_A__155__dr7.png", "active": true, "img_confidence": 1.0, "path": "http:/cu-visualab.org/oracle_query/S2/imgs/setC1/study/dogs/dog_A__155__dr7.png", "img_correctness": 1.0, "img_name": "static/imgs/study/dogs/great_pyrenees__155__dr7.png", "actual_label": "great_pyrenees"}, {"majority_label": "great_pyrenees", "secure_path": "https:/cu-visualab.org/oracle_query/S2/imgs/setC1/study/dogs/dog_A__37__dr7.png", "active": true, "img_confidence": 1.0, "path": "http:/cu-visualab.org/oracle_query/S2/imgs/setC1/study/dogs/dog_A__37__dr7.png", "img_correctness": 1.0, "img_name": "static/imgs/study/dogs/great_pyrenees__37__dr7.png", "actual_label": "great_pyrenees"}, {"majority_label": "great_pyrenees", "secure_path": "https:/cu-visualab.org/oracle_query/S2/imgs/setC1/study/dogs/dog_A__78__dr5.png", "active": true, "img_confidence": 0.8333333333333334, "path": "http:/cu-visualab.org/oracle_query/S2/imgs/setC1/study/dogs/dog_A__78__dr5.png", "img_correctness": 0.8333333333333334, "img_name": "static/imgs/study/dogs/great_pyrenees__78__dr5.png", "actual_label": "great_pyrenees"}, {"majority_label": "great_pyrenees", "secure_path": "https:/cu-visualab.org/oracle_query/S2/imgs/setC1/study/dogs/dog_B__58__dr7.png", "active": true, "img_confidence": 0.5, "path": "http:/cu-visualab.org/oracle_query/S2/imgs/setC1/study/dogs/dog_B__58__dr7.png", "img_correctness": 0.5, "img_name": "static/imgs/study/dogs/havanese__58__dr7.png", "actual_label": "havanese"}, {"majority_label": "havanese", "secure_path": "https:/cu-visualab.org/oracle_query/S2/imgs/setC1/study/dogs/dog_B__46__dr5.png", "active": true, "img_confidence": 0.6666666666666666, "path": "http:/cu-visualab.org/oracle_query/S2/imgs/setC1/study/dogs/dog_B__46__dr5.png", "img_correctness": 0.6666666666666666, "img_name": "static/imgs/study/dogs/havanese__46__dr5.png", "actual_label": "havanese"}, {"majority_label": "great_pyrenees", "secure_path": "https:/cu-visualab.org/oracle_query/S2/imgs/setC1/study/dogs/dog_A__78__dr10.png", "active": true, "img_confidence": 0.5, "path": "http:/cu-visualab.org/oracle_query/S2/imgs/setC1/study/dogs/dog_A__78__dr10.png", "img_correctness": 0.5, "img_name": "static/imgs/study/dogs/great_pyrenees__78__dr10.png", "actual_label": "great_pyrenees"}, {"majority_label": "havanese", "secure_path": "https:/cu-visualab.org/oracle_query/S2/imgs/setC1/study/dogs/dog_B__142__dr10.png", "active": true, "img_confidence": 0.6666666666666666, "path": "http:/cu-visualab.org/oracle_query/S2/imgs/setC1/study/dogs/dog_B__142__dr10.png", "img_correctness": 0.6666666666666666, "img_name": "static/imgs/study/dogs/havanese__142__dr10.png", "actual_label": "havanese"}, {"majority_label": "great_pyrenees", "secure_path": "https:/cu-visualab.org/oracle_query/S2/imgs/setC1/study/dogs/dog_A__177__dr2.png", "active": true, "img_confidence": 0.8333333333333334, "path": "http:/cu-visualab.org/oracle_query/S2/imgs/setC1/study/dogs/dog_A__177__dr2.png", "img_correctness": 0.8333333333333334, "img_name": "static/imgs/study/dogs/great_pyrenees__177__dr2.png", "actual_label": "great_pyrenees"}, {"majority_label": "havanese", "secure_path": "https:/cu-visualab.org/oracle_query/S2/imgs/setC1/study/dogs/dog_B__173__dr5.png", "active": true, "img_confidence": 0.8333333333333334, "path": "http:/cu-visualab.org/oracle_query/S2/imgs/setC1/study/dogs/dog_B__173__dr5.png", "img_correctness": 0.8333333333333334, "img_name": "static/imgs/study/dogs/havanese__173__dr5.png", "actual_label": "havanese"}, {"majority_label": "great_pyrenees", "secure_path": "https:/cu-visualab.org/oracle_query/S2/imgs/setC1/study/dogs/dog_A__67__dr10.png", "active": true, "img_confidence": 0.6666666666666666, "path": "http:/cu-visualab.org/oracle_query/S2/imgs/setC1/study/dogs/dog_A__67__dr10.png", "img_correctness": 0.6666666666666666, "img_name": "static/imgs/study/dogs/great_pyrenees__67__dr10.png", "actual_label": "great_pyrenees"}, {"majority_label": "havanese", "secure_path": "https:/cu-visualab.org/oracle_query/S2/imgs/setC1/study/dogs/dog_B__142__dr7.png", "active": true, "img_confidence": 0.6666666666666666, "path": "http:/cu-visualab.org/oracle_query/S2/imgs/setC1/study/dogs/dog_B__142__dr7.png", "img_correctness": 0.6666666666666666, "img_name": "static/imgs/study/dogs/havanese__142__dr7.png", "actual_label": "havanese"}, {"majority_label": "great_pyrenees", "secure_path": "https:/cu-visualab.org/oracle_query/S2/imgs/setC1/study/dogs/dog_A__38__dr5.png", "active": true, "img_confidence": 0.8333333333333334, "path": "http:/cu-visualab.org/oracle_query/S2/imgs/setC1/study/dogs/dog_A__38__dr5.png", "img_correctness": 0.8333333333333334, "img_name": "static/imgs/study/dogs/great_pyrenees__38__dr5.png", "actual_label": "great_pyrenees"}, {"majority_label": "great_pyrenees", "secure_path": "https:/cu-visualab.org/oracle_query/S2/imgs/setC1/study/dogs/dog_A__67__dr2.png", "active": true, "img_confidence": 0.8333333333333334, "path": "http:/cu-visualab.org/oracle_query/S2/imgs/setC1/study/dogs/dog_A__67__dr2.png", "img_correctness": 0.8333333333333334, "img_name": "static/imgs/study/dogs/great_pyrenees__67__dr2.png", "actual_label": "great_pyrenees"}, {"majority_label": "havanese", "secure_path": "https:/cu-visualab.org/oracle_query/S2/imgs/setC1/study/dogs/dog_B__129__dr7.png", "active": true, "img_confidence": 1.0, "path": "http:/cu-visualab.org/oracle_query/S2/imgs/setC1/study/dogs/dog_B__129__dr7.png", "img_correctness": 1.0, "img_name": "static/imgs/study/dogs/havanese__129__dr7.png", "actual_label": "havanese"}, {"majority_label": "havanese", "secure_path": "https:/cu-visualab.org/oracle_query/S2/imgs/setC1/study/dogs/dog_B__89__dr10.png", "active": true, "img_confidence": 0.8333333333333334, "path": "http:/cu-visualab.org/oracle_query/S2/imgs/setC1/study/dogs/dog_B__89__dr10.png", "img_correctness": 0.8333333333333334, "img_name": "static/imgs/study/dogs/havanese__89__dr10.png", "actual_label": "havanese"}, {"majority_label": "great_pyrenees", "secure_path": "https:/cu-visualab.org/oracle_query/S2/imgs/setC1/study/dogs/dog_A__37__dr2.png", "active": true, "img_confidence": 1.0, "path": "http:/cu-visualab.org/oracle_query/S2/imgs/setC1/study/dogs/dog_A__37__dr2.png", "img_correctness": 1.0, "img_name": "static/imgs/study/dogs/great_pyrenees__37__dr2.png", "actual_label": "great_pyrenees"}, {"majority_label": "great_pyrenees", "secure_path": "https:/cu-visualab.org/oracle_query/S2/imgs/setC1/study/dogs/dog_A__78__dr2.png", "active": true, "img_confidence": 0.8333333333333334, "path": "http:/cu-visualab.org/oracle_query/S2/imgs/setC1/study/dogs/dog_A__78__dr2.png", "img_correctness": 0.8333333333333334, "img_name": "static/imgs/study/dogs/great_pyrenees__78__dr2.png", "actual_label": "great_pyrenees"}, {"majority_label": "havanese", "secure_path": "https:/cu-visualab.org/oracle_query/S2/imgs/setC2/study/dogs/dog_A__88__dr10.png", "active": false, "img_confidence": 1.0, "path": "http:/cu-visualab.org/oracle_query/S2/imgs/setC2/study/dogs/dog_A__88__dr10.png", "img_correctness": 1.0, "img_name": "static/imgs/study/dogs/havanese__88__dr10.png", "actual_label": "havanese"}, {"majority_label": "havanese", "secure_path": "https:/cu-visualab.org/oracle_query/S2/imgs/setC2/study/dogs/dog_A__84__dr2.png", "active": false, "img_confidence": 1.0, "path": "http:/cu-visualab.org/oracle_query/S2/imgs/setC2/study/dogs/dog_A__84__dr2.png", "img_correctness": 1.0, "img_name": "static/imgs/study/dogs/havanese__84__dr2.png", "actual_label": "havanese"}, {"majority_label": "havanese", "secure_path": "https:/cu-visualab.org/oracle_query/S2/imgs/setC2/study/dogs/dog_B__189__dr10.png", "active": false, "img_confidence": 0.5, "path": "http:/cu-visualab.org/oracle_query/S2/imgs/setC2/study/dogs/dog_B__189__dr10.png", "img_correctness": 0.5, "img_name": "static/imgs/study/dogs/great_pyrenees__189__dr10.png", "actual_label": "great_pyrenees"}, {"majority_label": "havanese", "secure_path": "https:/cu-visualab.org/oracle_query/S2/imgs/setC2/study/dogs/dog_A__71__dr7.png", "active": false, "img_confidence": 1.0, "path": "http:/cu-visualab.org/oracle_query/S2/imgs/setC2/study/dogs/dog_A__71__dr7.png", "img_correctness": 1.0, "img_name": "static/imgs/study/dogs/havanese__71__dr7.png", "actual_label": "havanese"}, {"majority_label": "havanese", "secure_path": "https:/cu-visualab.org/oracle_query/S2/imgs/setC2/study/dogs/dog_A__181__dr2.png", "active": false, "img_confidence": 1.0, "path": "http:/cu-visualab.org/oracle_query/S2/imgs/setC2/study/dogs/dog_A__181__dr2.png", "img_correctness": 1.0, "img_name": "static/imgs/study/dogs/havanese__181__dr2.png", "actual_label": "havanese"}, {"majority_label": "havanese", "secure_path": "https:/cu-visualab.org/oracle_query/S2/imgs/setC2/study/dogs/dog_A__113__dr5.png", "active": false, "img_confidence": 1.0, "path": "http:/cu-visualab.org/oracle_query/S2/imgs/setC2/study/dogs/dog_A__113__dr5.png", "img_correctness": 1.0, "img_name": "static/imgs/study/dogs/havanese__113__dr5.png", "actual_label": "havanese"}, {"majority_label": "havanese", "secure_path": "https:/cu-visualab.org/oracle_query/S2/imgs/setC2/study/dogs/dog_A__133__dr2.png", "active": false, "img_confidence": 1.0, "path": "http:/cu-visualab.org/oracle_query/S2/imgs/setC2/study/dogs/dog_A__133__dr2.png", "img_correctness": 1.0, "img_name": "static/imgs/study/dogs/havanese__133__dr2.png", "actual_label": "havanese"}, {"majority_label": "havanese", "secure_path": "https:/cu-visualab.org/oracle_query/S2/imgs/setC2/study/dogs/dog_B__87__dr10.png", "active": false, "img_confidence": 0.5, "path": "http:/cu-visualab.org/oracle_query/S2/imgs/setC2/study/dogs/dog_B__87__dr10.png", "img_correctness": 0.5, "img_name": "static/imgs/study/dogs/great_pyrenees__87__dr10.png", "actual_label": "great_pyrenees"}, {"majority_label": "great_pyrenees", "secure_path": "https:/cu-visualab.org/oracle_query/S2/imgs/setC2/study/dogs/dog_B__31__dr10.png", "active": false, "img_confidence": 1.0, "path": "http:/cu-visualab.org/oracle_query/S2/imgs/setC2/study/dogs/dog_B__31__dr10.png", "img_correctness": 1.0, "img_name": "static/imgs/study/dogs/great_pyrenees__31__dr10.png", "actual_label": "great_pyrenees"}, {"majority_label": "havanese", "secure_path": "https:/cu-visualab.org/oracle_query/S2/imgs/setC2/study/dogs/dog_A__38__dr5.png", "active": false, "img_confidence": 0.75, "path": "http:/cu-visualab.org/oracle_query/S2/imgs/setC2/study/dogs/dog_A__38__dr5.png", "img_correctness": 0.75, "img_name": "static/imgs/study/dogs/havanese__38__dr5.png", "actual_label": "havanese"}, {"majority_label": "havanese", "secure_path": "https:/cu-visualab.org/oracle_query/S2/imgs/setC2/study/dogs/dog_A__133__dr10.png", "active": false, "img_confidence": 1.0, "path": "http:/cu-visualab.org/oracle_query/S2/imgs/setC2/study/dogs/dog_A__133__dr10.png", "img_correctness": 1.0, "img_name": "static/imgs/study/dogs/havanese__133__dr10.png", "actual_label": "havanese"}, {"majority_label": "havanese", "secure_path": "https:/cu-visualab.org/oracle_query/S2/imgs/setC2/study/dogs/dog_A__133__dr5.png", "active": false, "img_confidence": 0.75, "path": "http:/cu-visualab.org/oracle_query/S2/imgs/setC2/study/dogs/dog_A__133__dr5.png", "img_correctness": 0.75, "img_name": "static/imgs/study/dogs/havanese__133__dr5.png", "actual_label": "havanese"}, {"majority_label": "great_pyrenees", "secure_path": "https:/cu-visualab.org/oracle_query/S2/imgs/setC2/study/dogs/dog_B__189__dr7.png", "active": false, "img_confidence": 1.0, "path": "http:/cu-visualab.org/oracle_query/S2/imgs/setC2/study/dogs/dog_B__189__dr7.png", "img_correctness": 1.0, "img_name": "static/imgs/study/dogs/great_pyrenees__189__dr7.png", "actual_label": "great_pyrenees"}, {"majority_label": "havanese", "secure_path": "https:/cu-visualab.org/oracle_query/S2/imgs/setC2/study/dogs/dog_A__170__dr7.png", "active": false, "img_confidence": 0.75, "path": "http:/cu-visualab.org/oracle_query/S2/imgs/setC2/study/dogs/dog_A__170__dr7.png", "img_correctness": 0.75, "img_name": "static/imgs/study/dogs/havanese__170__dr7.png", "actual_label": "havanese"}, {"majority_label": "havanese", "secure_path": "https:/cu-visualab.org/oracle_query/S2/imgs/setC2/study/dogs/dog_A__88__dr5.png", "active": false, "img_confidence": 1.0, "path": "http:/cu-visualab.org/oracle_query/S2/imgs/setC2/study/dogs/dog_A__88__dr5.png", "img_correctness": 1.0, "img_name": "static/imgs/study/dogs/havanese__88__dr5.png", "actual_label": "havanese"}, {"majority_label": "havanese", "secure_path": "https:/cu-visualab.org/oracle_query/S2/imgs/setC2/study/dogs/dog_A__38__dr10.png", "active": false, "img_confidence": 0.5, "path": "http:/cu-visualab.org/oracle_query/S2/imgs/setC2/study/dogs/dog_A__38__dr10.png", "img_correctness": 0.5, "img_name": "static/imgs/study/dogs/havanese__38__dr10.png", "actual_label": "havanese"}, {"majority_label": "havanese", "secure_path": "https:/cu-visualab.org/oracle_query/S2/imgs/setC2/study/dogs/dog_A__71__dr10.png", "active": false, "img_confidence": 1.0, "path": "http:/cu-visualab.org/oracle_query/S2/imgs/setC2/study/dogs/dog_A__71__dr10.png", "img_correctness": 1.0, "img_name": "static/imgs/study/dogs/havanese__71__dr10.png", "actual_label": "havanese"}, {"majority_label": "havanese", "secure_path": "https:/cu-visualab.org/oracle_query/S2/imgs/setC2/study/dogs/dog_A__177__dr10.png", "active": false, "img_confidence": 0.75, "path": "http:/cu-visualab.org/oracle_query/S2/imgs/setC2/study/dogs/dog_A__177__dr10.png", "img_correctness": 0.75, "img_name": "static/imgs/study/dogs/havanese__177__dr10.png", "actual_label": "havanese"}, {"majority_label": "great_pyrenees", "secure_path": "https:/cu-visualab.org/oracle_query/S2/imgs/setC2/study/dogs/dog_B__74__dr7.png", "active": false, "img_confidence": 0.75, "path": "http:/cu-visualab.org/oracle_query/S2/imgs/setC2/study/dogs/dog_B__74__dr7.png", "img_correctness": 0.75, "img_name": "static/imgs/study/dogs/great_pyrenees__74__dr7.png", "actual_label": "great_pyrenees"}, {"majority_label": "havanese", "secure_path": "https:/cu-visualab.org/oracle_query/S2/imgs/setC2/study/dogs/dog_A__88__dr7.png", "active": false, "img_confidence": 1.0, "path": "http:/cu-visualab.org/oracle_query/S2/imgs/setC2/study/dogs/dog_A__88__dr7.png", "img_correctness": 1.0, "img_name": "static/imgs/study/dogs/havanese__88__dr7.png", "actual_label": "havanese"}, {"majority_label": "havanese", "secure_path": "https:/cu-visualab.org/oracle_query/S2/imgs/setC2/study/dogs/dog_A__90__dr7.png", "active": false, "img_confidence": 1.0, "path": "http:/cu-visualab.org/oracle_query/S2/imgs/setC2/study/dogs/dog_A__90__dr7.png", "img_correctness": 1.0, "img_name": "static/imgs/study/dogs/havanese__90__dr7.png", "actual_label": "havanese"}, {"majority_label": "havanese", "secure_path": "https:/cu-visualab.org/oracle_query/S2/imgs/setC2/study/dogs/dog_A__157__dr7.png", "active": false, "img_confidence": 1.0, "path": "http:/cu-visualab.org/oracle_query/S2/imgs/setC2/study/dogs/dog_A__157__dr7.png", "img_correctness": 1.0, "img_name": "static/imgs/study/dogs/havanese__157__dr7.png", "actual_label": "havanese"}, {"majority_label": "havanese", "secure_path": "https:/cu-visualab.org/oracle_query/S2/imgs/setC2/study/dogs/dog_A__170__dr10.png", "active": false, "img_confidence": 1.0, "path": "http:/cu-visualab.org/oracle_query/S2/imgs/setC2/study/dogs/dog_A__170__dr10.png", "img_correctness": 1.0, "img_name": "static/imgs/study/dogs/havanese__170__dr10.png", "actual_label": "havanese"}, {"majority_label": "great_pyrenees", "secure_path": "https:/cu-visualab.org/oracle_query/S2/imgs/setC2/study/dogs/dog_B__189__dr5.png", "active": false, "img_confidence": 1.0, "path": "http:/cu-visualab.org/oracle_query/S2/imgs/setC2/study/dogs/dog_B__189__dr5.png", "img_correctness": 1.0, "img_name": "static/imgs/study/dogs/great_pyrenees__189__dr5.png", "actual_label": "great_pyrenees"}, {"majority_label": "great_pyrenees", "secure_path": "https:/cu-visualab.org/oracle_query/S2/imgs/setC2/study/dogs/dog_B__87__dr7.png", "active": false, "img_confidence": 0.75, "path": "http:/cu-visualab.org/oracle_query/S2/imgs/setC2/study/dogs/dog_B__87__dr7.png", "img_correctness": 0.75, "img_name": "static/imgs/study/dogs/great_pyrenees__87__dr7.png", "actual_label": "great_pyrenees"}, {"majority_label": "havanese", "secure_path": "https:/cu-visualab.org/oracle_query/S2/imgs/setC2/study/dogs/dog_A__177__dr5.png", "active": false, "img_confidence": 0.5, "path": "http:/cu-visualab.org/oracle_query/S2/imgs/setC2/study/dogs/dog_A__177__dr5.png", "img_correctness": 0.5, "img_name": "static/imgs/study/dogs/havanese__177__dr5.png", "actual_label": "havanese"}, {"majority_label": "great_pyrenees", "secure_path": "https:/cu-visualab.org/oracle_query/S2/imgs/setC2/study/dogs/dog_B__109__dr7.png", "active": false, "img_confidence": 1.0, "path": "http:/cu-visualab.org/oracle_query/S2/imgs/setC2/study/dogs/dog_B__109__dr7.png", "img_correctness": 1.0, "img_name": "static/imgs/study/dogs/great_pyrenees__109__dr7.png", "actual_label": "great_pyrenees"}, {"majority_label": "great_pyrenees", "secure_path": "https:/cu-visualab.org/oracle_query/S2/imgs/setC2/study/dogs/dog_B__28__dr5.png", "active": false, "img_confidence": 1.0, "path": "http:/cu-visualab.org/oracle_query/S2/imgs/setC2/study/dogs/dog_B__28__dr5.png", "img_correctness": 1.0, "img_name": "static/imgs/study/dogs/great_pyrenees__28__dr5.png", "actual_label": "great_pyrenees"}, {"majority_label": "great_pyrenees", "secure_path": "https:/cu-visualab.org/oracle_query/S2/imgs/setC2/study/dogs/dog_B__31__dr7.png", "active": false, "img_confidence": 1.0, "path": "http:/cu-visualab.org/oracle_query/S2/imgs/setC2/study/dogs/dog_B__31__dr7.png", "img_correctness": 1.0, "img_name": "static/imgs/study/dogs/great_pyrenees__31__dr7.png", "actual_label": "great_pyrenees"}, {"majority_label": "great_pyrenees", "secure_path": "https:/cu-visualab.org/oracle_query/S2/imgs/setC2/study/dogs/dog_B__131__dr2.png", "active": false, "img_confidence": 1.0, "path": "http:/cu-visualab.org/oracle_query/S2/imgs/setC2/study/dogs/dog_B__131__dr2.png", "img_correctness": 1.0, "img_name": "static/imgs/study/dogs/great_pyrenees__131__dr2.png", "actual_label": "great_pyrenees"}, {"majority_label": "great_pyrenees", "secure_path": "https:/cu-visualab.org/oracle_query/S2/imgs/setC2/study/dogs/dog_B__109__dr5.png", "active": false, "img_confidence": 0.75, "path": "http:/cu-visualab.org/oracle_query/S2/imgs/setC2/study/dogs/dog_B__109__dr5.png", "img_correctness": 0.75, "img_name": "static/imgs/study/dogs/great_pyrenees__109__dr5.png", "actual_label": "great_pyrenees"}, {"majority_label": "great_pyrenees", "secure_path": "https:/cu-visualab.org/oracle_query/S2/imgs/setC2/study/dogs/dog_B__176__dr7.png", "active": false, "img_confidence": 0.75, "path": "http:/cu-visualab.org/oracle_query/S2/imgs/setC2/study/dogs/dog_B__176__dr7.png", "img_correctness": 0.75, "img_name": "static/imgs/study/dogs/great_pyrenees__176__dr7.png", "actual_label": "great_pyrenees"}, {"majority_label": "havanese", "secure_path": "https:/cu-visualab.org/oracle_query/S2/imgs/setC2/study/dogs/dog_A__38__dr7.png", "active": false, "img_confidence": 0.5, "path": "http:/cu-visualab.org/oracle_query/S2/imgs/setC2/study/dogs/dog_A__38__dr7.png", "img_correctness": 0.5, "img_name": "static/imgs/study/dogs/havanese__38__dr7.png", "actual_label": "havanese"}, {"majority_label": "havanese", "secure_path": "https:/cu-visualab.org/oracle_query/S2/imgs/setC2/study/dogs/dog_A__11__dr7.png", "active": false, "img_confidence": 0.5, "path": "http:/cu-visualab.org/oracle_query/S2/imgs/setC2/study/dogs/dog_A__11__dr7.png", "img_correctness": 0.5, "img_name": "static/imgs/study/dogs/havanese__11__dr7.png", "actual_label": "havanese"}, {"majority_label": "great_pyrenees", "secure_path": "https:/cu-visualab.org/oracle_query/S2/imgs/setC2/study/dogs/dog_B__31__dr5.png", "active": false, "img_confidence": 1.0, "path": "http:/cu-visualab.org/oracle_query/S2/imgs/setC2/study/dogs/dog_B__31__dr5.png", "img_correctness": 1.0, "img_name": "static/imgs/study/dogs/great_pyrenees__31__dr5.png", "actual_label": "great_pyrenees"}, {"majority_label": "havanese", "secure_path": "https:/cu-visualab.org/oracle_query/S2/imgs/setC2/study/dogs/dog_A__157__dr2.png", "active": false, "img_confidence": 1.0, "path": "http:/cu-visualab.org/oracle_query/S2/imgs/setC2/study/dogs/dog_A__157__dr2.png", "img_correctness": 1.0, "img_name": "static/imgs/study/dogs/havanese__157__dr2.png", "actual_label": "havanese"}, {"majority_label": "havanese", "secure_path": "https:/cu-visualab.org/oracle_query/S2/imgs/setC2/study/dogs/dog_A__90__dr2.png", "active": false, "img_confidence": 1.0, "path": "http:/cu-visualab.org/oracle_query/S2/imgs/setC2/study/dogs/dog_A__90__dr2.png", "img_correctness": 1.0, "img_name": "static/imgs/study/dogs/havanese__90__dr2.png", "actual_label": "havanese"}, {"majority_label": "great_pyrenees", "secure_path": "https:/cu-visualab.org/oracle_query/S2/imgs/setC2/study/dogs/dog_B__131__dr5.png", "active": false, "img_confidence": 1.0, "path": "http:/cu-visualab.org/oracle_query/S2/imgs/setC2/study/dogs/dog_B__131__dr5.png", "img_correctness": 1.0, "img_name": "static/imgs/study/dogs/great_pyrenees__131__dr5.png", "actual_label": "great_pyrenees"}, {"majority_label": "great_pyrenees", "secure_path": "https:/cu-visualab.org/oracle_query/S2/imgs/setC2/study/dogs/dog_B__160__dr2.png", "active": false, "img_confidence": 1.0, "path": "http:/cu-visualab.org/oracle_query/S2/imgs/setC2/study/dogs/dog_B__160__dr2.png", "img_correctness": 1.0, "img_name": "static/imgs/study/dogs/great_pyrenees__160__dr2.png", "actual_label": "great_pyrenees"}, {"majority_label": "great_pyrenees", "secure_path": "https:/cu-visualab.org/oracle_query/S2/imgs/setC2/study/dogs/dog_B__176__dr2.png", "active": false, "img_confidence": 0.75, "path": "http:/cu-visualab.org/oracle_query/S2/imgs/setC2/study/dogs/dog_B__176__dr2.png", "img_correctness": 0.75, "img_name": "static/imgs/study/dogs/great_pyrenees__176__dr2.png", "actual_label": "great_pyrenees"}, {"majority_label": "havanese", "secure_path": "https:/cu-visualab.org/oracle_query/S2/imgs/setC2/study/dogs/dog_A__157__dr10.png", "active": false, "img_confidence": 1.0, "path": "http:/cu-visualab.org/oracle_query/S2/imgs/setC2/study/dogs/dog_A__157__dr10.png", "img_correctness": 1.0, "img_name": "static/imgs/study/dogs/havanese__157__dr10.png", "actual_label": "havanese"}, {"majority_label": "havanese", "secure_path": "https:/cu-visualab.org/oracle_query/S2/imgs/setC2/study/dogs/dog_A__90__dr10.png", "active": false, "img_confidence": 1.0, "path": "http:/cu-visualab.org/oracle_query/S2/imgs/setC2/study/dogs/dog_A__90__dr10.png", "img_correctness": 1.0, "img_name": "static/imgs/study/dogs/havanese__90__dr10.png", "actual_label": "havanese"}, {"majority_label": "havanese", "secure_path": "https:/cu-visualab.org/oracle_query/S2/imgs/setC2/study/dogs/dog_A__11__dr2.png", "active": false, "img_confidence": 0.75, "path": "http:/cu-visualab.org/oracle_query/S2/imgs/setC2/study/dogs/dog_A__11__dr2.png", "img_correctness": 0.75, "img_name": "static/imgs/study/dogs/havanese__11__dr2.png", "actual_label": "havanese"}, {"majority_label": "havanese", "secure_path": "https:/cu-visualab.org/oracle_query/S2/imgs/setC2/study/dogs/dog_A__181__dr10.png", "active": false, "img_confidence": 1.0, "path": "http:/cu-visualab.org/oracle_query/S2/imgs/setC2/study/dogs/dog_A__181__dr10.png", "img_correctness": 1.0, "img_name": "static/imgs/study/dogs/havanese__181__dr10.png", "actual_label": "havanese"}, {"majority_label": "havanese", "secure_path": "https:/cu-visualab.org/oracle_query/S2/imgs/setC2/study/dogs/dog_A__181__dr5.png", "active": false, "img_confidence": 0.75, "path": "http:/cu-visualab.org/oracle_query/S2/imgs/setC2/study/dogs/dog_A__181__dr5.png", "img_correctness": 0.75, "img_name": "static/imgs/study/dogs/havanese__181__dr5.png", "actual_label": "havanese"}, {"majority_label": "havanese", "secure_path": "https:/cu-visualab.org/oracle_query/S2/imgs/setC2/study/dogs/dog_A__113__dr2.png", "active": false, "img_confidence": 1.0, "path": "http:/cu-visualab.org/oracle_query/S2/imgs/setC2/study/dogs/dog_A__113__dr2.png", "img_correctness": 1.0, "img_name": "static/imgs/study/dogs/havanese__113__dr2.png", "actual_label": "havanese"}, {"majority_label": "great_pyrenees", "secure_path": "https:/cu-visualab.org/oracle_query/S2/imgs/setC2/study/dogs/dog_B__74__dr5.png", "active": false, "img_confidence": 1.0, "path": "http:/cu-visualab.org/oracle_query/S2/imgs/setC2/study/dogs/dog_B__74__dr5.png", "img_correctness": 1.0, "img_name": "static/imgs/study/dogs/great_pyrenees__74__dr5.png", "actual_label": "great_pyrenees"}, {"majority_label": "havanese", "secure_path": "https:/cu-visualab.org/oracle_query/S2/imgs/setC2/study/dogs/dog_A__181__dr7.png", "active": false, "img_confidence": 0.75, "path": "http:/cu-visualab.org/oracle_query/S2/imgs/setC2/study/dogs/dog_A__181__dr7.png", "img_correctness": 0.75, "img_name": "static/imgs/study/dogs/havanese__181__dr7.png", "actual_label": "havanese"}, {"majority_label": "great_pyrenees", "secure_path": "https:/cu-visualab.org/oracle_query/S2/imgs/setC2/study/dogs/dog_B__160__dr5.png", "active": false, "img_confidence": 0.75, "path": "http:/cu-visualab.org/oracle_query/S2/imgs/setC2/study/dogs/dog_B__160__dr5.png", "img_correctness": 0.75, "img_name": "static/imgs/study/dogs/great_pyrenees__160__dr5.png", "actual_label": "great_pyrenees"}, {"majority_label": "havanese", "secure_path": "https:/cu-visualab.org/oracle_query/S2/imgs/setC2/study/dogs/dog_A__170__dr2.png", "active": false, "img_confidence": 0.75, "path": "http:/cu-visualab.org/oracle_query/S2/imgs/setC2/study/dogs/dog_A__170__dr2.png", "img_correctness": 0.75, "img_name": "static/imgs/study/dogs/havanese__170__dr2.png", "actual_label": "havanese"}, {"majority_label": "havanese", "secure_path": "https:/cu-visualab.org/oracle_query/S2/imgs/setC2/study/dogs/dog_B__74__dr10.png", "active": false, "img_confidence": 0.5, "path": "http:/cu-visualab.org/oracle_query/S2/imgs/setC2/study/dogs/dog_B__74__dr10.png", "img_correctness": 0.5, "img_name": "static/imgs/study/dogs/great_pyrenees__74__dr10.png", "actual_label": "great_pyrenees"}, {"majority_label": "havanese", "secure_path": "https:/cu-visualab.org/oracle_query/S2/imgs/setC2/study/dogs/dog_A__11__dr10.png", "active": false, "img_confidence": 0.5, "path": "http:/cu-visualab.org/oracle_query/S2/imgs/setC2/study/dogs/dog_A__11__dr10.png", "img_correctness": 0.5, "img_name": "static/imgs/study/dogs/havanese__11__dr10.png", "actual_label": "havanese"}, {"majority_label": "havanese", "secure_path": "https:/cu-visualab.org/oracle_query/S2/imgs/setC2/study/dogs/dog_A__177__dr2.png", "active": false, "img_confidence": 0.5, "path": "http:/cu-visualab.org/oracle_query/S2/imgs/setC2/study/dogs/dog_A__177__dr2.png", "img_correctness": 0.5, "img_name": "static/imgs/study/dogs/havanese__177__dr2.png", "actual_label": "havanese"}, {"majority_label": "havanese", "secure_path": "https:/cu-visualab.org/oracle_query/S2/imgs/setC2/study/dogs/dog_B__176__dr10.png", "active": false, "img_confidence": 0.75, "path": "http:/cu-visualab.org/oracle_query/S2/imgs/setC2/study/dogs/dog_B__176__dr10.png", "img_correctness": 0.25, "img_name": "static/imgs/study/dogs/great_pyrenees__176__dr10.png", "actual_label": "great_pyrenees"}, {"majority_label": "great_pyrenees", "secure_path": "https:/cu-visualab.org/oracle_query/S2/imgs/setC2/study/dogs/dog_B__28__dr7.png", "active": false, "img_confidence": 0.75, "path": "http:/cu-visualab.org/oracle_query/S2/imgs/setC2/study/dogs/dog_B__28__dr7.png", "img_correctness": 0.75, "img_name": "static/imgs/study/dogs/great_pyrenees__28__dr7.png", "actual_label": "great_pyrenees"}, {"majority_label": "havanese", "secure_path": "https:/cu-visualab.org/oracle_query/S2/imgs/setC2/study/dogs/dog_A__170__dr5.png", "active": false, "img_confidence": 0.75, "path": "http:/cu-visualab.org/oracle_query/S2/imgs/setC2/study/dogs/dog_A__170__dr5.png", "img_correctness": 0.75, "img_name": "static/imgs/study/dogs/havanese__170__dr5.png", "actual_label": "havanese"}, {"majority_label": "havanese", "secure_path": "https:/cu-visualab.org/oracle_query/S2/imgs/setC2/study/dogs/dog_A__177__dr7.png", "active": false, "img_confidence": 0.75, "path": "http:/cu-visualab.org/oracle_query/S2/imgs/setC2/study/dogs/dog_A__177__dr7.png", "img_correctness": 0.75, "img_name": "static/imgs/study/dogs/havanese__177__dr7.png", "actual_label": "havanese"}, {"majority_label": "great_pyrenees", "secure_path": "https:/cu-visualab.org/oracle_query/S2/imgs/setC2/study/dogs/dog_B__176__dr5.png", "active": false, "img_confidence": 0.75, "path": "http:/cu-visualab.org/oracle_query/S2/imgs/setC2/study/dogs/dog_B__176__dr5.png", "img_correctness": 0.75, "img_name": "static/imgs/study/dogs/great_pyrenees__176__dr5.png", "actual_label": "great_pyrenees"}, {"majority_label": "havanese", "secure_path": "https:/cu-visualab.org/oracle_query/S2/imgs/setC2/study/dogs/dog_B__200__dr10.png", "active": false, "img_confidence": 0.75, "path": "http:/cu-visualab.org/oracle_query/S2/imgs/setC2/study/dogs/dog_B__200__dr10.png", "img_correctness": 0.25, "img_name": "static/imgs/study/dogs/great_pyrenees__200__dr10.png", "actual_label": "great_pyrenees"}, {"majority_label": "great_pyrenees", "secure_path": "https:/cu-visualab.org/oracle_query/S2/imgs/setC2/study/dogs/dog_B__179__dr10.png", "active": false, "img_confidence": 0.75, "path": "http:/cu-visualab.org/oracle_query/S2/imgs/setC2/study/dogs/dog_B__179__dr10.png", "img_correctness": 0.75, "img_name": "static/imgs/study/dogs/great_pyrenees__179__dr10.png", "actual_label": "great_pyrenees"}, {"majority_label": "havanese", "secure_path": "https:/cu-visualab.org/oracle_query/S2/imgs/setC2/study/dogs/dog_A__133__dr7.png", "active": false, "img_confidence": 0.75, "path": "http:/cu-visualab.org/oracle_query/S2/imgs/setC2/study/dogs/dog_A__133__dr7.png", "img_correctness": 0.75, "img_name": "static/imgs/study/dogs/havanese__133__dr7.png", "actual_label": "havanese"}, {"majority_label": "havanese", "secure_path": "https:/cu-visualab.org/oracle_query/S2/imgs/setC2/study/dogs/dog_B__80__dr10.png", "active": false, "img_confidence": 0.5, "path": "http:/cu-visualab.org/oracle_query/S2/imgs/setC2/study/dogs/dog_B__80__dr10.png", "img_correctness": 0.5, "img_name": "static/imgs/study/dogs/great_pyrenees__80__dr10.png", "actual_label": "great_pyrenees"}, {"majority_label": "great_pyrenees", "secure_path": "https:/cu-visualab.org/oracle_query/S2/imgs/setC2/study/dogs/dog_B__160__dr10.png", "active": false, "img_confidence": 0.75, "path": "http:/cu-visualab.org/oracle_query/S2/imgs/setC2/study/dogs/dog_B__160__dr10.png", "img_correctness": 0.75, "img_name": "static/imgs/study/dogs/great_pyrenees__160__dr10.png", "actual_label": "great_pyrenees"}, {"majority_label": "havanese", "secure_path": "https:/cu-visualab.org/oracle_query/S2/imgs/setC2/study/dogs/dog_B__109__dr10.png", "active": false, "img_confidence": 0.5, "path": "http:/cu-visualab.org/oracle_query/S2/imgs/setC2/study/dogs/dog_B__109__dr10.png", "img_correctness": 0.5, "img_name": "static/imgs/study/dogs/great_pyrenees__109__dr10.png", "actual_label": "great_pyrenees"}], "training": [{"majority_label": "havanese", "secure_path": "https:/cu-visualab.org/oracle_query/S2/imgs/setC1/study/dogs/dog_B__164__dr10.png", "active": true, "img_confidence": 0.6666666666666666, "path": "http:/cu-visualab.org/oracle_query/S2/imgs/setC1/study/dogs/dog_B__164__dr10.png", "img_correctness": 0.6666666666666666, "img_name": "static/imgs/study/dogs/havanese__164__dr10.png", "actual_label": "havanese"}, {"majority_label": "havanese", "secure_path": "https:/cu-visualab.org/oracle_query/S2/imgs/setC1/study/dogs/dog_B__173__dr2.png", "active": true, "img_confidence": 0.6666666666666666, "path": "http:/cu-visualab.org/oracle_query/S2/imgs/setC1/study/dogs/dog_B__173__dr2.png", "img_correctness": 0.6666666666666666, "img_name": "static/imgs/study/dogs/havanese__173__dr2.png", "actual_label": "havanese"}, {"majority_label": "havanese", "secure_path": "https:/cu-visualab.org/oracle_query/S2/imgs/setC1/study/dogs/dog_B__106__dr5.png", "active": true, "img_confidence": 0.8333333333333334, "path": "http:/cu-visualab.org/oracle_query/S2/imgs/setC1/study/dogs/dog_B__106__dr5.png", "img_correctness": 0.8333333333333334, "img_name": "static/imgs/study/dogs/havanese__106__dr5.png", "actual_label": "havanese"}, {"majority_label": "great_pyrenees", "secure_path": "https:/cu-visualab.org/oracle_query/S2/imgs/setC1/study/dogs/dog_A__14__dr10.png", "active": true, "img_confidence": 0.5, "path": "http:/cu-visualab.org/oracle_query/S2/imgs/setC1/study/dogs/dog_A__14__dr10.png", "img_correctness": 0.5, "img_name": "static/imgs/study/dogs/great_pyrenees__14__dr10.png", "actual_label": "great_pyrenees"}, {"majority_label": "great_pyrenees", "secure_path": "https:/cu-visualab.org/oracle_query/S2/imgs/setC1/study/dogs/dog_A__177__dr10.png", "active": true, "img_confidence": 0.8333333333333334, "path": "http:/cu-visualab.org/oracle_query/S2/imgs/setC1/study/dogs/dog_A__177__dr10.png", "img_correctness": 0.8333333333333334, "img_name": "static/imgs/study/dogs/great_pyrenees__177__dr10.png", "actual_label": "great_pyrenees"}, {"majority_label": "havanese", "secure_path": "https:/cu-visualab.org/oracle_query/S2/imgs/setC1/study/dogs/dog_B__129__dr2.png", "active": true, "img_confidence": 0.8333333333333334, "path": "http:/cu-visualab.org/oracle_query/S2/imgs/setC1/study/dogs/dog_B__129__dr2.png", "img_correctness": 0.8333333333333334, "img_name": "static/imgs/study/dogs/havanese__129__dr2.png", "actual_label": "havanese"}, {"majority_label": "havanese", "secure_path": "https:/cu-visualab.org/oracle_query/S2/imgs/setC1/study/dogs/dog_B__164__dr2.png", "active": true, "img_confidence": 0.8333333333333334, "path": "http:/cu-visualab.org/oracle_query/S2/imgs/setC1/study/dogs/dog_B__164__dr2.png", "img_correctness": 0.8333333333333334, "img_name": "static/imgs/study/dogs/havanese__164__dr2.png", "actual_label": "havanese"}, {"majority_label": "great_pyrenees", "secure_path": "https:/cu-visualab.org/oracle_query/S2/imgs/setC1/study/dogs/dog_A__67__dr5.png", "active": true, "img_confidence": 0.8333333333333334, "path": "http:/cu-visualab.org/oracle_query/S2/imgs/setC1/study/dogs/dog_A__67__dr5.png", "img_correctness": 0.8333333333333334, "img_name": "static/imgs/study/dogs/great_pyrenees__67__dr5.png", "actual_label": "great_pyrenees"}, {"majority_label": "great_pyrenees", "secure_path": "https:/cu-visualab.org/oracle_query/S2/imgs/setC1/study/dogs/dog_A__27__dr5.png", "active": true, "img_confidence": 1.0, "path": "http:/cu-visualab.org/oracle_query/S2/imgs/setC1/study/dogs/dog_A__27__dr5.png", "img_correctness": 1.0, "img_name": "static/imgs/study/dogs/great_pyrenees__27__dr5.png", "actual_label": "great_pyrenees"}, {"majority_label": "havanese", "secure_path": "https:/cu-visualab.org/oracle_query/S2/imgs/setC1/study/dogs/dog_B__106__dr7.png", "active": true, "img_confidence": 1.0, "path": "http:/cu-visualab.org/oracle_query/S2/imgs/setC1/study/dogs/dog_B__106__dr7.png", "img_correctness": 1.0, "img_name": "static/imgs/study/dogs/havanese__106__dr7.png", "actual_label": "havanese"}, {"majority_label": "havanese", "secure_path": "https:/cu-visualab.org/oracle_query/S2/imgs/setC1/study/dogs/dog_B__58__dr2.png", "active": true, "img_confidence": 0.8333333333333334, "path": "http:/cu-visualab.org/oracle_query/S2/imgs/setC1/study/dogs/dog_B__58__dr2.png", "img_correctness": 0.8333333333333334, "img_name": "static/imgs/study/dogs/havanese__58__dr2.png", "actual_label": "havanese"}, {"majority_label": "havanese", "secure_path": "https:/cu-visualab.org/oracle_query/S2/imgs/setC1/study/dogs/dog_B__46__dr2.png", "active": true, "img_confidence": 0.8333333333333334, "path": "http:/cu-visualab.org/oracle_query/S2/imgs/setC1/study/dogs/dog_B__46__dr2.png", "img_correctness": 0.8333333333333334, "img_name": "static/imgs/study/dogs/havanese__46__dr2.png", "actual_label": "havanese"}, {"majority_label": "great_pyrenees", "secure_path": "https:/cu-visualab.org/oracle_query/S2/imgs/setC1/study/dogs/dog_A__27__dr2.png", "active": true, "img_confidence": 1.0, "path": "http:/cu-visualab.org/oracle_query/S2/imgs/setC1/study/dogs/dog_A__27__dr2.png", "img_correctness": 1.0, "img_name": "static/imgs/study/dogs/great_pyrenees__27__dr2.png", "actual_label": "great_pyrenees"}, {"majority_label": "havanese", "secure_path": "https:/cu-visualab.org/oracle_query/S2/imgs/setC1/study/dogs/dog_B__171__dr5.png", "active": true, "img_confidence": 0.8333333333333334, "path": "http:/cu-visualab.org/oracle_query/S2/imgs/setC1/study/dogs/dog_B__171__dr5.png", "img_correctness": 0.8333333333333334, "img_name": "static/imgs/study/dogs/havanese__171__dr5.png", "actual_label": "havanese"}, {"majority_label": "great_pyrenees", "secure_path": "https:/cu-visualab.org/oracle_query/S2/imgs/setC1/study/dogs/dog_A__65__dr10.png", "active": true, "img_confidence": 0.8333333333333334, "path": "http:/cu-visualab.org/oracle_query/S2/imgs/setC1/study/dogs/dog_A__65__dr10.png", "img_correctness": 0.8333333333333334, "img_name": "static/imgs/study/dogs/great_pyrenees__65__dr10.png", "actual_label": "great_pyrenees"}, {"majority_label": "great_pyrenees", "secure_path": "https:/cu-visualab.org/oracle_query/S2/imgs/setC1/study/dogs/dog_A__135__dr7.png", "active": true, "img_confidence": 0.8333333333333334, "path": "http:/cu-visualab.org/oracle_query/S2/imgs/setC1/study/dogs/dog_A__135__dr7.png", "img_correctness": 0.8333333333333334, "img_name": "static/imgs/study/dogs/great_pyrenees__135__dr7.png", "actual_label": "great_pyrenees"}, {"majority_label": "great_pyrenees", "secure_path": "https:/cu-visualab.org/oracle_query/S2/imgs/setC1/study/dogs/dog_A__38__dr2.png", "active": true, "img_confidence": 1.0, "path": "http:/cu-visualab.org/oracle_query/S2/imgs/setC1/study/dogs/dog_A__38__dr2.png", "img_correctness": 1.0, "img_name": "static/imgs/study/dogs/great_pyrenees__38__dr2.png", "actual_label": "great_pyrenees"}, {"majority_label": "havanese", "secure_path": "https:/cu-visualab.org/oracle_query/S2/imgs/setC1/study/dogs/dog_B__174__dr7.png", "active": true, "img_confidence": 0.8333333333333334, "path": "http:/cu-visualab.org/oracle_query/S2/imgs/setC1/study/dogs/dog_B__174__dr7.png", "img_correctness": 0.8333333333333334, "img_name": "static/imgs/study/dogs/havanese__174__dr7.png", "actual_label": "havanese"}, {"majority_label": "great_pyrenees", "secure_path": "https:/cu-visualab.org/oracle_query/S2/imgs/setC1/study/dogs/dog_A__29__dr10.png", "active": true, "img_confidence": 0.8333333333333334, "path": "http:/cu-visualab.org/oracle_query/S2/imgs/setC1/study/dogs/dog_A__29__dr10.png", "img_correctness": 0.8333333333333334, "img_name": "static/imgs/study/dogs/great_pyrenees__29__dr10.png", "actual_label": "great_pyrenees"}, {"majority_label": "great_pyrenees", "secure_path": "https:/cu-visualab.org/oracle_query/S2/imgs/setC1/study/dogs/dog_A__177__dr7.png", "active": true, "img_confidence": 0.6666666666666666, "path": "http:/cu-visualab.org/oracle_query/S2/imgs/setC1/study/dogs/dog_A__177__dr7.png", "img_correctness": 0.6666666666666666, "img_name": "static/imgs/study/dogs/great_pyrenees__177__dr7.png", "actual_label": "great_pyrenees"}, {"majority_label": "havanese", "secure_path": "https:/cu-visualab.org/oracle_query/S2/imgs/setC1/study/dogs/dog_A__38__dr10.png", "active": true, "img_confidence": 1.0, "path": "http:/cu-visualab.org/oracle_query/S2/imgs/setC1/study/dogs/dog_A__38__dr10.png", "img_correctness": 0.0, "img_name": "static/imgs/study/dogs/great_pyrenees__38__dr10.png", "actual_label": "great_pyrenees"}, {"majority_label": "great_pyrenees", "secure_path": "https:/cu-visualab.org/oracle_query/S2/imgs/setC1/study/dogs/dog_A__65__dr5.png", "active": true, "img_confidence": 0.8333333333333334, "path": "http:/cu-visualab.org/oracle_query/S2/imgs/setC1/study/dogs/dog_A__65__dr5.png", "img_correctness": 0.8333333333333334, "img_name": "static/imgs/study/dogs/great_pyrenees__65__dr5.png", "actual_label": "great_pyrenees"}, {"majority_label": "havanese", "secure_path": "https:/cu-visualab.org/oracle_query/S2/imgs/setC1/study/dogs/dog_B__106__dr10.png", "active": true, "img_confidence": 0.8333333333333334, "path": "http:/cu-visualab.org/oracle_query/S2/imgs/setC1/study/dogs/dog_B__106__dr10.png", "img_correctness": 0.8333333333333334, "img_name": "static/imgs/study/dogs/havanese__106__dr10.png", "actual_label": "havanese"}, {"majority_label": "great_pyrenees", "secure_path": "https:/cu-visualab.org/oracle_query/S2/imgs/setC1/study/dogs/dog_A__29__dr7.png", "active": true, "img_confidence": 0.8333333333333334, "path": "http:/cu-visualab.org/oracle_query/S2/imgs/setC1/study/dogs/dog_A__29__dr7.png", "img_correctness": 0.8333333333333334, "img_name": "static/imgs/study/dogs/great_pyrenees__29__dr7.png", "actual_label": "great_pyrenees"}, {"majority_label": "great_pyrenees", "secure_path": "https:/cu-visualab.org/oracle_query/S2/imgs/setC1/study/dogs/dog_A__27__dr7.png", "active": true, "img_confidence": 0.8333333333333334, "path": "http:/cu-visualab.org/oracle_query/S2/imgs/setC1/study/dogs/dog_A__27__dr7.png", "img_correctness": 0.8333333333333334, "img_name": "static/imgs/study/dogs/great_pyrenees__27__dr7.png", "actual_label": "great_pyrenees"}, {"majority_label": "havanese", "secure_path": "https:/cu-visualab.org/oracle_query/S2/imgs/setC2/study/dogs/dog_A__88__dr10.png", "active": false, "img_confidence": 1.0, "path": "http:/cu-visualab.org/oracle_query/S2/imgs/setC2/study/dogs/dog_A__88__dr10.png", "img_correctness": 1.0, "img_name": "static/imgs/study/dogs/havanese__88__dr10.png", "actual_label": "havanese"}, {"majority_label": "havanese", "secure_path": "https:/cu-visualab.org/oracle_query/S2/imgs/setC2/study/dogs/dog_A__84__dr2.png", "active": false, "img_confidence": 1.0, "path": "http:/cu-visualab.org/oracle_query/S2/imgs/setC2/study/dogs/dog_A__84__dr2.png", "img_correctness": 1.0, "img_name": "static/imgs/study/dogs/havanese__84__dr2.png", "actual_label": "havanese"}, {"majority_label": "havanese", "secure_path": "https:/cu-visualab.org/oracle_query/S2/imgs/setC2/study/dogs/dog_B__189__dr10.png", "active": false, "img_confidence": 0.5, "path": "http:/cu-visualab.org/oracle_query/S2/imgs/setC2/study/dogs/dog_B__189__dr10.png", "img_correctness": 0.5, "img_name": "static/imgs/study/dogs/great_pyrenees__189__dr10.png", "actual_label": "great_pyrenees"}, {"majority_label": "havanese", "secure_path": "https:/cu-visualab.org/oracle_query/S2/imgs/setC2/study/dogs/dog_A__71__dr7.png", "active": false, "img_confidence": 1.0, "path": "http:/cu-visualab.org/oracle_query/S2/imgs/setC2/study/dogs/dog_A__71__dr7.png", "img_correctness": 1.0, "img_name": "static/imgs/study/dogs/havanese__71__dr7.png", "actual_label": "havanese"}, {"majority_label": "havanese", "secure_path": "https:/cu-visualab.org/oracle_query/S2/imgs/setC2/study/dogs/dog_A__181__dr2.png", "active": false, "img_confidence": 1.0, "path": "http:/cu-visualab.org/oracle_query/S2/imgs/setC2/study/dogs/dog_A__181__dr2.png", "img_correctness": 1.0, "img_name": "static/imgs/study/dogs/havanese__181__dr2.png", "actual_label": "havanese"}, {"majority_label": "havanese", "secure_path": "https:/cu-visualab.org/oracle_query/S2/imgs/setC2/study/dogs/dog_A__113__dr5.png", "active": false, "img_confidence": 1.0, "path": "http:/cu-visualab.org/oracle_query/S2/imgs/setC2/study/dogs/dog_A__113__dr5.png", "img_correctness": 1.0, "img_name": "static/imgs/study/dogs/havanese__113__dr5.png", "actual_label": "havanese"}, {"majority_label": "havanese", "secure_path": "https:/cu-visualab.org/oracle_query/S2/imgs/setC2/study/dogs/dog_A__133__dr2.png", "active": false, "img_confidence": 1.0, "path": "http:/cu-visualab.org/oracle_query/S2/imgs/setC2/study/dogs/dog_A__133__dr2.png", "img_correctness": 1.0, "img_name": "static/imgs/study/dogs/havanese__133__dr2.png", "actual_label": "havanese"}, {"majority_label": "havanese", "secure_path": "https:/cu-visualab.org/oracle_query/S2/imgs/setC2/study/dogs/dog_B__87__dr10.png", "active": false, "img_confidence": 0.5, "path": "http:/cu-visualab.org/oracle_query/S2/imgs/setC2/study/dogs/dog_B__87__dr10.png", "img_correctness": 0.5, "img_name": "static/imgs/study/dogs/great_pyrenees__87__dr10.png", "actual_label": "great_pyrenees"}, {"majority_label": "great_pyrenees", "secure_path": "https:/cu-visualab.org/oracle_query/S2/imgs/setC2/study/dogs/dog_B__31__dr10.png", "active": false, "img_confidence": 1.0, "path": "http:/cu-visualab.org/oracle_query/S2/imgs/setC2/study/dogs/dog_B__31__dr10.png", "img_correctness": 1.0, "img_name": "static/imgs/study/dogs/great_pyrenees__31__dr10.png", "actual_label": "great_pyrenees"}, {"majority_label": "havanese", "secure_path": "https:/cu-visualab.org/oracle_query/S2/imgs/setC2/study/dogs/dog_A__38__dr5.png", "active": false, "img_confidence": 0.75, "path": "http:/cu-visualab.org/oracle_query/S2/imgs/setC2/study/dogs/dog_A__38__dr5.png", "img_correctness": 0.75, "img_name": "static/imgs/study/dogs/havanese__38__dr5.png", "actual_label": "havanese"}, {"majority_label": "havanese", "secure_path": "https:/cu-visualab.org/oracle_query/S2/imgs/setC2/study/dogs/dog_A__133__dr10.png", "active": false, "img_confidence": 1.0, "path": "http:/cu-visualab.org/oracle_query/S2/imgs/setC2/study/dogs/dog_A__133__dr10.png", "img_correctness": 1.0, "img_name": "static/imgs/study/dogs/havanese__133__dr10.png", "actual_label": "havanese"}, {"majority_label": "havanese", "secure_path": "https:/cu-visualab.org/oracle_query/S2/imgs/setC2/study/dogs/dog_A__133__dr5.png", "active": false, "img_confidence": 0.75, "path": "http:/cu-visualab.org/oracle_query/S2/imgs/setC2/study/dogs/dog_A__133__dr5.png", "img_correctness": 0.75, "img_name": "static/imgs/study/dogs/havanese__133__dr5.png", "actual_label": "havanese"}, {"majority_label": "great_pyrenees", "secure_path": "https:/cu-visualab.org/oracle_query/S2/imgs/setC2/study/dogs/dog_B__189__dr7.png", "active": false, "img_confidence": 1.0, "path": "http:/cu-visualab.org/oracle_query/S2/imgs/setC2/study/dogs/dog_B__189__dr7.png", "img_correctness": 1.0, "img_name": "static/imgs/study/dogs/great_pyrenees__189__dr7.png", "actual_label": "great_pyrenees"}, {"majority_label": "havanese", "secure_path": "https:/cu-visualab.org/oracle_query/S2/imgs/setC2/study/dogs/dog_A__170__dr7.png", "active": false, "img_confidence": 0.75, "path": "http:/cu-visualab.org/oracle_query/S2/imgs/setC2/study/dogs/dog_A__170__dr7.png", "img_correctness": 0.75, "img_name": "static/imgs/study/dogs/havanese__170__dr7.png", "actual_label": "havanese"}, {"majority_label": "havanese", "secure_path": "https:/cu-visualab.org/oracle_query/S2/imgs/setC2/study/dogs/dog_A__88__dr5.png", "active": false, "img_confidence": 1.0, "path": "http:/cu-visualab.org/oracle_query/S2/imgs/setC2/study/dogs/dog_A__88__dr5.png", "img_correctness": 1.0, "img_name": "static/imgs/study/dogs/havanese__88__dr5.png", "actual_label": "havanese"}, {"majority_label": "havanese", "secure_path": "https:/cu-visualab.org/oracle_query/S2/imgs/setC2/study/dogs/dog_A__38__dr10.png", "active": false, "img_confidence": 0.5, "path": "http:/cu-visualab.org/oracle_query/S2/imgs/setC2/study/dogs/dog_A__38__dr10.png", "img_correctness": 0.5, "img_name": "static/imgs/study/dogs/havanese__38__dr10.png", "actual_label": "havanese"}, {"majority_label": "havanese", "secure_path": "https:/cu-visualab.org/oracle_query/S2/imgs/setC2/study/dogs/dog_A__71__dr10.png", "active": false, "img_confidence": 1.0, "path": "http:/cu-visualab.org/oracle_query/S2/imgs/setC2/study/dogs/dog_A__71__dr10.png", "img_correctness": 1.0, "img_name": "static/imgs/study/dogs/havanese__71__dr10.png", "actual_label": "havanese"}, {"majority_label": "havanese", "secure_path": "https:/cu-visualab.org/oracle_query/S2/imgs/setC2/study/dogs/dog_A__177__dr10.png", "active": false, "img_confidence": 0.75, "path": "http:/cu-visualab.org/oracle_query/S2/imgs/setC2/study/dogs/dog_A__177__dr10.png", "img_correctness": 0.75, "img_name": "static/imgs/study/dogs/havanese__177__dr10.png", "actual_label": "havanese"}, {"majority_label": "great_pyrenees", "secure_path": "https:/cu-visualab.org/oracle_query/S2/imgs/setC2/study/dogs/dog_B__74__dr7.png", "active": false, "img_confidence": 0.75, "path": "http:/cu-visualab.org/oracle_query/S2/imgs/setC2/study/dogs/dog_B__74__dr7.png", "img_correctness": 0.75, "img_name": "static/imgs/study/dogs/great_pyrenees__74__dr7.png", "actual_label": "great_pyrenees"}, {"majority_label": "havanese", "secure_path": "https:/cu-visualab.org/oracle_query/S2/imgs/setC2/study/dogs/dog_A__88__dr7.png", "active": false, "img_confidence": 1.0, "path": "http:/cu-visualab.org/oracle_query/S2/imgs/setC2/study/dogs/dog_A__88__dr7.png", "img_correctness": 1.0, "img_name": "static/imgs/study/dogs/havanese__88__dr7.png", "actual_label": "havanese"}, {"majority_label": "havanese", "secure_path": "https:/cu-visualab.org/oracle_query/S2/imgs/setC2/study/dogs/dog_A__90__dr7.png", "active": false, "img_confidence": 1.0, "path": "http:/cu-visualab.org/oracle_query/S2/imgs/setC2/study/dogs/dog_A__90__dr7.png", "img_correctness": 1.0, "img_name": "static/imgs/study/dogs/havanese__90__dr7.png", "actual_label": "havanese"}, {"majority_label": "havanese", "secure_path": "https:/cu-visualab.org/oracle_query/S2/imgs/setC2/study/dogs/dog_A__157__dr7.png", "active": false, "img_confidence": 1.0, "path": "http:/cu-visualab.org/oracle_query/S2/imgs/setC2/study/dogs/dog_A__157__dr7.png", "img_correctness": 1.0, "img_name": "static/imgs/study/dogs/havanese__157__dr7.png", "actual_label": "havanese"}, {"majority_label": "havanese", "secure_path": "https:/cu-visualab.org/oracle_query/S2/imgs/setC2/study/dogs/dog_A__170__dr10.png", "active": false, "img_confidence": 1.0, "path": "http:/cu-visualab.org/oracle_query/S2/imgs/setC2/study/dogs/dog_A__170__dr10.png", "img_correctness": 1.0, "img_name": "static/imgs/study/dogs/havanese__170__dr10.png", "actual_label": "havanese"}, {"majority_label": "great_pyrenees", "secure_path": "https:/cu-visualab.org/oracle_query/S2/imgs/setC2/study/dogs/dog_B__189__dr5.png", "active": false, "img_confidence": 1.0, "path": "http:/cu-visualab.org/oracle_query/S2/imgs/setC2/study/dogs/dog_B__189__dr5.png", "img_correctness": 1.0, "img_name": "static/imgs/study/dogs/great_pyrenees__189__dr5.png", "actual_label": "great_pyrenees"}, {"majority_label": "great_pyrenees", "secure_path": "https:/cu-visualab.org/oracle_query/S2/imgs/setC2/study/dogs/dog_B__87__dr7.png", "active": false, "img_confidence": 0.75, "path": "http:/cu-visualab.org/oracle_query/S2/imgs/setC2/study/dogs/dog_B__87__dr7.png", "img_correctness": 0.75, "img_name": "static/imgs/study/dogs/great_pyrenees__87__dr7.png", "actual_label": "great_pyrenees"}, {"majority_label": "havanese", "secure_path": "https:/cu-visualab.org/oracle_query/S2/imgs/setC2/study/dogs/dog_A__177__dr5.png", "active": false, "img_confidence": 0.5, "path": "http:/cu-visualab.org/oracle_query/S2/imgs/setC2/study/dogs/dog_A__177__dr5.png", "img_correctness": 0.5, "img_name": "static/imgs/study/dogs/havanese__177__dr5.png", "actual_label": "havanese"}, {"majority_label": "great_pyrenees", "secure_path": "https:/cu-visualab.org/oracle_query/S2/imgs/setC2/study/dogs/dog_B__109__dr7.png", "active": false, "img_confidence": 1.0, "path": "http:/cu-visualab.org/oracle_query/S2/imgs/setC2/study/dogs/dog_B__109__dr7.png", "img_correctness": 1.0, "img_name": "static/imgs/study/dogs/great_pyrenees__109__dr7.png", "actual_label": "great_pyrenees"}, {"majority_label": "great_pyrenees", "secure_path": "https:/cu-visualab.org/oracle_query/S2/imgs/setC2/study/dogs/dog_B__28__dr5.png", "active": false, "img_confidence": 1.0, "path": "http:/cu-visualab.org/oracle_query/S2/imgs/setC2/study/dogs/dog_B__28__dr5.png", "img_correctness": 1.0, "img_name": "static/imgs/study/dogs/great_pyrenees__28__dr5.png", "actual_label": "great_pyrenees"}, {"majority_label": "great_pyrenees", "secure_path": "https:/cu-visualab.org/oracle_query/S2/imgs/setC2/study/dogs/dog_B__31__dr7.png", "active": false, "img_confidence": 1.0, "path": "http:/cu-visualab.org/oracle_query/S2/imgs/setC2/study/dogs/dog_B__31__dr7.png", "img_correctness": 1.0, "img_name": "static/imgs/study/dogs/great_pyrenees__31__dr7.png", "actual_label": "great_pyrenees"}, {"majority_label": "great_pyrenees", "secure_path": "https:/cu-visualab.org/oracle_query/S2/imgs/setC2/study/dogs/dog_B__131__dr2.png", "active": false, "img_confidence": 1.0, "path": "http:/cu-visualab.org/oracle_query/S2/imgs/setC2/study/dogs/dog_B__131__dr2.png", "img_correctness": 1.0, "img_name": "static/imgs/study/dogs/great_pyrenees__131__dr2.png", "actual_label": "great_pyrenees"}, {"majority_label": "great_pyrenees", "secure_path": "https:/cu-visualab.org/oracle_query/S2/imgs/setC2/study/dogs/dog_B__109__dr5.png", "active": false, "img_confidence": 0.75, "path": "http:/cu-visualab.org/oracle_query/S2/imgs/setC2/study/dogs/dog_B__109__dr5.png", "img_correctness": 0.75, "img_name": "static/imgs/study/dogs/great_pyrenees__109__dr5.png", "actual_label": "great_pyrenees"}, {"majority_label": "great_pyrenees", "secure_path": "https:/cu-visualab.org/oracle_query/S2/imgs/setC2/study/dogs/dog_B__176__dr7.png", "active": false, "img_confidence": 0.75, "path": "http:/cu-visualab.org/oracle_query/S2/imgs/setC2/study/dogs/dog_B__176__dr7.png", "img_correctness": 0.75, "img_name": "static/imgs/study/dogs/great_pyrenees__176__dr7.png", "actual_label": "great_pyrenees"}, {"majority_label": "havanese", "secure_path": "https:/cu-visualab.org/oracle_query/S2/imgs/setC2/study/dogs/dog_A__38__dr7.png", "active": false, "img_confidence": 0.5, "path": "http:/cu-visualab.org/oracle_query/S2/imgs/setC2/study/dogs/dog_A__38__dr7.png", "img_correctness": 0.5, "img_name": "static/imgs/study/dogs/havanese__38__dr7.png", "actual_label": "havanese"}, {"majority_label": "havanese", "secure_path": "https:/cu-visualab.org/oracle_query/S2/imgs/setC2/study/dogs/dog_A__11__dr7.png", "active": false, "img_confidence": 0.5, "path": "http:/cu-visualab.org/oracle_query/S2/imgs/setC2/study/dogs/dog_A__11__dr7.png", "img_correctness": 0.5, "img_name": "static/imgs/study/dogs/havanese__11__dr7.png", "actual_label": "havanese"}, {"majority_label": "great_pyrenees", "secure_path": "https:/cu-visualab.org/oracle_query/S2/imgs/setC2/study/dogs/dog_B__31__dr5.png", "active": false, "img_confidence": 1.0, "path": "http:/cu-visualab.org/oracle_query/S2/imgs/setC2/study/dogs/dog_B__31__dr5.png", "img_correctness": 1.0, "img_name": "static/imgs/study/dogs/great_pyrenees__31__dr5.png", "actual_label": "great_pyrenees"}, {"majority_label": "havanese", "secure_path": "https:/cu-visualab.org/oracle_query/S2/imgs/setC2/study/dogs/dog_A__157__dr2.png", "active": false, "img_confidence": 1.0, "path": "http:/cu-visualab.org/oracle_query/S2/imgs/setC2/study/dogs/dog_A__157__dr2.png", "img_correctness": 1.0, "img_name": "static/imgs/study/dogs/havanese__157__dr2.png", "actual_label": "havanese"}, {"majority_label": "havanese", "secure_path": "https:/cu-visualab.org/oracle_query/S2/imgs/setC2/study/dogs/dog_A__90__dr2.png", "active": false, "img_confidence": 1.0, "path": "http:/cu-visualab.org/oracle_query/S2/imgs/setC2/study/dogs/dog_A__90__dr2.png", "img_correctness": 1.0, "img_name": "static/imgs/study/dogs/havanese__90__dr2.png", "actual_label": "havanese"}, {"majority_label": "great_pyrenees", "secure_path": "https:/cu-visualab.org/oracle_query/S2/imgs/setC2/study/dogs/dog_B__131__dr5.png", "active": false, "img_confidence": 1.0, "path": "http:/cu-visualab.org/oracle_query/S2/imgs/setC2/study/dogs/dog_B__131__dr5.png", "img_correctness": 1.0, "img_name": "static/imgs/study/dogs/great_pyrenees__131__dr5.png", "actual_label": "great_pyrenees"}, {"majority_label": "great_pyrenees", "secure_path": "https:/cu-visualab.org/oracle_query/S2/imgs/setC2/study/dogs/dog_B__160__dr2.png", "active": false, "img_confidence": 1.0, "path": "http:/cu-visualab.org/oracle_query/S2/imgs/setC2/study/dogs/dog_B__160__dr2.png", "img_correctness": 1.0, "img_name": "static/imgs/study/dogs/great_pyrenees__160__dr2.png", "actual_label": "great_pyrenees"}, {"majority_label": "great_pyrenees", "secure_path": "https:/cu-visualab.org/oracle_query/S2/imgs/setC2/study/dogs/dog_B__176__dr2.png", "active": false, "img_confidence": 0.75, "path": "http:/cu-visualab.org/oracle_query/S2/imgs/setC2/study/dogs/dog_B__176__dr2.png", "img_correctness": 0.75, "img_name": "static/imgs/study/dogs/great_pyrenees__176__dr2.png", "actual_label": "great_pyrenees"}, {"majority_label": "havanese", "secure_path": "https:/cu-visualab.org/oracle_query/S2/imgs/setC2/study/dogs/dog_A__157__dr10.png", "active": false, "img_confidence": 1.0, "path": "http:/cu-visualab.org/oracle_query/S2/imgs/setC2/study/dogs/dog_A__157__dr10.png", "img_correctness": 1.0, "img_name": "static/imgs/study/dogs/havanese__157__dr10.png", "actual_label": "havanese"}, {"majority_label": "havanese", "secure_path": "https:/cu-visualab.org/oracle_query/S2/imgs/setC2/study/dogs/dog_A__90__dr10.png", "active": false, "img_confidence": 1.0, "path": "http:/cu-visualab.org/oracle_query/S2/imgs/setC2/study/dogs/dog_A__90__dr10.png", "img_correctness": 1.0, "img_name": "static/imgs/study/dogs/havanese__90__dr10.png", "actual_label": "havanese"}, {"majority_label": "havanese", "secure_path": "https:/cu-visualab.org/oracle_query/S2/imgs/setC2/study/dogs/dog_A__11__dr2.png", "active": false, "img_confidence": 0.75, "path": "http:/cu-visualab.org/oracle_query/S2/imgs/setC2/study/dogs/dog_A__11__dr2.png", "img_correctness": 0.75, "img_name": "static/imgs/study/dogs/havanese__11__dr2.png", "actual_label": "havanese"}, {"majority_label": "havanese", "secure_path": "https:/cu-visualab.org/oracle_query/S2/imgs/setC2/study/dogs/dog_A__181__dr10.png", "active": false, "img_confidence": 1.0, "path": "http:/cu-visualab.org/oracle_query/S2/imgs/setC2/study/dogs/dog_A__181__dr10.png", "img_correctness": 1.0, "img_name": "static/imgs/study/dogs/havanese__181__dr10.png", "actual_label": "havanese"}, {"majority_label": "havanese", "secure_path": "https:/cu-visualab.org/oracle_query/S2/imgs/setC2/study/dogs/dog_A__181__dr5.png", "active": false, "img_confidence": 0.75, "path": "http:/cu-visualab.org/oracle_query/S2/imgs/setC2/study/dogs/dog_A__181__dr5.png", "img_correctness": 0.75, "img_name": "static/imgs/study/dogs/havanese__181__dr5.png", "actual_label": "havanese"}, {"majority_label": "havanese", "secure_path": "https:/cu-visualab.org/oracle_query/S2/imgs/setC2/study/dogs/dog_A__113__dr2.png", "active": false, "img_confidence": 1.0, "path": "http:/cu-visualab.org/oracle_query/S2/imgs/setC2/study/dogs/dog_A__113__dr2.png", "img_correctness": 1.0, "img_name": "static/imgs/study/dogs/havanese__113__dr2.png", "actual_label": "havanese"}, {"majority_label": "great_pyrenees", "secure_path": "https:/cu-visualab.org/oracle_query/S2/imgs/setC2/study/dogs/dog_B__74__dr5.png", "active": false, "img_confidence": 1.0, "path": "http:/cu-visualab.org/oracle_query/S2/imgs/setC2/study/dogs/dog_B__74__dr5.png", "img_correctness": 1.0, "img_name": "static/imgs/study/dogs/great_pyrenees__74__dr5.png", "actual_label": "great_pyrenees"}, {"majority_label": "havanese", "secure_path": "https:/cu-visualab.org/oracle_query/S2/imgs/setC2/study/dogs/dog_A__181__dr7.png", "active": false, "img_confidence": 0.75, "path": "http:/cu-visualab.org/oracle_query/S2/imgs/setC2/study/dogs/dog_A__181__dr7.png", "img_correctness": 0.75, "img_name": "static/imgs/study/dogs/havanese__181__dr7.png", "actual_label": "havanese"}, {"majority_label": "great_pyrenees", "secure_path": "https:/cu-visualab.org/oracle_query/S2/imgs/setC2/study/dogs/dog_B__160__dr5.png", "active": false, "img_confidence": 0.75, "path": "http:/cu-visualab.org/oracle_query/S2/imgs/setC2/study/dogs/dog_B__160__dr5.png", "img_correctness": 0.75, "img_name": "static/imgs/study/dogs/great_pyrenees__160__dr5.png", "actual_label": "great_pyrenees"}, {"majority_label": "havanese", "secure_path": "https:/cu-visualab.org/oracle_query/S2/imgs/setC2/study/dogs/dog_A__170__dr2.png", "active": false, "img_confidence": 0.75, "path": "http:/cu-visualab.org/oracle_query/S2/imgs/setC2/study/dogs/dog_A__170__dr2.png", "img_correctness": 0.75, "img_name": "static/imgs/study/dogs/havanese__170__dr2.png", "actual_label": "havanese"}, {"majority_label": "havanese", "secure_path": "https:/cu-visualab.org/oracle_query/S2/imgs/setC2/study/dogs/dog_B__74__dr10.png", "active": false, "img_confidence": 0.5, "path": "http:/cu-visualab.org/oracle_query/S2/imgs/setC2/study/dogs/dog_B__74__dr10.png", "img_correctness": 0.5, "img_name": "static/imgs/study/dogs/great_pyrenees__74__dr10.png", "actual_label": "great_pyrenees"}, {"majority_label": "havanese", "secure_path": "https:/cu-visualab.org/oracle_query/S2/imgs/setC2/study/dogs/dog_A__11__dr10.png", "active": false, "img_confidence": 0.5, "path": "http:/cu-visualab.org/oracle_query/S2/imgs/setC2/study/dogs/dog_A__11__dr10.png", "img_correctness": 0.5, "img_name": "static/imgs/study/dogs/havanese__11__dr10.png", "actual_label": "havanese"}, {"majority_label": "havanese", "secure_path": "https:/cu-visualab.org/oracle_query/S2/imgs/setC2/study/dogs/dog_A__177__dr2.png", "active": false, "img_confidence": 0.5, "path": "http:/cu-visualab.org/oracle_query/S2/imgs/setC2/study/dogs/dog_A__177__dr2.png", "img_correctness": 0.5, "img_name": "static/imgs/study/dogs/havanese__177__dr2.png", "actual_label": "havanese"}, {"majority_label": "havanese", "secure_path": "https:/cu-visualab.org/oracle_query/S2/imgs/setC2/study/dogs/dog_B__176__dr10.png", "active": false, "img_confidence": 0.75, "path": "http:/cu-visualab.org/oracle_query/S2/imgs/setC2/study/dogs/dog_B__176__dr10.png", "img_correctness": 0.25, "img_name": "static/imgs/study/dogs/great_pyrenees__176__dr10.png", "actual_label": "great_pyrenees"}, {"majority_label": "great_pyrenees", "secure_path": "https:/cu-visualab.org/oracle_query/S2/imgs/setC2/study/dogs/dog_B__28__dr7.png", "active": false, "img_confidence": 0.75, "path": "http:/cu-visualab.org/oracle_query/S2/imgs/setC2/study/dogs/dog_B__28__dr7.png", "img_correctness": 0.75, "img_name": "static/imgs/study/dogs/great_pyrenees__28__dr7.png", "actual_label": "great_pyrenees"}, {"majority_label": "havanese", "secure_path": "https:/cu-visualab.org/oracle_query/S2/imgs/setC2/study/dogs/dog_A__170__dr5.png", "active": false, "img_confidence": 0.75, "path": "http:/cu-visualab.org/oracle_query/S2/imgs/setC2/study/dogs/dog_A__170__dr5.png", "img_correctness": 0.75, "img_name": "static/imgs/study/dogs/havanese__170__dr5.png", "actual_label": "havanese"}, {"majority_label": "havanese", "secure_path": "https:/cu-visualab.org/oracle_query/S2/imgs/setC2/study/dogs/dog_A__177__dr7.png", "active": false, "img_confidence": 0.75, "path": "http:/cu-visualab.org/oracle_query/S2/imgs/setC2/study/dogs/dog_A__177__dr7.png", "img_correctness": 0.75, "img_name": "static/imgs/study/dogs/havanese__177__dr7.png", "actual_label": "havanese"}, {"majority_label": "great_pyrenees", "secure_path": "https:/cu-visualab.org/oracle_query/S2/imgs/setC2/study/dogs/dog_B__176__dr5.png", "active": false, "img_confidence": 0.75, "path": "http:/cu-visualab.org/oracle_query/S2/imgs/setC2/study/dogs/dog_B__176__dr5.png", "img_correctness": 0.75, "img_name": "static/imgs/study/dogs/great_pyrenees__176__dr5.png", "actual_label": "great_pyrenees"}, {"majority_label": "havanese", "secure_path": "https:/cu-visualab.org/oracle_query/S2/imgs/setC2/study/dogs/dog_B__200__dr10.png", "active": false, "img_confidence": 0.75, "path": "http:/cu-visualab.org/oracle_query/S2/imgs/setC2/study/dogs/dog_B__200__dr10.png", "img_correctness": 0.25, "img_name": "static/imgs/study/dogs/great_pyrenees__200__dr10.png", "actual_label": "great_pyrenees"}, {"majority_label": "great_pyrenees", "secure_path": "https:/cu-visualab.org/oracle_query/S2/imgs/setC2/study/dogs/dog_B__179__dr10.png", "active": false, "img_confidence": 0.75, "path": "http:/cu-visualab.org/oracle_query/S2/imgs/setC2/study/dogs/dog_B__179__dr10.png", "img_correctness": 0.75, "img_name": "static/imgs/study/dogs/great_pyrenees__179__dr10.png", "actual_label": "great_pyrenees"}, {"majority_label": "havanese", "secure_path": "https:/cu-visualab.org/oracle_query/S2/imgs/setC2/study/dogs/dog_A__133__dr7.png", "active": false, "img_confidence": 0.75, "path": "http:/cu-visualab.org/oracle_query/S2/imgs/setC2/study/dogs/dog_A__133__dr7.png", "img_correctness": 0.75, "img_name": "static/imgs/study/dogs/havanese__133__dr7.png", "actual_label": "havanese"}, {"majority_label": "havanese", "secure_path": "https:/cu-visualab.org/oracle_query/S2/imgs/setC2/study/dogs/dog_B__80__dr10.png", "active": false, "img_confidence": 0.5, "path": "http:/cu-visualab.org/oracle_query/S2/imgs/setC2/study/dogs/dog_B__80__dr10.png", "img_correctness": 0.5, "img_name": "static/imgs/study/dogs/great_pyrenees__80__dr10.png", "actual_label": "great_pyrenees"}, {"majority_label": "great_pyrenees", "secure_path": "https:/cu-visualab.org/oracle_query/S2/imgs/setC2/study/dogs/dog_B__160__dr10.png", "active": false, "img_confidence": 0.75, "path": "http:/cu-visualab.org/oracle_query/S2/imgs/setC2/study/dogs/dog_B__160__dr10.png", "img_correctness": 0.75, "img_name": "static/imgs/study/dogs/great_pyrenees__160__dr10.png", "actual_label": "great_pyrenees"}, {"majority_label": "havanese", "secure_path": "https:/cu-visualab.org/oracle_query/S2/imgs/setC2/study/dogs/dog_B__109__dr10.png", "active": false, "img_confidence": 0.5, "path": "http:/cu-visualab.org/oracle_query/S2/imgs/setC2/study/dogs/dog_B__109__dr10.png", "img_correctness": 0.5, "img_name": "static/imgs/study/dogs/great_pyrenees__109__dr10.png", "actual_label": "great_pyrenees"}]}