{"test": [{"majority_label": "chihuahua", "img_confidence": 1.0, "path": "https:/cu-visualab.org/oracle_query/S2/imgs/setB1/study/dogs/dog_A__168__dr2.png", "img_correctness": 1.0, "img_name": "static/imgs/study/dogs/chihuahua__168__dr2.png", "actual_label": "chihuahua"}, {"majority_label": "chihuahua", "img_confidence": 1.0, "path": "https:/cu-visualab.org/oracle_query/S2/imgs/setB1/study/dogs/dog_A__168__dr5.png", "img_correctness": 1.0, "img_name": "static/imgs/study/dogs/chihuahua__168__dr5.png", "actual_label": "chihuahua"}, {"majority_label": "miniature_pinscher", "img_confidence": 1.0, "path": "https:/cu-visualab.org/oracle_query/S2/imgs/setB1/study/dogs/dog_A__144__dr2.png", "img_correctness": 0.0, "img_name": "static/imgs/study/dogs/chihuahua__144__dr2.png", "actual_label": "chihuahua"}, {"majority_label": "miniature_pinscher", "img_confidence": 0.875, "path": "https:/cu-visualab.org/oracle_query/S2/imgs/setB1/study/dogs/dog_B__189__dr7.png", "img_correctness": 0.875, "img_name": "static/imgs/study/dogs/miniature_pinscher__189__dr7.png", "actual_label": "miniature_pinscher"}, {"majority_label": "miniature_pinscher", "img_confidence": 0.875, "path": "https:/cu-visualab.org/oracle_query/S2/imgs/setB1/study/dogs/dog_B__117__dr10.png", "img_correctness": 0.875, "img_name": "static/imgs/study/dogs/miniature_pinscher__117__dr10.png", "actual_label": "miniature_pinscher"}, {"majority_label": "miniature_pinscher", "img_confidence": 0.875, "path": "https:/cu-visualab.org/oracle_query/S2/imgs/setB1/study/dogs/dog_B__65__dr5.png", "img_correctness": 0.875, "img_name": "static/imgs/study/dogs/miniature_pinscher__65__dr5.png", "actual_label": "miniature_pinscher"}, {"majority_label": "miniature_pinscher", "img_confidence": 0.875, "path": "https:/cu-visualab.org/oracle_query/S2/imgs/setB1/study/dogs/dog_B__170__dr2.png", "img_correctness": 0.875, "img_name": "static/imgs/study/dogs/miniature_pinscher__170__dr2.png", "actual_label": "miniature_pinscher"}, {"majority_label": "chihuahua", "img_confidence": 0.875, "path": "https:/cu-visualab.org/oracle_query/S2/imgs/setB1/study/dogs/dog_A__40__dr5.png", "img_correctness": 0.875, "img_name": "static/imgs/study/dogs/chihuahua__40__dr5.png", "actual_label": "chihuahua"}, {"majority_label": "miniature_pinscher", "img_confidence": 0.875, "path": "https:/cu-visualab.org/oracle_query/S2/imgs/setB1/study/dogs/dog_A__144__dr7.png", "img_correctness": 0.125, "img_name": "static/imgs/study/dogs/chihuahua__144__dr7.png", "actual_label": "chihuahua"}, {"majority_label": "miniature_pinscher", "img_confidence": 0.875, "path": "https:/cu-visualab.org/oracle_query/S2/imgs/setB1/study/dogs/dog_B__24__dr2.png", "img_correctness": 0.875, "img_name": "static/imgs/study/dogs/miniature_pinscher__24__dr2.png", "actual_label": "miniature_pinscher"}, {"majority_label": "miniature_pinscher", "img_confidence": 0.875, "path": "https:/cu-visualab.org/oracle_query/S2/imgs/setB1/study/dogs/dog_A__148__dr7.png", "img_correctness": 0.125, "img_name": "static/imgs/study/dogs/chihuahua__148__dr7.png", "actual_label": "chihuahua"}, {"majority_label": "miniature_pinscher", "img_confidence": 0.875, "path": "https:/cu-visualab.org/oracle_query/S2/imgs/setB1/study/dogs/dog_B__117__dr2.png", "img_correctness": 0.875, "img_name": "static/imgs/study/dogs/miniature_pinscher__117__dr2.png", "actual_label": "miniature_pinscher"}, {"majority_label": "miniature_pinscher", "img_confidence": 0.75, "path": "https:/cu-visualab.org/oracle_query/S2/imgs/setB1/study/dogs/dog_B__170__dr10.png", "img_correctness": 0.75, "img_name": "static/imgs/study/dogs/miniature_pinscher__170__dr10.png", "actual_label": "miniature_pinscher"}, {"majority_label": "miniature_pinscher", "img_confidence": 0.75, "path": "https:/cu-visualab.org/oracle_query/S2/imgs/setB1/study/dogs/dog_B__123__dr2.png", "img_correctness": 0.75, "img_name": "static/imgs/study/dogs/miniature_pinscher__123__dr2.png", "actual_label": "miniature_pinscher"}, {"majority_label": "chihuahua", "img_confidence": 0.75, "path": "https:/cu-visualab.org/oracle_query/S2/imgs/setB1/study/dogs/dog_A__168__dr7.png", "img_correctness": 0.75, "img_name": "static/imgs/study/dogs/chihuahua__168__dr7.png", "actual_label": "chihuahua"}, {"majority_label": "chihuahua", "img_confidence": 0.75, "path": "https:/cu-visualab.org/oracle_query/S2/imgs/setB1/study/dogs/dog_A__122__dr7.png", "img_correctness": 0.75, "img_name": "static/imgs/study/dogs/chihuahua__122__dr7.png", "actual_label": "chihuahua"}, {"majority_label": "miniature_pinscher", "img_confidence": 0.75, "path": "https:/cu-visualab.org/oracle_query/S2/imgs/setB1/study/dogs/dog_B__65__dr10.png", "img_correctness": 0.75, "img_name": "static/imgs/study/dogs/miniature_pinscher__65__dr10.png", "actual_label": "miniature_pinscher"}, {"majority_label": "chihuahua", "img_confidence": 0.75, "path": "https:/cu-visualab.org/oracle_query/S2/imgs/setB1/study/dogs/dog_A__109__dr7.png", "img_correctness": 0.75, "img_name": "static/imgs/study/dogs/chihuahua__109__dr7.png", "actual_label": "chihuahua"}, {"majority_label": "miniature_pinscher", "img_confidence": 0.75, "path": "https:/cu-visualab.org/oracle_query/S2/imgs/setB1/study/dogs/dog_B__43__dr7.png", "img_correctness": 0.75, "img_name": "static/imgs/study/dogs/miniature_pinscher__43__dr7.png", "actual_label": "miniature_pinscher"}, {"majority_label": "miniature_pinscher", "img_confidence": 0.75, "path": "https:/cu-visualab.org/oracle_query/S2/imgs/setB1/study/dogs/dog_B__141__dr2.png", "img_correctness": 0.75, "img_name": "static/imgs/study/dogs/miniature_pinscher__141__dr2.png", "actual_label": "miniature_pinscher"}, {"majority_label": "chihuahua", "img_confidence": 0.625, "path": "https:/cu-visualab.org/oracle_query/S2/imgs/setB1/study/dogs/dog_A__34__dr10.png", "img_correctness": 0.625, "img_name": "static/imgs/study/dogs/chihuahua__34__dr10.png", "actual_label": "chihuahua"}, {"majority_label": "miniature_pinscher", "img_confidence": 0.625, "path": "https:/cu-visualab.org/oracle_query/S2/imgs/setB1/study/dogs/dog_A__144__dr10.png", "img_correctness": 0.375, "img_name": "static/imgs/study/dogs/chihuahua__144__dr10.png", "actual_label": "chihuahua"}, {"majority_label": "chihuahua", "img_confidence": 0.625, "path": "https:/cu-visualab.org/oracle_query/S2/imgs/setB1/study/dogs/dog_B__43__dr2.png", "img_correctness": 0.375, "img_name": "static/imgs/study/dogs/miniature_pinscher__43__dr2.png", "actual_label": "miniature_pinscher"}, {"majority_label": "miniature_pinscher", "img_confidence": 0.625, "path": "https:/cu-visualab.org/oracle_query/S2/imgs/setB1/study/dogs/dog_B__98__dr10.png", "img_correctness": 0.625, "img_name": "static/imgs/study/dogs/miniature_pinscher__98__dr10.png", "actual_label": "miniature_pinscher"}, {"majority_label": "miniature_pinscher", "img_confidence": 0.625, "path": "https:/cu-visualab.org/oracle_query/S2/imgs/setB1/study/dogs/dog_B__57__dr7.png", "img_correctness": 0.625, "img_name": "static/imgs/study/dogs/miniature_pinscher__57__dr7.png", "actual_label": "miniature_pinscher"}], "training": [{"majority_label": "chihuahua", "img_confidence": 1.0, "path": "https:/cu-visualab.org/oracle_query/S2/imgs/setB1/study/dogs/dog_A__34__dr2.png", "img_correctness": 1.0, "img_name": "static/imgs/study/dogs/chihuahua__34__dr2.png", "actual_label": "chihuahua"}, {"majority_label": "miniature_pinscher", "img_confidence": 0.875, "path": "https:/cu-visualab.org/oracle_query/S2/imgs/setB1/study/dogs/dog_B__190__dr5.png", "img_correctness": 0.875, "img_name": "static/imgs/study/dogs/miniature_pinscher__190__dr5.png", "actual_label": "miniature_pinscher"}, {"majority_label": "chihuahua", "img_confidence": 0.875, "path": "https:/cu-visualab.org/oracle_query/S2/imgs/setB1/study/dogs/dog_A__122__dr5.png", "img_correctness": 0.875, "img_name": "static/imgs/study/dogs/chihuahua__122__dr5.png", "actual_label": "chihuahua"}, {"majority_label": "miniature_pinscher", "img_confidence": 0.875, "path": "https:/cu-visualab.org/oracle_query/S2/imgs/setB1/study/dogs/dog_B__43__dr10.png", "img_correctness": 0.875, "img_name": "static/imgs/study/dogs/miniature_pinscher__43__dr10.png", "actual_label": "miniature_pinscher"}, {"majority_label": "chihuahua", "img_confidence": 0.875, "path": "https:/cu-visualab.org/oracle_query/S2/imgs/setB1/study/dogs/dog_A__63__dr2.png", "img_correctness": 0.875, "img_name": "static/imgs/study/dogs/chihuahua__63__dr2.png", "actual_label": "chihuahua"}, {"majority_label": "miniature_pinscher", "img_confidence": 0.875, "path": "https:/cu-visualab.org/oracle_query/S2/imgs/setB1/study/dogs/dog_A__148__dr10.png", "img_correctness": 0.125, "img_name": "static/imgs/study/dogs/chihuahua__148__dr10.png", "actual_label": "chihuahua"}, {"majority_label": "miniature_pinscher", "img_confidence": 0.875, "path": "https:/cu-visualab.org/oracle_query/S2/imgs/setB1/study/dogs/dog_B__144__dr10.png", "img_correctness": 0.875, "img_name": "static/imgs/study/dogs/miniature_pinscher__144__dr10.png", "actual_label": "miniature_pinscher"}, {"majority_label": "chihuahua", "img_confidence": 0.875, "path": "https:/cu-visualab.org/oracle_query/S2/imgs/setB1/study/dogs/dog_A__109__dr5.png", "img_correctness": 0.875, "img_name": "static/imgs/study/dogs/chihuahua__109__dr5.png", "actual_label": "chihuahua"}, {"majority_label": "miniature_pinscher", "img_confidence": 0.875, "path": "https:/cu-visualab.org/oracle_query/S2/imgs/setB1/study/dogs/dog_B__144__dr5.png", "img_correctness": 0.875, "img_name": "static/imgs/study/dogs/miniature_pinscher__144__dr5.png", "actual_label": "miniature_pinscher"}, {"majority_label": "miniature_pinscher", "img_confidence": 0.875, "path": "https:/cu-visualab.org/oracle_query/S2/imgs/setB1/study/dogs/dog_B__123__dr10.png", "img_correctness": 0.875, "img_name": "static/imgs/study/dogs/miniature_pinscher__123__dr10.png", "actual_label": "miniature_pinscher"}, {"majority_label": "miniature_pinscher", "img_confidence": 0.75, "path": "https:/cu-visualab.org/oracle_query/S2/imgs/setB1/study/dogs/dog_A__30__dr7.png", "img_correctness": 0.25, "img_name": "static/imgs/study/dogs/chihuahua__30__dr7.png", "actual_label": "chihuahua"}, {"majority_label": "miniature_pinscher", "img_confidence": 0.625, "path": "https:/cu-visualab.org/oracle_query/S2/imgs/setB1/study/dogs/dog_B__141__dr7.png", "img_correctness": 0.625, "img_name": "static/imgs/study/dogs/miniature_pinscher__141__dr7.png", "actual_label": "miniature_pinscher"}, {"majority_label": "chihuahua", "img_confidence": 0.625, "path": "https:/cu-visualab.org/oracle_query/S2/imgs/setB1/study/dogs/dog_A__109__dr2.png", "img_correctness": 0.625, "img_name": "static/imgs/study/dogs/chihuahua__109__dr2.png", "actual_label": "chihuahua"}, {"majority_label": "chihuahua", "img_confidence": 0.625, "path": "https:/cu-visualab.org/oracle_query/S2/imgs/setB1/study/dogs/dog_A__161__dr7.png", "img_correctness": 0.625, "img_name": "static/imgs/study/dogs/chihuahua__161__dr7.png", "actual_label": "chihuahua"}, {"majority_label": "miniature_pinscher", "img_confidence": 0.625, "path": "https:/cu-visualab.org/oracle_query/S2/imgs/setB1/study/dogs/dog_B__98__dr2.png", "img_correctness": 0.625, "img_name": "static/imgs/study/dogs/miniature_pinscher__98__dr2.png", "actual_label": "miniature_pinscher"}, {"majority_label": "miniature_pinscher", "img_confidence": 0.625, "path": "https:/cu-visualab.org/oracle_query/S2/imgs/setB1/study/dogs/dog_A__121__dr7.png", "img_correctness": 0.375, "img_name": "static/imgs/study/dogs/chihuahua__121__dr7.png", "actual_label": "chihuahua"}, {"majority_label": "chihuahua", "img_confidence": 0.625, "path": "https:/cu-visualab.org/oracle_query/S2/imgs/setB1/study/dogs/dog_A__63__dr7.png", "img_correctness": 0.625, "img_name": "static/imgs/study/dogs/chihuahua__63__dr7.png", "actual_label": "chihuahua"}, {"majority_label": "chihuahua", "img_confidence": 0.625, "path": "https:/cu-visualab.org/oracle_query/S2/imgs/setB1/study/dogs/dog_A__40__dr10.png", "img_correctness": 0.625, "img_name": "static/imgs/study/dogs/chihuahua__40__dr10.png", "actual_label": "chihuahua"}, {"majority_label": "miniature_pinscher", "img_confidence": 0.625, "path": "https:/cu-visualab.org/oracle_query/S2/imgs/setB1/study/dogs/dog_A__63__dr10.png", "img_correctness": 0.375, "img_name": "static/imgs/study/dogs/chihuahua__63__dr10.png", "actual_label": "chihuahua"}, {"majority_label": "chihuahua", "img_confidence": 0.5, "path": "https:/cu-visualab.org/oracle_query/S2/imgs/setB1/study/dogs/dog_A__121__dr10.png", "img_correctness": 0.5, "img_name": "static/imgs/study/dogs/chihuahua__121__dr10.png", "actual_label": "chihuahua"}, {"majority_label": "chihuahua", "img_confidence": 0.5, "path": "https:/cu-visualab.org/oracle_query/S2/imgs/setB1/study/dogs/dog_A__30__dr5.png", "img_correctness": 0.5, "img_name": "static/imgs/study/dogs/chihuahua__30__dr5.png", "actual_label": "chihuahua"}, {"majority_label": "chihuahua", "img_confidence": 0.5, "path": "https:/cu-visualab.org/oracle_query/S2/imgs/setB1/study/dogs/dog_A__83__dr5.png", "img_correctness": 0.5, "img_name": "static/imgs/study/dogs/chihuahua__83__dr5.png", "actual_label": "chihuahua"}, {"majority_label": "chihuahua", "img_confidence": 0.5, "path": "https:/cu-visualab.org/oracle_query/S2/imgs/setB1/study/dogs/dog_A__40__dr7.png", "img_correctness": 0.5, "img_name": "static/imgs/study/dogs/chihuahua__40__dr7.png", "actual_label": "chihuahua"}, {"majority_label": "chihuahua", "img_confidence": 0.5, "path": "https:/cu-visualab.org/oracle_query/S2/imgs/setB1/study/dogs/dog_B__57__dr2.png", "img_correctness": 0.5, "img_name": "static/imgs/study/dogs/miniature_pinscher__57__dr2.png", "actual_label": "miniature_pinscher"}, {"majority_label": "chihuahua", "img_confidence": 0.5, "path": "https:/cu-visualab.org/oracle_query/S2/imgs/setB1/study/dogs/dog_A__110__dr7.png", "img_correctness": 0.5, "img_name": "static/imgs/study/dogs/chihuahua__110__dr7.png", "actual_label": "chihuahua"}]}