{"test": [{"majority_label": "basset_hound", "img_confidence": 0.875, "path": "https:/cu-visualab.org/oracle_query/S2/imgs/setA1/study/dogs/dog_A__120__dr7.png", "img_correctness": 0.875, "img_name": "static/imgs/study/dogs/basset_hound__120__dr7.png", "actual_label": "basset_hound"}, {"majority_label": "basset_hound", "img_confidence": 0.875, "path": "https:/cu-visualab.org/oracle_query/S2/imgs/setA1/study/dogs/dog_A__149__dr10.png", "img_correctness": 0.875, "img_name": "static/imgs/study/dogs/basset_hound__149__dr10.png", "actual_label": "basset_hound"}, {"majority_label": "basset_hound", "img_confidence": 0.875, "path": "https:/cu-visualab.org/oracle_query/S2/imgs/setA1/study/dogs/dog_A__39__dr7.png", "img_correctness": 0.875, "img_name": "static/imgs/study/dogs/basset_hound__39__dr7.png", "actual_label": "basset_hound"}, {"majority_label": "saint_bernard", "img_confidence": 0.875, "path": "https:/cu-visualab.org/oracle_query/S2/imgs/setA1/study/dogs/dog_B__166__dr10.png", "img_correctness": 0.875, "img_name": "static/imgs/study/dogs/saint_bernard__166__dr10.png", "actual_label": "saint_bernard"}, {"majority_label": "saint_bernard", "img_confidence": 0.875, "path": "https:/cu-visualab.org/oracle_query/S2/imgs/setA1/study/dogs/dog_B__126__dr5.png", "img_correctness": 0.875, "img_name": "static/imgs/study/dogs/saint_bernard__126__dr5.png", "actual_label": "saint_bernard"}, {"majority_label": "basset_hound", "img_confidence": 0.875, "path": "https:/cu-visualab.org/oracle_query/S2/imgs/setA1/study/dogs/dog_A__144__dr5.png", "img_correctness": 0.875, "img_name": "static/imgs/study/dogs/basset_hound__144__dr5.png", "actual_label": "basset_hound"}, {"majority_label": "basset_hound", "img_confidence": 0.875, "path": "https:/cu-visualab.org/oracle_query/S2/imgs/setA1/study/dogs/dog_A__144__dr2.png", "img_correctness": 0.875, "img_name": "static/imgs/study/dogs/basset_hound__144__dr2.png", "actual_label": "basset_hound"}, {"majority_label": "basset_hound", "img_confidence": 0.875, "path": "https:/cu-visualab.org/oracle_query/S2/imgs/setA1/study/dogs/dog_A__137__dr2.png", "img_correctness": 0.875, "img_name": "static/imgs/study/dogs/basset_hound__137__dr2.png", "actual_label": "basset_hound"}, {"majority_label": "saint_bernard", "img_confidence": 0.875, "path": "https:/cu-visualab.org/oracle_query/S2/imgs/setA1/study/dogs/dog_B__99__dr5.png", "img_correctness": 0.875, "img_name": "static/imgs/study/dogs/saint_bernard__99__dr5.png", "actual_label": "saint_bernard"}, {"majority_label": "saint_bernard", "img_confidence": 1.0, "path": "https:/cu-visualab.org/oracle_query/S2/imgs/setA1/study/dogs/dog_B__99__dr7.png", "img_correctness": 1.0, "img_name": "static/imgs/study/dogs/saint_bernard__99__dr7.png", "actual_label": "saint_bernard"}, {"majority_label": "saint_bernard", "img_confidence": 1.0, "path": "https:/cu-visualab.org/oracle_query/S2/imgs/setA1/study/dogs/dog_B__124__dr2.png", "img_correctness": 1.0, "img_name": "static/imgs/study/dogs/saint_bernard__124__dr2.png", "actual_label": "saint_bernard"}, {"majority_label": "saint_bernard", "img_confidence": 0.875, "path": "https:/cu-visualab.org/oracle_query/S2/imgs/setA1/study/dogs/dog_B__142__dr2.png", "img_correctness": 0.875, "img_name": "static/imgs/study/dogs/saint_bernard__142__dr2.png", "actual_label": "saint_bernard"}, {"majority_label": "saint_bernard", "img_confidence": 0.875, "path": "https:/cu-visualab.org/oracle_query/S2/imgs/setA1/study/dogs/dog_B__91__dr10.png", "img_correctness": 0.875, "img_name": "static/imgs/study/dogs/saint_bernard__91__dr10.png", "actual_label": "saint_bernard"}, {"majority_label": "saint_bernard", "img_confidence": 0.875, "path": "https:/cu-visualab.org/oracle_query/S2/imgs/setA1/study/dogs/dog_B__166__dr7.png", "img_correctness": 0.875, "img_name": "static/imgs/study/dogs/saint_bernard__166__dr7.png", "actual_label": "saint_bernard"}, {"majority_label": "basset_hound", "img_confidence": 0.875, "path": "https:/cu-visualab.org/oracle_query/S2/imgs/setA1/study/dogs/dog_A__169__dr7.png", "img_correctness": 0.875, "img_name": "static/imgs/study/dogs/basset_hound__169__dr7.png", "actual_label": "basset_hound"}, {"majority_label": "basset_hound", "img_confidence": 0.875, "path": "https:/cu-visualab.org/oracle_query/S2/imgs/setA1/study/dogs/dog_A__164__dr5.png", "img_correctness": 0.875, "img_name": "static/imgs/study/dogs/basset_hound__164__dr5.png", "actual_label": "basset_hound"}, {"majority_label": "basset_hound", "img_confidence": 1.0, "path": "https:/cu-visualab.org/oracle_query/S2/imgs/setA1/study/dogs/dog_A__39__dr2.png", "img_correctness": 1.0, "img_name": "static/imgs/study/dogs/basset_hound__39__dr2.png", "actual_label": "basset_hound"}, {"majority_label": "saint_bernard", "img_confidence": 1.0, "path": "https:/cu-visualab.org/oracle_query/S2/imgs/setA1/study/dogs/dog_B__166__dr2.png", "img_correctness": 1.0, "img_name": "static/imgs/study/dogs/saint_bernard__166__dr2.png", "actual_label": "saint_bernard"}, {"majority_label": "basset_hound", "img_confidence": 0.875, "path": "https:/cu-visualab.org/oracle_query/S2/imgs/setA1/study/dogs/dog_A__111__dr5.png", "img_correctness": 0.875, "img_name": "static/imgs/study/dogs/basset_hound__111__dr5.png", "actual_label": "basset_hound"}, {"majority_label": "saint_bernard", "img_confidence": 1.0, "path": "https:/cu-visualab.org/oracle_query/S2/imgs/setA1/study/dogs/dog_B__91__dr7.png", "img_correctness": 1.0, "img_name": "static/imgs/study/dogs/saint_bernard__91__dr7.png", "actual_label": "saint_bernard"}, {"majority_label": "basset_hound", "img_confidence": 0.875, "path": "https:/cu-visualab.org/oracle_query/S2/imgs/setA1/study/dogs/dog_A__164__dr10.png", "img_correctness": 0.875, "img_name": "static/imgs/study/dogs/basset_hound__164__dr10.png", "actual_label": "basset_hound"}, {"majority_label": "saint_bernard", "img_confidence": 0.875, "path": "https:/cu-visualab.org/oracle_query/S2/imgs/setA1/study/dogs/dog_B__26__dr10.png", "img_correctness": 0.875, "img_name": "static/imgs/study/dogs/saint_bernard__26__dr10.png", "actual_label": "saint_bernard"}, {"majority_label": "saint_bernard", "img_confidence": 0.875, "path": "https:/cu-visualab.org/oracle_query/S2/imgs/setA1/study/dogs/dog_B__124__dr7.png", "img_correctness": 0.875, "img_name": "static/imgs/study/dogs/saint_bernard__124__dr7.png", "actual_label": "saint_bernard"}, {"majority_label": "saint_bernard", "img_confidence": 0.875, "path": "https:/cu-visualab.org/oracle_query/S2/imgs/setA1/study/dogs/dog_B__26__dr5.png", "img_correctness": 0.875, "img_name": "static/imgs/study/dogs/saint_bernard__26__dr5.png", "actual_label": "saint_bernard"}, {"majority_label": "saint_bernard", "img_confidence": 0.875, "path": "https:/cu-visualab.org/oracle_query/S2/imgs/setA1/study/dogs/dog_B__99__dr10.png", "img_correctness": 0.875, "img_name": "static/imgs/study/dogs/saint_bernard__99__dr10.png", "actual_label": "saint_bernard"}], "training": [{"majority_label": "saint_bernard", "img_confidence": 0.875, "path": "https:/cu-visualab.org/oracle_query/S2/imgs/setA1/study/dogs/dog_B__124__dr7.png", "img_correctness": 0.875, "img_name": "static/imgs/study/dogs/saint_bernard__124__dr7.png", "actual_label": "saint_bernard"}, {"majority_label": "basset_hound", "img_confidence": 0.875, "path": "https:/cu-visualab.org/oracle_query/S2/imgs/setA1/study/dogs/dog_A__120__dr7.png", "img_correctness": 0.875, "img_name": "static/imgs/study/dogs/basset_hound__120__dr7.png", "actual_label": "basset_hound"}, {"majority_label": "saint_bernard", "img_confidence": 0.875, "path": "https:/cu-visualab.org/oracle_query/S2/imgs/setA1/study/dogs/dog_B__91__dr10.png", "img_correctness": 0.875, "img_name": "static/imgs/study/dogs/saint_bernard__91__dr10.png", "actual_label": "saint_bernard"}, {"majority_label": "basset_hound", "img_confidence": 0.875, "path": "https:/cu-visualab.org/oracle_query/S2/imgs/setA1/study/dogs/dog_A__169__dr7.png", "img_correctness": 0.875, "img_name": "static/imgs/study/dogs/basset_hound__169__dr7.png", "actual_label": "basset_hound"}, {"majority_label": "saint_bernard", "img_confidence": 0.875, "path": "https:/cu-visualab.org/oracle_query/S2/imgs/setA1/study/dogs/dog_B__26__dr10.png", "img_correctness": 0.875, "img_name": "static/imgs/study/dogs/saint_bernard__26__dr10.png", "actual_label": "saint_bernard"}, {"majority_label": "basset_hound", "img_confidence": 1.0, "path": "https:/cu-visualab.org/oracle_query/S2/imgs/setA1/study/dogs/dog_A__90__dr2.png", "img_correctness": 1.0, "img_name": "static/imgs/study/dogs/basset_hound__90__dr2.png", "actual_label": "basset_hound"}, {"majority_label": "basset_hound", "img_confidence": 0.875, "path": "https:/cu-visualab.org/oracle_query/S2/imgs/setA1/study/dogs/dog_A__164__dr5.png", "img_correctness": 0.875, "img_name": "static/imgs/study/dogs/basset_hound__164__dr5.png", "actual_label": "basset_hound"}, {"majority_label": "basset_hound", "img_confidence": 1.0, "path": "https:/cu-visualab.org/oracle_query/S2/imgs/setA1/study/dogs/dog_A__39__dr2.png", "img_correctness": 1.0, "img_name": "static/imgs/study/dogs/basset_hound__39__dr2.png", "actual_label": "basset_hound"}, {"majority_label": "saint_bernard", "img_confidence": 0.875, "path": "https:/cu-visualab.org/oracle_query/S2/imgs/setA1/study/dogs/dog_B__126__dr5.png", "img_correctness": 0.875, "img_name": "static/imgs/study/dogs/saint_bernard__126__dr5.png", "actual_label": "saint_bernard"}, {"majority_label": "basset_hound", "img_confidence": 1.0, "path": "https:/cu-visualab.org/oracle_query/S2/imgs/setA1/study/dogs/dog_A__114__dr7.png", "img_correctness": 1.0, "img_name": "static/imgs/study/dogs/basset_hound__114__dr7.png", "actual_label": "basset_hound"}, {"majority_label": "saint_bernard", "img_confidence": 0.875, "path": "https:/cu-visualab.org/oracle_query/S2/imgs/setA1/study/dogs/dog_B__26__dr5.png", "img_correctness": 0.875, "img_name": "static/imgs/study/dogs/saint_bernard__26__dr5.png", "actual_label": "saint_bernard"}, {"majority_label": "saint_bernard", "img_confidence": 0.875, "path": "https:/cu-visualab.org/oracle_query/S2/imgs/setA1/study/dogs/dog_B__99__dr5.png", "img_correctness": 0.875, "img_name": "static/imgs/study/dogs/saint_bernard__99__dr5.png", "actual_label": "saint_bernard"}, {"majority_label": "saint_bernard", "img_confidence": 0.875, "path": "https:/cu-visualab.org/oracle_query/S2/imgs/setA1/study/dogs/dog_B__142__dr2.png", "img_correctness": 0.875, "img_name": "static/imgs/study/dogs/saint_bernard__142__dr2.png", "actual_label": "saint_bernard"}, {"majority_label": "saint_bernard", "img_confidence": 1.0, "path": "https:/cu-visualab.org/oracle_query/S2/imgs/setA1/study/dogs/dog_B__91__dr7.png", "img_correctness": 1.0, "img_name": "static/imgs/study/dogs/saint_bernard__91__dr7.png", "actual_label": "saint_bernard"}, {"majority_label": "saint_bernard", "img_confidence": 0.875, "path": "https:/cu-visualab.org/oracle_query/S2/imgs/setA1/study/dogs/dog_B__166__dr10.png", "img_correctness": 0.875, "img_name": "static/imgs/study/dogs/saint_bernard__166__dr10.png", "actual_label": "saint_bernard"}, {"majority_label": "saint_bernard", "img_confidence": 1.0, "path": "https:/cu-visualab.org/oracle_query/S2/imgs/setA1/study/dogs/dog_B__124__dr2.png", "img_correctness": 1.0, "img_name": "static/imgs/study/dogs/saint_bernard__124__dr2.png", "actual_label": "saint_bernard"}, {"majority_label": "basset_hound", "img_confidence": 0.875, "path": "https:/cu-visualab.org/oracle_query/S2/imgs/setA1/study/dogs/dog_A__169__dr2.png", "img_correctness": 0.875, "img_name": "static/imgs/study/dogs/basset_hound__169__dr2.png", "actual_label": "basset_hound"}, {"majority_label": "basset_hound", "img_confidence": 0.875, "path": "https:/cu-visualab.org/oracle_query/S2/imgs/setA1/study/dogs/dog_A__164__dr10.png", "img_correctness": 0.875, "img_name": "static/imgs/study/dogs/basset_hound__164__dr10.png", "actual_label": "basset_hound"}, {"majority_label": "saint_bernard", "img_confidence": 1.0, "path": "https:/cu-visualab.org/oracle_query/S2/imgs/setA1/study/dogs/dog_B__166__dr2.png", "img_correctness": 1.0, "img_name": "static/imgs/study/dogs/saint_bernard__166__dr2.png", "actual_label": "saint_bernard"}, {"majority_label": "basset_hound", "img_confidence": 1.0, "path": "https:/cu-visualab.org/oracle_query/S2/imgs/setA1/study/dogs/dog_A__149__dr2.png", "img_correctness": 1.0, "img_name": "static/imgs/study/dogs/basset_hound__149__dr2.png", "actual_label": "basset_hound"}, {"majority_label": "basset_hound", "img_confidence": 0.875, "path": "https:/cu-visualab.org/oracle_query/S2/imgs/setA1/study/dogs/dog_A__144__dr2.png", "img_correctness": 0.875, "img_name": "static/imgs/study/dogs/basset_hound__144__dr2.png", "actual_label": "basset_hound"}, {"majority_label": "saint_bernard", "img_confidence": 0.875, "path": "https:/cu-visualab.org/oracle_query/S2/imgs/setA1/study/dogs/dog_B__99__dr10.png", "img_correctness": 0.875, "img_name": "static/imgs/study/dogs/saint_bernard__99__dr10.png", "actual_label": "saint_bernard"}, {"majority_label": "saint_bernard", "img_confidence": 0.875, "path": "https:/cu-visualab.org/oracle_query/S2/imgs/setA1/study/dogs/dog_B__166__dr7.png", "img_correctness": 0.875, "img_name": "static/imgs/study/dogs/saint_bernard__166__dr7.png", "actual_label": "saint_bernard"}, {"majority_label": "basset_hound", "img_confidence": 0.875, "path": "https:/cu-visualab.org/oracle_query/S2/imgs/setA1/study/dogs/dog_A__144__dr5.png", "img_correctness": 0.875, "img_name": "static/imgs/study/dogs/basset_hound__144__dr5.png", "actual_label": "basset_hound"}, {"majority_label": "basset_hound", "img_confidence": 0.875, "path": "https:/cu-visualab.org/oracle_query/S2/imgs/setA1/study/dogs/dog_A__137__dr2.png", "img_correctness": 0.875, "img_name": "static/imgs/study/dogs/basset_hound__137__dr2.png", "actual_label": "basset_hound"}]}