{"test": [{"majority_label": "miniature_pinscher", "secure_path": "https:/cu-visualab.org/oracle_query/S2/imgs/setB2/study/dogs/dog_B__37__dr10.png", "active": true, "img_confidence": 0.5, "path": "http:/cu-visualab.org/oracle_query/S2/imgs/setB2/study/dogs/dog_B__37__dr10.png", "img_correctness": 0.5, "img_name": "static/imgs/study/dogs/chihuahua__37__dr10.png", "actual_label": "chihuahua"}, {"majority_label": "miniature_pinscher", "secure_path": "https:/cu-visualab.org/oracle_query/S2/imgs/setB2/study/dogs/dog_B__182__dr7.png", "active": true, "img_confidence": 0.5, "path": "http:/cu-visualab.org/oracle_query/S2/imgs/setB2/study/dogs/dog_B__182__dr7.png", "img_correctness": 0.5, "img_name": "static/imgs/study/dogs/chihuahua__182__dr7.png", "actual_label": "chihuahua"}, {"majority_label": "miniature_pinscher", "secure_path": "https:/cu-visualab.org/oracle_query/S2/imgs/setB2/study/dogs/dog_B__90__dr5.png", "active": true, "img_confidence": 0.5, "path": "http:/cu-visualab.org/oracle_query/S2/imgs/setB2/study/dogs/dog_B__90__dr5.png", "img_correctness": 0.5, "img_name": "static/imgs/study/dogs/chihuahua__90__dr5.png", "actual_label": "chihuahua"}, {"majority_label": "miniature_pinscher", "secure_path": "https:/cu-visualab.org/oracle_query/S2/imgs/setB2/study/dogs/dog_B__61__dr5.png", "active": true, "img_confidence": 0.5, "path": "http:/cu-visualab.org/oracle_query/S2/imgs/setB2/study/dogs/dog_B__61__dr5.png", "img_correctness": 0.5, "img_name": "static/imgs/study/dogs/chihuahua__61__dr5.png", "actual_label": "chihuahua"}, {"majority_label": "chihuahua", "secure_path": "https:/cu-visualab.org/oracle_query/S2/imgs/setB2/study/dogs/dog_B__37__dr2.png", "active": true, "img_confidence": 0.6, "path": "http:/cu-visualab.org/oracle_query/S2/imgs/setB2/study/dogs/dog_B__37__dr2.png", "img_correctness": 0.6, "img_name": "static/imgs/study/dogs/chihuahua__37__dr2.png", "actual_label": "chihuahua"}, {"majority_label": "chihuahua", "secure_path": "https:/cu-visualab.org/oracle_query/S2/imgs/setB2/study/dogs/dog_B__155__dr2.png", "active": true, "img_confidence": 0.6, "path": "http:/cu-visualab.org/oracle_query/S2/imgs/setB2/study/dogs/dog_B__155__dr2.png", "img_correctness": 0.6, "img_name": "static/imgs/study/dogs/chihuahua__155__dr2.png", "actual_label": "chihuahua"}, {"majority_label": "chihuahua", "secure_path": "https:/cu-visualab.org/oracle_query/S2/imgs/setB2/study/dogs/dog_A__55__dr10.png", "active": true, "img_confidence": 0.6, "path": "http:/cu-visualab.org/oracle_query/S2/imgs/setB2/study/dogs/dog_A__55__dr10.png", "img_correctness": 0.4, "img_name": "static/imgs/study/dogs/miniature_pinscher__55__dr10.png", "actual_label": "miniature_pinscher"}, {"majority_label": "chihuahua", "secure_path": "https:/cu-visualab.org/oracle_query/S2/imgs/setB2/study/dogs/dog_B__91__dr10.png", "active": true, "img_confidence": 0.7, "path": "http:/cu-visualab.org/oracle_query/S2/imgs/setB2/study/dogs/dog_B__91__dr10.png", "img_correctness": 0.7, "img_name": "static/imgs/study/dogs/chihuahua__91__dr10.png", "actual_label": "chihuahua"}, {"majority_label": "chihuahua", "secure_path": "https:/cu-visualab.org/oracle_query/S2/imgs/setB2/study/dogs/dog_A__17__dr5.png", "active": true, "img_confidence": 0.7, "path": "http:/cu-visualab.org/oracle_query/S2/imgs/setB2/study/dogs/dog_A__17__dr5.png", "img_correctness": 0.3, "img_name": "static/imgs/study/dogs/miniature_pinscher__17__dr5.png", "actual_label": "miniature_pinscher"}, {"majority_label": "miniature_pinscher", "secure_path": "https:/cu-visualab.org/oracle_query/S2/imgs/setB2/study/dogs/dog_B__49__dr7.png", "active": true, "img_confidence": 0.7, "path": "http:/cu-visualab.org/oracle_query/S2/imgs/setB2/study/dogs/dog_B__49__dr7.png", "img_correctness": 0.3, "img_name": "static/imgs/study/dogs/chihuahua__49__dr7.png", "actual_label": "chihuahua"}, {"majority_label": "miniature_pinscher", "secure_path": "https:/cu-visualab.org/oracle_query/S2/imgs/setB2/study/dogs/dog_A__152__dr2.png", "active": true, "img_confidence": 0.7, "path": "http:/cu-visualab.org/oracle_query/S2/imgs/setB2/study/dogs/dog_A__152__dr2.png", "img_correctness": 0.7, "img_name": "static/imgs/study/dogs/miniature_pinscher__152__dr2.png", "actual_label": "miniature_pinscher"}, {"majority_label": "chihuahua", "secure_path": "https:/cu-visualab.org/oracle_query/S2/imgs/setB2/study/dogs/dog_B__49__dr5.png", "active": true, "img_confidence": 0.7, "path": "http:/cu-visualab.org/oracle_query/S2/imgs/setB2/study/dogs/dog_B__49__dr5.png", "img_correctness": 0.7, "img_name": "static/imgs/study/dogs/chihuahua__49__dr5.png", "actual_label": "chihuahua"}, {"majority_label": "miniature_pinscher", "secure_path": "https:/cu-visualab.org/oracle_query/S2/imgs/setB2/study/dogs/dog_A__18__dr7.png", "active": true, "img_confidence": 0.7, "path": "http:/cu-visualab.org/oracle_query/S2/imgs/setB2/study/dogs/dog_A__18__dr7.png", "img_correctness": 0.7, "img_name": "static/imgs/study/dogs/miniature_pinscher__18__dr7.png", "actual_label": "miniature_pinscher"}, {"majority_label": "chihuahua", "secure_path": "https:/cu-visualab.org/oracle_query/S2/imgs/setB2/study/dogs/dog_B__137__dr7.png", "active": true, "img_confidence": 0.7, "path": "http:/cu-visualab.org/oracle_query/S2/imgs/setB2/study/dogs/dog_B__137__dr7.png", "img_correctness": 0.7, "img_name": "static/imgs/study/dogs/chihuahua__137__dr7.png", "actual_label": "chihuahua"}, {"majority_label": "miniature_pinscher", "secure_path": "https:/cu-visualab.org/oracle_query/S2/imgs/setB2/study/dogs/dog_A__30__dr5.png", "active": true, "img_confidence": 0.7, "path": "http:/cu-visualab.org/oracle_query/S2/imgs/setB2/study/dogs/dog_A__30__dr5.png", "img_correctness": 0.7, "img_name": "static/imgs/study/dogs/miniature_pinscher__30__dr5.png", "actual_label": "miniature_pinscher"}, {"majority_label": "chihuahua", "secure_path": "https:/cu-visualab.org/oracle_query/S2/imgs/setB2/study/dogs/dog_B__91__dr2.png", "active": true, "img_confidence": 0.8, "path": "http:/cu-visualab.org/oracle_query/S2/imgs/setB2/study/dogs/dog_B__91__dr2.png", "img_correctness": 0.8, "img_name": "static/imgs/study/dogs/chihuahua__91__dr2.png", "actual_label": "chihuahua"}, {"majority_label": "miniature_pinscher", "secure_path": "https:/cu-visualab.org/oracle_query/S2/imgs/setB2/study/dogs/dog_A__55__dr2.png", "active": true, "img_confidence": 0.8, "path": "http:/cu-visualab.org/oracle_query/S2/imgs/setB2/study/dogs/dog_A__55__dr2.png", "img_correctness": 0.8, "img_name": "static/imgs/study/dogs/miniature_pinscher__55__dr2.png", "actual_label": "miniature_pinscher"}, {"majority_label": "miniature_pinscher", "secure_path": "https:/cu-visualab.org/oracle_query/S2/imgs/setB2/study/dogs/dog_A__30__dr7.png", "active": true, "img_confidence": 0.8, "path": "http:/cu-visualab.org/oracle_query/S2/imgs/setB2/study/dogs/dog_A__30__dr7.png", "img_correctness": 0.8, "img_name": "static/imgs/study/dogs/miniature_pinscher__30__dr7.png", "actual_label": "miniature_pinscher"}, {"majority_label": "miniature_pinscher", "secure_path": "https:/cu-visualab.org/oracle_query/S2/imgs/setB2/study/dogs/dog_B__31__dr2.png", "active": true, "img_confidence": 0.8, "path": "http:/cu-visualab.org/oracle_query/S2/imgs/setB2/study/dogs/dog_B__31__dr2.png", "img_correctness": 0.2, "img_name": "static/imgs/study/dogs/chihuahua__31__dr2.png", "actual_label": "chihuahua"}, {"majority_label": "miniature_pinscher", "secure_path": "https:/cu-visualab.org/oracle_query/S2/imgs/setB2/study/dogs/dog_A__183__dr2.png", "active": true, "img_confidence": 0.8, "path": "http:/cu-visualab.org/oracle_query/S2/imgs/setB2/study/dogs/dog_A__183__dr2.png", "img_correctness": 0.8, "img_name": "static/imgs/study/dogs/miniature_pinscher__183__dr2.png", "actual_label": "miniature_pinscher"}, {"majority_label": "miniature_pinscher", "secure_path": "https:/cu-visualab.org/oracle_query/S2/imgs/setB2/study/dogs/dog_B__90__dr7.png", "active": true, "img_confidence": 0.8, "path": "http:/cu-visualab.org/oracle_query/S2/imgs/setB2/study/dogs/dog_B__90__dr7.png", "img_correctness": 0.2, "img_name": "static/imgs/study/dogs/chihuahua__90__dr7.png", "actual_label": "chihuahua"}, {"majority_label": "miniature_pinscher", "secure_path": "https:/cu-visualab.org/oracle_query/S2/imgs/setB2/study/dogs/dog_A__54__dr7.png", "active": true, "img_confidence": 0.8, "path": "http:/cu-visualab.org/oracle_query/S2/imgs/setB2/study/dogs/dog_A__54__dr7.png", "img_correctness": 0.8, "img_name": "static/imgs/study/dogs/miniature_pinscher__54__dr7.png", "actual_label": "miniature_pinscher"}, {"majority_label": "chihuahua", "secure_path": "https:/cu-visualab.org/oracle_query/S2/imgs/setB2/study/dogs/dog_A__17__dr7.png", "active": true, "img_confidence": 0.8, "path": "http:/cu-visualab.org/oracle_query/S2/imgs/setB2/study/dogs/dog_A__17__dr7.png", "img_correctness": 0.2, "img_name": "static/imgs/study/dogs/miniature_pinscher__17__dr7.png", "actual_label": "miniature_pinscher"}, {"majority_label": "miniature_pinscher", "secure_path": "https:/cu-visualab.org/oracle_query/S2/imgs/setB2/study/dogs/dog_B__90__dr2.png", "active": true, "img_confidence": 0.9, "path": "http:/cu-visualab.org/oracle_query/S2/imgs/setB2/study/dogs/dog_B__90__dr2.png", "img_correctness": 0.1, "img_name": "static/imgs/study/dogs/chihuahua__90__dr2.png", "actual_label": "chihuahua"}, {"majority_label": "miniature_pinscher", "secure_path": "https:/cu-visualab.org/oracle_query/S2/imgs/setB2/study/dogs/dog_A__106__dr5.png", "active": true, "img_confidence": 1.0, "path": "http:/cu-visualab.org/oracle_query/S2/imgs/setB2/study/dogs/dog_A__106__dr5.png", "img_correctness": 1.0, "img_name": "static/imgs/study/dogs/miniature_pinscher__106__dr5.png", "actual_label": "miniature_pinscher"}, {"majority_label": "miniature_pinscher", "secure_path": "https:/cu-visualab.org/oracle_query/S2/imgs/setB1/study/dogs/dog_B__57__dr7.png", "active": false, "img_confidence": 0.625, "path": "http:/cu-visualab.org/oracle_query/S2/imgs/setB1/study/dogs/dog_B__57__dr7.png", "img_correctness": 0.625, "img_name": "static/imgs/study/dogs/miniature_pinscher__57__dr7.png", "actual_label": "miniature_pinscher"}, {"majority_label": "miniature_pinscher", "secure_path": "https:/cu-visualab.org/oracle_query/S2/imgs/setB1/study/dogs/dog_B__170__dr5.png", "active": false, "img_confidence": 0.75, "path": "http:/cu-visualab.org/oracle_query/S2/imgs/setB1/study/dogs/dog_B__170__dr5.png", "img_correctness": 0.75, "img_name": "static/imgs/study/dogs/miniature_pinscher__170__dr5.png", "actual_label": "miniature_pinscher"}, {"majority_label": "miniature_pinscher", "secure_path": "https:/cu-visualab.org/oracle_query/S2/imgs/setB1/study/dogs/dog_B__144__dr2.png", "active": false, "img_confidence": 1.0, "path": "http:/cu-visualab.org/oracle_query/S2/imgs/setB1/study/dogs/dog_B__144__dr2.png", "img_correctness": 1.0, "img_name": "static/imgs/study/dogs/miniature_pinscher__144__dr2.png", "actual_label": "miniature_pinscher"}, {"majority_label": "chihuahua", "secure_path": "https:/cu-visualab.org/oracle_query/S2/imgs/setB1/study/dogs/dog_A__168__dr10.png", "active": false, "img_confidence": 0.625, "path": "http:/cu-visualab.org/oracle_query/S2/imgs/setB1/study/dogs/dog_A__168__dr10.png", "img_correctness": 0.625, "img_name": "static/imgs/study/dogs/chihuahua__168__dr10.png", "actual_label": "chihuahua"}, {"majority_label": "miniature_pinscher", "secure_path": "https:/cu-visualab.org/oracle_query/S2/imgs/setB1/study/dogs/dog_A__144__dr7.png", "active": false, "img_confidence": 0.875, "path": "http:/cu-visualab.org/oracle_query/S2/imgs/setB1/study/dogs/dog_A__144__dr7.png", "img_correctness": 0.125, "img_name": "static/imgs/study/dogs/chihuahua__144__dr7.png", "actual_label": "chihuahua"}, {"majority_label": "chihuahua", "secure_path": "https:/cu-visualab.org/oracle_query/S2/imgs/setB1/study/dogs/dog_A__30__dr2.png", "active": false, "img_confidence": 0.875, "path": "http:/cu-visualab.org/oracle_query/S2/imgs/setB1/study/dogs/dog_A__30__dr2.png", "img_correctness": 0.875, "img_name": "static/imgs/study/dogs/chihuahua__30__dr2.png", "actual_label": "chihuahua"}, {"majority_label": "miniature_pinscher", "secure_path": "https:/cu-visualab.org/oracle_query/S2/imgs/setB1/study/dogs/dog_B__170__dr7.png", "active": false, "img_confidence": 0.875, "path": "http:/cu-visualab.org/oracle_query/S2/imgs/setB1/study/dogs/dog_B__170__dr7.png", "img_correctness": 0.875, "img_name": "static/imgs/study/dogs/miniature_pinscher__170__dr7.png", "actual_label": "miniature_pinscher"}, {"majority_label": "chihuahua", "secure_path": "https:/cu-visualab.org/oracle_query/S2/imgs/setB1/study/dogs/dog_A__148__dr2.png", "active": false, "img_confidence": 0.5, "path": "http:/cu-visualab.org/oracle_query/S2/imgs/setB1/study/dogs/dog_A__148__dr2.png", "img_correctness": 0.5, "img_name": "static/imgs/study/dogs/chihuahua__148__dr2.png", "actual_label": "chihuahua"}, {"majority_label": "miniature_pinscher", "secure_path": "https:/cu-visualab.org/oracle_query/S2/imgs/setB1/study/dogs/dog_B__170__dr2.png", "active": false, "img_confidence": 0.875, "path": "http:/cu-visualab.org/oracle_query/S2/imgs/setB1/study/dogs/dog_B__170__dr2.png", "img_correctness": 0.875, "img_name": "static/imgs/study/dogs/miniature_pinscher__170__dr2.png", "actual_label": "miniature_pinscher"}, {"majority_label": "chihuahua", "secure_path": "https:/cu-visualab.org/oracle_query/S2/imgs/setB1/study/dogs/dog_A__168__dr5.png", "active": false, "img_confidence": 1.0, "path": "http:/cu-visualab.org/oracle_query/S2/imgs/setB1/study/dogs/dog_A__168__dr5.png", "img_correctness": 1.0, "img_name": "static/imgs/study/dogs/chihuahua__168__dr5.png", "actual_label": "chihuahua"}, {"majority_label": "miniature_pinscher", "secure_path": "https:/cu-visualab.org/oracle_query/S2/imgs/setB1/study/dogs/dog_B__57__dr10.png", "active": false, "img_confidence": 0.75, "path": "http:/cu-visualab.org/oracle_query/S2/imgs/setB1/study/dogs/dog_B__57__dr10.png", "img_correctness": 0.75, "img_name": "static/imgs/study/dogs/miniature_pinscher__57__dr10.png", "actual_label": "miniature_pinscher"}, {"majority_label": "miniature_pinscher", "secure_path": "https:/cu-visualab.org/oracle_query/S2/imgs/setB1/study/dogs/dog_B__144__dr5.png", "active": false, "img_confidence": 0.875, "path": "http:/cu-visualab.org/oracle_query/S2/imgs/setB1/study/dogs/dog_B__144__dr5.png", "img_correctness": 0.875, "img_name": "static/imgs/study/dogs/miniature_pinscher__144__dr5.png", "actual_label": "miniature_pinscher"}, {"majority_label": "chihuahua", "secure_path": "https:/cu-visualab.org/oracle_query/S2/imgs/setB1/study/dogs/dog_A__161__dr10.png", "active": false, "img_confidence": 0.625, "path": "http:/cu-visualab.org/oracle_query/S2/imgs/setB1/study/dogs/dog_A__161__dr10.png", "img_correctness": 0.625, "img_name": "static/imgs/study/dogs/chihuahua__161__dr10.png", "actual_label": "chihuahua"}, {"majority_label": "miniature_pinscher", "secure_path": "https:/cu-visualab.org/oracle_query/S2/imgs/setB1/study/dogs/dog_B__24__dr10.png", "active": false, "img_confidence": 0.875, "path": "http:/cu-visualab.org/oracle_query/S2/imgs/setB1/study/dogs/dog_B__24__dr10.png", "img_correctness": 0.875, "img_name": "static/imgs/study/dogs/miniature_pinscher__24__dr10.png", "actual_label": "miniature_pinscher"}, {"majority_label": "miniature_pinscher", "secure_path": "https:/cu-visualab.org/oracle_query/S2/imgs/setB1/study/dogs/dog_B__43__dr10.png", "active": false, "img_confidence": 0.875, "path": "http:/cu-visualab.org/oracle_query/S2/imgs/setB1/study/dogs/dog_B__43__dr10.png", "img_correctness": 0.875, "img_name": "static/imgs/study/dogs/miniature_pinscher__43__dr10.png", "actual_label": "miniature_pinscher"}, {"majority_label": "chihuahua", "secure_path": "https:/cu-visualab.org/oracle_query/S2/imgs/setB1/study/dogs/dog_A__161__dr7.png", "active": false, "img_confidence": 0.625, "path": "http:/cu-visualab.org/oracle_query/S2/imgs/setB1/study/dogs/dog_A__161__dr7.png", "img_correctness": 0.625, "img_name": "static/imgs/study/dogs/chihuahua__161__dr7.png", "actual_label": "chihuahua"}, {"majority_label": "chihuahua", "secure_path": "https:/cu-visualab.org/oracle_query/S2/imgs/setB1/study/dogs/dog_A__121__dr10.png", "active": false, "img_confidence": 0.5, "path": "http:/cu-visualab.org/oracle_query/S2/imgs/setB1/study/dogs/dog_A__121__dr10.png", "img_correctness": 0.5, "img_name": "static/imgs/study/dogs/chihuahua__121__dr10.png", "actual_label": "chihuahua"}, {"majority_label": "miniature_pinscher", "secure_path": "https:/cu-visualab.org/oracle_query/S2/imgs/setB1/study/dogs/dog_B__57__dr5.png", "active": false, "img_confidence": 0.625, "path": "http:/cu-visualab.org/oracle_query/S2/imgs/setB1/study/dogs/dog_B__57__dr5.png", "img_correctness": 0.625, "img_name": "static/imgs/study/dogs/miniature_pinscher__57__dr5.png", "actual_label": "miniature_pinscher"}, {"majority_label": "chihuahua", "secure_path": "https:/cu-visualab.org/oracle_query/S2/imgs/setB1/study/dogs/dog_A__110__dr2.png", "active": false, "img_confidence": 0.75, "path": "http:/cu-visualab.org/oracle_query/S2/imgs/setB1/study/dogs/dog_A__110__dr2.png", "img_correctness": 0.75, "img_name": "static/imgs/study/dogs/chihuahua__110__dr2.png", "actual_label": "chihuahua"}, {"majority_label": "chihuahua", "secure_path": "https:/cu-visualab.org/oracle_query/S2/imgs/setB1/study/dogs/dog_A__63__dr7.png", "active": false, "img_confidence": 0.625, "path": "http:/cu-visualab.org/oracle_query/S2/imgs/setB1/study/dogs/dog_A__63__dr7.png", "img_correctness": 0.625, "img_name": "static/imgs/study/dogs/chihuahua__63__dr7.png", "actual_label": "chihuahua"}, {"majority_label": "chihuahua", "secure_path": "https:/cu-visualab.org/oracle_query/S2/imgs/setB1/study/dogs/dog_A__109__dr5.png", "active": false, "img_confidence": 0.875, "path": "http:/cu-visualab.org/oracle_query/S2/imgs/setB1/study/dogs/dog_A__109__dr5.png", "img_correctness": 0.875, "img_name": "static/imgs/study/dogs/chihuahua__109__dr5.png", "actual_label": "chihuahua"}, {"majority_label": "miniature_pinscher", "secure_path": "https:/cu-visualab.org/oracle_query/S2/imgs/setB1/study/dogs/dog_B__141__dr7.png", "active": false, "img_confidence": 0.625, "path": "http:/cu-visualab.org/oracle_query/S2/imgs/setB1/study/dogs/dog_B__141__dr7.png", "img_correctness": 0.625, "img_name": "static/imgs/study/dogs/miniature_pinscher__141__dr7.png", "actual_label": "miniature_pinscher"}, {"majority_label": "miniature_pinscher", "secure_path": "https:/cu-visualab.org/oracle_query/S2/imgs/setB1/study/dogs/dog_B__190__dr10.png", "active": false, "img_confidence": 1.0, "path": "http:/cu-visualab.org/oracle_query/S2/imgs/setB1/study/dogs/dog_B__190__dr10.png", "img_correctness": 1.0, "img_name": "static/imgs/study/dogs/miniature_pinscher__190__dr10.png", "actual_label": "miniature_pinscher"}, {"majority_label": "miniature_pinscher", "secure_path": "https:/cu-visualab.org/oracle_query/S2/imgs/setB1/study/dogs/dog_B__117__dr2.png", "active": false, "img_confidence": 0.875, "path": "http:/cu-visualab.org/oracle_query/S2/imgs/setB1/study/dogs/dog_B__117__dr2.png", "img_correctness": 0.875, "img_name": "static/imgs/study/dogs/miniature_pinscher__117__dr2.png", "actual_label": "miniature_pinscher"}, {"majority_label": "miniature_pinscher", "secure_path": "https:/cu-visualab.org/oracle_query/S2/imgs/setB1/study/dogs/dog_B__123__dr7.png", "active": false, "img_confidence": 0.75, "path": "http:/cu-visualab.org/oracle_query/S2/imgs/setB1/study/dogs/dog_B__123__dr7.png", "img_correctness": 0.75, "img_name": "static/imgs/study/dogs/miniature_pinscher__123__dr7.png", "actual_label": "miniature_pinscher"}, {"majority_label": "chihuahua", "secure_path": "https:/cu-visualab.org/oracle_query/S2/imgs/setB1/study/dogs/dog_A__40__dr2.png", "active": false, "img_confidence": 0.625, "path": "http:/cu-visualab.org/oracle_query/S2/imgs/setB1/study/dogs/dog_A__40__dr2.png", "img_correctness": 0.625, "img_name": "static/imgs/study/dogs/chihuahua__40__dr2.png", "actual_label": "chihuahua"}, {"majority_label": "chihuahua", "secure_path": "https:/cu-visualab.org/oracle_query/S2/imgs/setB1/study/dogs/dog_A__40__dr7.png", "active": false, "img_confidence": 0.5, "path": "http:/cu-visualab.org/oracle_query/S2/imgs/setB1/study/dogs/dog_A__40__dr7.png", "img_correctness": 0.5, "img_name": "static/imgs/study/dogs/chihuahua__40__dr7.png", "actual_label": "chihuahua"}, {"majority_label": "miniature_pinscher", "secure_path": "https:/cu-visualab.org/oracle_query/S2/imgs/setB1/study/dogs/dog_A__148__dr7.png", "active": false, "img_confidence": 0.875, "path": "http:/cu-visualab.org/oracle_query/S2/imgs/setB1/study/dogs/dog_A__148__dr7.png", "img_correctness": 0.125, "img_name": "static/imgs/study/dogs/chihuahua__148__dr7.png", "actual_label": "chihuahua"}, {"majority_label": "miniature_pinscher", "secure_path": "https:/cu-visualab.org/oracle_query/S2/imgs/setB1/study/dogs/dog_B__117__dr5.png", "active": false, "img_confidence": 0.75, "path": "http:/cu-visualab.org/oracle_query/S2/imgs/setB1/study/dogs/dog_B__117__dr5.png", "img_correctness": 0.75, "img_name": "static/imgs/study/dogs/miniature_pinscher__117__dr5.png", "actual_label": "miniature_pinscher"}, {"majority_label": "miniature_pinscher", "secure_path": "https:/cu-visualab.org/oracle_query/S2/imgs/setB1/study/dogs/dog_B__98__dr2.png", "active": false, "img_confidence": 0.625, "path": "http:/cu-visualab.org/oracle_query/S2/imgs/setB1/study/dogs/dog_B__98__dr2.png", "img_correctness": 0.625, "img_name": "static/imgs/study/dogs/miniature_pinscher__98__dr2.png", "actual_label": "miniature_pinscher"}, {"majority_label": "miniature_pinscher", "secure_path": "https:/cu-visualab.org/oracle_query/S2/imgs/setB1/study/dogs/dog_B__189__dr7.png", "active": false, "img_confidence": 0.875, "path": "http:/cu-visualab.org/oracle_query/S2/imgs/setB1/study/dogs/dog_B__189__dr7.png", "img_correctness": 0.875, "img_name": "static/imgs/study/dogs/miniature_pinscher__189__dr7.png", "actual_label": "miniature_pinscher"}, {"majority_label": "miniature_pinscher", "secure_path": "https:/cu-visualab.org/oracle_query/S2/imgs/setB1/study/dogs/dog_B__43__dr5.png", "active": false, "img_confidence": 0.625, "path": "http:/cu-visualab.org/oracle_query/S2/imgs/setB1/study/dogs/dog_B__43__dr5.png", "img_correctness": 0.625, "img_name": "static/imgs/study/dogs/miniature_pinscher__43__dr5.png", "actual_label": "miniature_pinscher"}, {"majority_label": "miniature_pinscher", "secure_path": "https:/cu-visualab.org/oracle_query/S2/imgs/setB1/study/dogs/dog_B__123__dr10.png", "active": false, "img_confidence": 0.875, "path": "http:/cu-visualab.org/oracle_query/S2/imgs/setB1/study/dogs/dog_B__123__dr10.png", "img_correctness": 0.875, "img_name": "static/imgs/study/dogs/miniature_pinscher__123__dr10.png", "actual_label": "miniature_pinscher"}, {"majority_label": "chihuahua", "secure_path": "https:/cu-visualab.org/oracle_query/S2/imgs/setB1/study/dogs/dog_B__98__dr5.png", "active": false, "img_confidence": 0.625, "path": "http:/cu-visualab.org/oracle_query/S2/imgs/setB1/study/dogs/dog_B__98__dr5.png", "img_correctness": 0.375, "img_name": "static/imgs/study/dogs/miniature_pinscher__98__dr5.png", "actual_label": "miniature_pinscher"}, {"majority_label": "miniature_pinscher", "secure_path": "https:/cu-visualab.org/oracle_query/S2/imgs/setB1/study/dogs/dog_B__144__dr7.png", "active": false, "img_confidence": 0.75, "path": "http:/cu-visualab.org/oracle_query/S2/imgs/setB1/study/dogs/dog_B__144__dr7.png", "img_correctness": 0.75, "img_name": "static/imgs/study/dogs/miniature_pinscher__144__dr7.png", "actual_label": "miniature_pinscher"}, {"majority_label": "chihuahua", "secure_path": "https:/cu-visualab.org/oracle_query/S2/imgs/setB1/study/dogs/dog_A__83__dr7.png", "active": false, "img_confidence": 0.625, "path": "http:/cu-visualab.org/oracle_query/S2/imgs/setB1/study/dogs/dog_A__83__dr7.png", "img_correctness": 0.625, "img_name": "static/imgs/study/dogs/chihuahua__83__dr7.png", "actual_label": "chihuahua"}, {"majority_label": "chihuahua", "secure_path": "https:/cu-visualab.org/oracle_query/S2/imgs/setB1/study/dogs/dog_A__121__dr2.png", "active": false, "img_confidence": 0.625, "path": "http:/cu-visualab.org/oracle_query/S2/imgs/setB1/study/dogs/dog_A__121__dr2.png", "img_correctness": 0.625, "img_name": "static/imgs/study/dogs/chihuahua__121__dr2.png", "actual_label": "chihuahua"}, {"majority_label": "miniature_pinscher", "secure_path": "https:/cu-visualab.org/oracle_query/S2/imgs/setB1/study/dogs/dog_B__189__dr10.png", "active": false, "img_confidence": 0.875, "path": "http:/cu-visualab.org/oracle_query/S2/imgs/setB1/study/dogs/dog_B__189__dr10.png", "img_correctness": 0.875, "img_name": "static/imgs/study/dogs/miniature_pinscher__189__dr10.png", "actual_label": "miniature_pinscher"}, {"majority_label": "chihuahua", "secure_path": "https:/cu-visualab.org/oracle_query/S2/imgs/setB1/study/dogs/dog_A__168__dr7.png", "active": false, "img_confidence": 0.75, "path": "http:/cu-visualab.org/oracle_query/S2/imgs/setB1/study/dogs/dog_A__168__dr7.png", "img_correctness": 0.75, "img_name": "static/imgs/study/dogs/chihuahua__168__dr7.png", "actual_label": "chihuahua"}, {"majority_label": "miniature_pinscher", "secure_path": "https:/cu-visualab.org/oracle_query/S2/imgs/setB1/study/dogs/dog_B__65__dr7.png", "active": false, "img_confidence": 0.75, "path": "http:/cu-visualab.org/oracle_query/S2/imgs/setB1/study/dogs/dog_B__65__dr7.png", "img_correctness": 0.75, "img_name": "static/imgs/study/dogs/miniature_pinscher__65__dr7.png", "actual_label": "miniature_pinscher"}, {"majority_label": "chihuahua", "secure_path": "https:/cu-visualab.org/oracle_query/S2/imgs/setB1/study/dogs/dog_A__161__dr2.png", "active": false, "img_confidence": 0.625, "path": "http:/cu-visualab.org/oracle_query/S2/imgs/setB1/study/dogs/dog_A__161__dr2.png", "img_correctness": 0.625, "img_name": "static/imgs/study/dogs/chihuahua__161__dr2.png", "actual_label": "chihuahua"}, {"majority_label": "chihuahua", "secure_path": "https:/cu-visualab.org/oracle_query/S2/imgs/setB1/study/dogs/dog_A__30__dr5.png", "active": false, "img_confidence": 0.5, "path": "http:/cu-visualab.org/oracle_query/S2/imgs/setB1/study/dogs/dog_A__30__dr5.png", "img_correctness": 0.5, "img_name": "static/imgs/study/dogs/chihuahua__30__dr5.png", "actual_label": "chihuahua"}, {"majority_label": "miniature_pinscher", "secure_path": "https:/cu-visualab.org/oracle_query/S2/imgs/setB1/study/dogs/dog_A__144__dr10.png", "active": false, "img_confidence": 0.625, "path": "http:/cu-visualab.org/oracle_query/S2/imgs/setB1/study/dogs/dog_A__144__dr10.png", "img_correctness": 0.375, "img_name": "static/imgs/study/dogs/chihuahua__144__dr10.png", "actual_label": "chihuahua"}, {"majority_label": "miniature_pinscher", "secure_path": "https:/cu-visualab.org/oracle_query/S2/imgs/setB1/study/dogs/dog_B__123__dr5.png", "active": false, "img_confidence": 0.75, "path": "http:/cu-visualab.org/oracle_query/S2/imgs/setB1/study/dogs/dog_B__123__dr5.png", "img_correctness": 0.75, "img_name": "static/imgs/study/dogs/miniature_pinscher__123__dr5.png", "actual_label": "miniature_pinscher"}, {"majority_label": "chihuahua", "secure_path": "https:/cu-visualab.org/oracle_query/S2/imgs/setB1/study/dogs/dog_A__121__dr5.png", "active": false, "img_confidence": 0.75, "path": "http:/cu-visualab.org/oracle_query/S2/imgs/setB1/study/dogs/dog_A__121__dr5.png", "img_correctness": 0.75, "img_name": "static/imgs/study/dogs/chihuahua__121__dr5.png", "actual_label": "chihuahua"}, {"majority_label": "miniature_pinscher", "secure_path": "https:/cu-visualab.org/oracle_query/S2/imgs/setB1/study/dogs/dog_B__190__dr2.png", "active": false, "img_confidence": 1.0, "path": "http:/cu-visualab.org/oracle_query/S2/imgs/setB1/study/dogs/dog_B__190__dr2.png", "img_correctness": 1.0, "img_name": "static/imgs/study/dogs/miniature_pinscher__190__dr2.png", "actual_label": "miniature_pinscher"}, {"majority_label": "chihuahua", "secure_path": "https:/cu-visualab.org/oracle_query/S2/imgs/setB1/study/dogs/dog_A__40__dr10.png", "active": false, "img_confidence": 0.625, "path": "http:/cu-visualab.org/oracle_query/S2/imgs/setB1/study/dogs/dog_A__40__dr10.png", "img_correctness": 0.625, "img_name": "static/imgs/study/dogs/chihuahua__40__dr10.png", "actual_label": "chihuahua"}, {"majority_label": "miniature_pinscher", "secure_path": "https:/cu-visualab.org/oracle_query/S2/imgs/setB1/study/dogs/dog_B__170__dr10.png", "active": false, "img_confidence": 0.75, "path": "http:/cu-visualab.org/oracle_query/S2/imgs/setB1/study/dogs/dog_B__170__dr10.png", "img_correctness": 0.75, "img_name": "static/imgs/study/dogs/miniature_pinscher__170__dr10.png", "actual_label": "miniature_pinscher"}, {"majority_label": "miniature_pinscher", "secure_path": "https:/cu-visualab.org/oracle_query/S2/imgs/setB1/study/dogs/dog_B__189__dr5.png", "active": false, "img_confidence": 1.0, "path": "http:/cu-visualab.org/oracle_query/S2/imgs/setB1/study/dogs/dog_B__189__dr5.png", "img_correctness": 1.0, "img_name": "static/imgs/study/dogs/miniature_pinscher__189__dr5.png", "actual_label": "miniature_pinscher"}, {"majority_label": "chihuahua", "secure_path": "https:/cu-visualab.org/oracle_query/S2/imgs/setB1/study/dogs/dog_A__110__dr10.png", "active": false, "img_confidence": 0.625, "path": "http:/cu-visualab.org/oracle_query/S2/imgs/setB1/study/dogs/dog_A__110__dr10.png", "img_correctness": 0.625, "img_name": "static/imgs/study/dogs/chihuahua__110__dr10.png", "actual_label": "chihuahua"}, {"majority_label": "chihuahua", "secure_path": "https:/cu-visualab.org/oracle_query/S2/imgs/setB1/study/dogs/dog_A__110__dr7.png", "active": false, "img_confidence": 0.5, "path": "http:/cu-visualab.org/oracle_query/S2/imgs/setB1/study/dogs/dog_A__110__dr7.png", "img_correctness": 0.5, "img_name": "static/imgs/study/dogs/chihuahua__110__dr7.png", "actual_label": "chihuahua"}, {"majority_label": "chihuahua", "secure_path": "https:/cu-visualab.org/oracle_query/S2/imgs/setB1/study/dogs/dog_A__83__dr2.png", "active": false, "img_confidence": 0.75, "path": "http:/cu-visualab.org/oracle_query/S2/imgs/setB1/study/dogs/dog_A__83__dr2.png", "img_correctness": 0.75, "img_name": "static/imgs/study/dogs/chihuahua__83__dr2.png", "actual_label": "chihuahua"}, {"majority_label": "chihuahua", "secure_path": "https:/cu-visualab.org/oracle_query/S2/imgs/setB1/study/dogs/dog_A__40__dr5.png", "active": false, "img_confidence": 0.875, "path": "http:/cu-visualab.org/oracle_query/S2/imgs/setB1/study/dogs/dog_A__40__dr5.png", "img_correctness": 0.875, "img_name": "static/imgs/study/dogs/chihuahua__40__dr5.png", "actual_label": "chihuahua"}, {"majority_label": "chihuahua", "secure_path": "https:/cu-visualab.org/oracle_query/S2/imgs/setB1/study/dogs/dog_A__63__dr5.png", "active": false, "img_confidence": 0.875, "path": "http:/cu-visualab.org/oracle_query/S2/imgs/setB1/study/dogs/dog_A__63__dr5.png", "img_correctness": 0.875, "img_name": "static/imgs/study/dogs/chihuahua__63__dr5.png", "actual_label": "chihuahua"}, {"majority_label": "chihuahua", "secure_path": "https:/cu-visualab.org/oracle_query/S2/imgs/setB1/study/dogs/dog_A__34__dr2.png", "active": false, "img_confidence": 1.0, "path": "http:/cu-visualab.org/oracle_query/S2/imgs/setB1/study/dogs/dog_A__34__dr2.png", "img_correctness": 1.0, "img_name": "static/imgs/study/dogs/chihuahua__34__dr2.png", "actual_label": "chihuahua"}, {"majority_label": "miniature_pinscher", "secure_path": "https:/cu-visualab.org/oracle_query/S2/imgs/setB1/study/dogs/dog_B__189__dr2.png", "active": false, "img_confidence": 0.875, "path": "http:/cu-visualab.org/oracle_query/S2/imgs/setB1/study/dogs/dog_B__189__dr2.png", "img_correctness": 0.875, "img_name": "static/imgs/study/dogs/miniature_pinscher__189__dr2.png", "actual_label": "miniature_pinscher"}, {"majority_label": "miniature_pinscher", "secure_path": "https:/cu-visualab.org/oracle_query/S2/imgs/setB1/study/dogs/dog_B__141__dr5.png", "active": false, "img_confidence": 0.625, "path": "http:/cu-visualab.org/oracle_query/S2/imgs/setB1/study/dogs/dog_B__141__dr5.png", "img_correctness": 0.625, "img_name": "static/imgs/study/dogs/miniature_pinscher__141__dr5.png", "actual_label": "miniature_pinscher"}, {"majority_label": "chihuahua", "secure_path": "https:/cu-visualab.org/oracle_query/S2/imgs/setB1/study/dogs/dog_B__57__dr2.png", "active": false, "img_confidence": 0.5, "path": "http:/cu-visualab.org/oracle_query/S2/imgs/setB1/study/dogs/dog_B__57__dr2.png", "img_correctness": 0.5, "img_name": "static/imgs/study/dogs/miniature_pinscher__57__dr2.png", "actual_label": "miniature_pinscher"}, {"majority_label": "chihuahua", "secure_path": "https:/cu-visualab.org/oracle_query/S2/imgs/setB1/study/dogs/dog_A__63__dr2.png", "active": false, "img_confidence": 0.875, "path": "http:/cu-visualab.org/oracle_query/S2/imgs/setB1/study/dogs/dog_A__63__dr2.png", "img_correctness": 0.875, "img_name": "static/imgs/study/dogs/chihuahua__63__dr2.png", "actual_label": "chihuahua"}, {"majority_label": "miniature_pinscher", "secure_path": "https:/cu-visualab.org/oracle_query/S2/imgs/setB1/study/dogs/dog_B__43__dr7.png", "active": false, "img_confidence": 0.75, "path": "http:/cu-visualab.org/oracle_query/S2/imgs/setB1/study/dogs/dog_B__43__dr7.png", "img_correctness": 0.75, "img_name": "static/imgs/study/dogs/miniature_pinscher__43__dr7.png", "actual_label": "miniature_pinscher"}, {"majority_label": "miniature_pinscher", "secure_path": "https:/cu-visualab.org/oracle_query/S2/imgs/setB1/study/dogs/dog_B__65__dr2.png", "active": false, "img_confidence": 0.75, "path": "http:/cu-visualab.org/oracle_query/S2/imgs/setB1/study/dogs/dog_B__65__dr2.png", "img_correctness": 0.75, "img_name": "static/imgs/study/dogs/miniature_pinscher__65__dr2.png", "actual_label": "miniature_pinscher"}, {"majority_label": "miniature_pinscher", "secure_path": "https:/cu-visualab.org/oracle_query/S2/imgs/setB1/study/dogs/dog_B__141__dr2.png", "active": false, "img_confidence": 0.75, "path": "http:/cu-visualab.org/oracle_query/S2/imgs/setB1/study/dogs/dog_B__141__dr2.png", "img_correctness": 0.75, "img_name": "static/imgs/study/dogs/miniature_pinscher__141__dr2.png", "actual_label": "miniature_pinscher"}, {"majority_label": "miniature_pinscher", "secure_path": "https:/cu-visualab.org/oracle_query/S2/imgs/setB1/study/dogs/dog_B__98__dr7.png", "active": false, "img_confidence": 0.625, "path": "http:/cu-visualab.org/oracle_query/S2/imgs/setB1/study/dogs/dog_B__98__dr7.png", "img_correctness": 0.625, "img_name": "static/imgs/study/dogs/miniature_pinscher__98__dr7.png", "actual_label": "miniature_pinscher"}, {"majority_label": "chihuahua", "secure_path": "https:/cu-visualab.org/oracle_query/S2/imgs/setB1/study/dogs/dog_A__122__dr7.png", "active": false, "img_confidence": 0.75, "path": "http:/cu-visualab.org/oracle_query/S2/imgs/setB1/study/dogs/dog_A__122__dr7.png", "img_correctness": 0.75, "img_name": "static/imgs/study/dogs/chihuahua__122__dr7.png", "actual_label": "chihuahua"}, {"majority_label": "miniature_pinscher", "secure_path": "https:/cu-visualab.org/oracle_query/S2/imgs/setB1/study/dogs/dog_B__123__dr2.png", "active": false, "img_confidence": 0.75, "path": "http:/cu-visualab.org/oracle_query/S2/imgs/setB1/study/dogs/dog_B__123__dr2.png", "img_correctness": 0.75, "img_name": "static/imgs/study/dogs/miniature_pinscher__123__dr2.png", "actual_label": "miniature_pinscher"}, {"majority_label": "chihuahua", "secure_path": "https:/cu-visualab.org/oracle_query/S2/imgs/setB1/study/dogs/dog_A__109__dr10.png", "active": false, "img_confidence": 0.75, "path": "http:/cu-visualab.org/oracle_query/S2/imgs/setB1/study/dogs/dog_A__109__dr10.png", "img_correctness": 0.75, "img_name": "static/imgs/study/dogs/chihuahua__109__dr10.png", "actual_label": "chihuahua"}, {"majority_label": "chihuahua", "secure_path": "https:/cu-visualab.org/oracle_query/S2/imgs/setB1/study/dogs/dog_A__83__dr10.png", "active": false, "img_confidence": 0.5, "path": "http:/cu-visualab.org/oracle_query/S2/imgs/setB1/study/dogs/dog_A__83__dr10.png", "img_correctness": 0.5, "img_name": "static/imgs/study/dogs/chihuahua__83__dr10.png", "actual_label": "chihuahua"}, {"majority_label": "miniature_pinscher", "secure_path": "https:/cu-visualab.org/oracle_query/S2/imgs/setB1/study/dogs/dog_B__65__dr10.png", "active": false, "img_confidence": 0.75, "path": "http:/cu-visualab.org/oracle_query/S2/imgs/setB1/study/dogs/dog_B__65__dr10.png", "img_correctness": 0.75, "img_name": "static/imgs/study/dogs/miniature_pinscher__65__dr10.png", "actual_label": "miniature_pinscher"}, {"majority_label": "miniature_pinscher", "secure_path": "https:/cu-visualab.org/oracle_query/S2/imgs/setB1/study/dogs/dog_B__65__dr5.png", "active": false, "img_confidence": 0.875, "path": "http:/cu-visualab.org/oracle_query/S2/imgs/setB1/study/dogs/dog_B__65__dr5.png", "img_correctness": 0.875, "img_name": "static/imgs/study/dogs/miniature_pinscher__65__dr5.png", "actual_label": "miniature_pinscher"}, {"majority_label": "miniature_pinscher", "secure_path": "https:/cu-visualab.org/oracle_query/S2/imgs/setB1/study/dogs/dog_B__98__dr10.png", "active": false, "img_confidence": 0.625, "path": "http:/cu-visualab.org/oracle_query/S2/imgs/setB1/study/dogs/dog_B__98__dr10.png", "img_correctness": 0.625, "img_name": "static/imgs/study/dogs/miniature_pinscher__98__dr10.png", "actual_label": "miniature_pinscher"}, {"majority_label": "chihuahua", "secure_path": "https:/cu-visualab.org/oracle_query/S2/imgs/setB1/study/dogs/dog_A__122__dr5.png", "active": false, "img_confidence": 0.875, "path": "http:/cu-visualab.org/oracle_query/S2/imgs/setB1/study/dogs/dog_A__122__dr5.png", "img_correctness": 0.875, "img_name": "static/imgs/study/dogs/chihuahua__122__dr5.png", "actual_label": "chihuahua"}, {"majority_label": "chihuahua", "secure_path": "https:/cu-visualab.org/oracle_query/S2/imgs/setB1/study/dogs/dog_A__168__dr2.png", "active": false, "img_confidence": 1.0, "path": "http:/cu-visualab.org/oracle_query/S2/imgs/setB1/study/dogs/dog_A__168__dr2.png", "img_correctness": 1.0, "img_name": "static/imgs/study/dogs/chihuahua__168__dr2.png", "actual_label": "chihuahua"}, {"majority_label": "miniature_pinscher", "secure_path": "https:/cu-visualab.org/oracle_query/S2/imgs/setB1/study/dogs/dog_A__121__dr7.png", "active": false, "img_confidence": 0.625, "path": "http:/cu-visualab.org/oracle_query/S2/imgs/setB1/study/dogs/dog_A__121__dr7.png", "img_correctness": 0.375, "img_name": "static/imgs/study/dogs/chihuahua__121__dr7.png", "actual_label": "chihuahua"}, {"majority_label": "miniature_pinscher", "secure_path": "https:/cu-visualab.org/oracle_query/S2/imgs/setB1/study/dogs/dog_A__144__dr2.png", "active": false, "img_confidence": 1.0, "path": "http:/cu-visualab.org/oracle_query/S2/imgs/setB1/study/dogs/dog_A__144__dr2.png", "img_correctness": 0.0, "img_name": "static/imgs/study/dogs/chihuahua__144__dr2.png", "actual_label": "chihuahua"}, {"majority_label": "miniature_pinscher", "secure_path": "https:/cu-visualab.org/oracle_query/S2/imgs/setB1/study/dogs/dog_A__30__dr7.png", "active": false, "img_confidence": 0.75, "path": "http:/cu-visualab.org/oracle_query/S2/imgs/setB1/study/dogs/dog_A__30__dr7.png", "img_correctness": 0.25, "img_name": "static/imgs/study/dogs/chihuahua__30__dr7.png", "actual_label": "chihuahua"}, {"majority_label": "chihuahua", "secure_path": "https:/cu-visualab.org/oracle_query/S2/imgs/setB1/study/dogs/dog_A__110__dr5.png", "active": false, "img_confidence": 0.5, "path": "http:/cu-visualab.org/oracle_query/S2/imgs/setB1/study/dogs/dog_A__110__dr5.png", "img_correctness": 0.5, "img_name": "static/imgs/study/dogs/chihuahua__110__dr5.png", "actual_label": "chihuahua"}, {"majority_label": "miniature_pinscher", "secure_path": "https:/cu-visualab.org/oracle_query/S2/imgs/setB1/study/dogs/dog_B__190__dr7.png", "active": false, "img_confidence": 0.875, "path": "http:/cu-visualab.org/oracle_query/S2/imgs/setB1/study/dogs/dog_B__190__dr7.png", "img_correctness": 0.875, "img_name": "static/imgs/study/dogs/miniature_pinscher__190__dr7.png", "actual_label": "miniature_pinscher"}, {"majority_label": "chihuahua", "secure_path": "https:/cu-visualab.org/oracle_query/S2/imgs/setB1/study/dogs/dog_B__43__dr2.png", "active": false, "img_confidence": 0.625, "path": "http:/cu-visualab.org/oracle_query/S2/imgs/setB1/study/dogs/dog_B__43__dr2.png", "img_correctness": 0.375, "img_name": "static/imgs/study/dogs/miniature_pinscher__43__dr2.png", "actual_label": "miniature_pinscher"}, {"majority_label": "miniature_pinscher", "secure_path": "https:/cu-visualab.org/oracle_query/S2/imgs/setB1/study/dogs/dog_B__24__dr7.png", "active": false, "img_confidence": 1.0, "path": "http:/cu-visualab.org/oracle_query/S2/imgs/setB1/study/dogs/dog_B__24__dr7.png", "img_correctness": 1.0, "img_name": "static/imgs/study/dogs/miniature_pinscher__24__dr7.png", "actual_label": "miniature_pinscher"}, {"majority_label": "miniature_pinscher", "secure_path": "https:/cu-visualab.org/oracle_query/S2/imgs/setB1/study/dogs/dog_B__24__dr2.png", "active": false, "img_confidence": 0.875, "path": "http:/cu-visualab.org/oracle_query/S2/imgs/setB1/study/dogs/dog_B__24__dr2.png", "img_correctness": 0.875, "img_name": "static/imgs/study/dogs/miniature_pinscher__24__dr2.png", "actual_label": "miniature_pinscher"}, {"majority_label": "miniature_pinscher", "secure_path": "https:/cu-visualab.org/oracle_query/S2/imgs/setB1/study/dogs/dog_B__117__dr7.png", "active": false, "img_confidence": 1.0, "path": "http:/cu-visualab.org/oracle_query/S2/imgs/setB1/study/dogs/dog_B__117__dr7.png", "img_correctness": 1.0, "img_name": "static/imgs/study/dogs/miniature_pinscher__117__dr7.png", "actual_label": "miniature_pinscher"}, {"majority_label": "miniature_pinscher", "secure_path": "https:/cu-visualab.org/oracle_query/S2/imgs/setB1/study/dogs/dog_A__148__dr10.png", "active": false, "img_confidence": 0.875, "path": "http:/cu-visualab.org/oracle_query/S2/imgs/setB1/study/dogs/dog_A__148__dr10.png", "img_correctness": 0.125, "img_name": "static/imgs/study/dogs/chihuahua__148__dr10.png", "actual_label": "chihuahua"}, {"majority_label": "miniature_pinscher", "secure_path": "https:/cu-visualab.org/oracle_query/S2/imgs/setB1/study/dogs/dog_B__190__dr5.png", "active": false, "img_confidence": 0.875, "path": "http:/cu-visualab.org/oracle_query/S2/imgs/setB1/study/dogs/dog_B__190__dr5.png", "img_correctness": 0.875, "img_name": "static/imgs/study/dogs/miniature_pinscher__190__dr5.png", "actual_label": "miniature_pinscher"}, {"majority_label": "miniature_pinscher", "secure_path": "https:/cu-visualab.org/oracle_query/S2/imgs/setB1/study/dogs/dog_B__144__dr10.png", "active": false, "img_confidence": 0.875, "path": "http:/cu-visualab.org/oracle_query/S2/imgs/setB1/study/dogs/dog_B__144__dr10.png", "img_correctness": 0.875, "img_name": "static/imgs/study/dogs/miniature_pinscher__144__dr10.png", "actual_label": "miniature_pinscher"}, {"majority_label": "miniature_pinscher", "secure_path": "https:/cu-visualab.org/oracle_query/S2/imgs/setB1/study/dogs/dog_A__144__dr5.png", "active": false, "img_confidence": 0.75, "path": "http:/cu-visualab.org/oracle_query/S2/imgs/setB1/study/dogs/dog_A__144__dr5.png", "img_correctness": 0.25, "img_name": "static/imgs/study/dogs/chihuahua__144__dr5.png", "actual_label": "chihuahua"}, {"majority_label": "miniature_pinscher", "secure_path": "https:/cu-visualab.org/oracle_query/S2/imgs/setB1/study/dogs/dog_A__63__dr10.png", "active": false, "img_confidence": 0.625, "path": "http:/cu-visualab.org/oracle_query/S2/imgs/setB1/study/dogs/dog_A__63__dr10.png", "img_correctness": 0.375, "img_name": "static/imgs/study/dogs/chihuahua__63__dr10.png", "actual_label": "chihuahua"}, {"majority_label": "miniature_pinscher", "secure_path": "https:/cu-visualab.org/oracle_query/S2/imgs/setB1/study/dogs/dog_B__117__dr10.png", "active": false, "img_confidence": 0.875, "path": "http:/cu-visualab.org/oracle_query/S2/imgs/setB1/study/dogs/dog_B__117__dr10.png", "img_correctness": 0.875, "img_name": "static/imgs/study/dogs/miniature_pinscher__117__dr10.png", "actual_label": "miniature_pinscher"}, {"majority_label": "chihuahua", "secure_path": "https:/cu-visualab.org/oracle_query/S2/imgs/setB1/study/dogs/dog_A__34__dr10.png", "active": false, "img_confidence": 0.625, "path": "http:/cu-visualab.org/oracle_query/S2/imgs/setB1/study/dogs/dog_A__34__dr10.png", "img_correctness": 0.625, "img_name": "static/imgs/study/dogs/chihuahua__34__dr10.png", "actual_label": "chihuahua"}, {"majority_label": "chihuahua", "secure_path": "https:/cu-visualab.org/oracle_query/S2/imgs/setB1/study/dogs/dog_A__122__dr10.png", "active": false, "img_confidence": 0.875, "path": "http:/cu-visualab.org/oracle_query/S2/imgs/setB1/study/dogs/dog_A__122__dr10.png", "img_correctness": 0.875, "img_name": "static/imgs/study/dogs/chihuahua__122__dr10.png", "actual_label": "chihuahua"}, {"majority_label": "chihuahua", "secure_path": "https:/cu-visualab.org/oracle_query/S2/imgs/setB1/study/dogs/dog_A__34__dr5.png", "active": false, "img_confidence": 0.5, "path": "http:/cu-visualab.org/oracle_query/S2/imgs/setB1/study/dogs/dog_A__34__dr5.png", "img_correctness": 0.5, "img_name": "static/imgs/study/dogs/chihuahua__34__dr5.png", "actual_label": "chihuahua"}, {"majority_label": "chihuahua", "secure_path": "https:/cu-visualab.org/oracle_query/S2/imgs/setB1/study/dogs/dog_A__161__dr5.png", "active": false, "img_confidence": 0.5, "path": "http:/cu-visualab.org/oracle_query/S2/imgs/setB1/study/dogs/dog_A__161__dr5.png", "img_correctness": 0.5, "img_name": "static/imgs/study/dogs/chihuahua__161__dr5.png", "actual_label": "chihuahua"}, {"majority_label": "miniature_pinscher", "secure_path": "https:/cu-visualab.org/oracle_query/S2/imgs/setB1/study/dogs/dog_A__30__dr10.png", "active": false, "img_confidence": 0.625, "path": "http:/cu-visualab.org/oracle_query/S2/imgs/setB1/study/dogs/dog_A__30__dr10.png", "img_correctness": 0.375, "img_name": "static/imgs/study/dogs/chihuahua__30__dr10.png", "actual_label": "chihuahua"}, {"majority_label": "chihuahua", "secure_path": "https:/cu-visualab.org/oracle_query/S2/imgs/setB1/study/dogs/dog_A__83__dr5.png", "active": false, "img_confidence": 0.5, "path": "http:/cu-visualab.org/oracle_query/S2/imgs/setB1/study/dogs/dog_A__83__dr5.png", "img_correctness": 0.5, "img_name": "static/imgs/study/dogs/chihuahua__83__dr5.png", "actual_label": "chihuahua"}, {"majority_label": "miniature_pinscher", "secure_path": "https:/cu-visualab.org/oracle_query/S2/imgs/setB1/study/dogs/dog_B__141__dr10.png", "active": false, "img_confidence": 0.875, "path": "http:/cu-visualab.org/oracle_query/S2/imgs/setB1/study/dogs/dog_B__141__dr10.png", "img_correctness": 0.875, "img_name": "static/imgs/study/dogs/miniature_pinscher__141__dr10.png", "actual_label": "miniature_pinscher"}, {"majority_label": "chihuahua", "secure_path": "https:/cu-visualab.org/oracle_query/S2/imgs/setB1/study/dogs/dog_A__109__dr2.png", "active": false, "img_confidence": 0.625, "path": "http:/cu-visualab.org/oracle_query/S2/imgs/setB1/study/dogs/dog_A__109__dr2.png", "img_correctness": 0.625, "img_name": "static/imgs/study/dogs/chihuahua__109__dr2.png", "actual_label": "chihuahua"}, {"majority_label": "chihuahua", "secure_path": "https:/cu-visualab.org/oracle_query/S2/imgs/setB1/study/dogs/dog_A__109__dr7.png", "active": false, "img_confidence": 0.75, "path": "http:/cu-visualab.org/oracle_query/S2/imgs/setB1/study/dogs/dog_A__109__dr7.png", "img_correctness": 0.75, "img_name": "static/imgs/study/dogs/chihuahua__109__dr7.png", "actual_label": "chihuahua"}, {"majority_label": "chihuahua", "secure_path": "https:/cu-visualab.org/oracle_query/S2/imgs/setB1/study/dogs/dog_A__122__dr2.png", "active": false, "img_confidence": 0.875, "path": "http:/cu-visualab.org/oracle_query/S2/imgs/setB1/study/dogs/dog_A__122__dr2.png", "img_correctness": 0.875, "img_name": "static/imgs/study/dogs/chihuahua__122__dr2.png", "actual_label": "chihuahua"}, {"majority_label": "miniature_pinscher", "secure_path": "https:/cu-visualab.org/oracle_query/S2/imgs/setB1/study/dogs/dog_B__24__dr5.png", "active": false, "img_confidence": 0.875, "path": "http:/cu-visualab.org/oracle_query/S2/imgs/setB1/study/dogs/dog_B__24__dr5.png", "img_correctness": 0.875, "img_name": "static/imgs/study/dogs/miniature_pinscher__24__dr5.png", "actual_label": "miniature_pinscher"}, {"majority_label": "chihuahua", "secure_path": "https:/cu-visualab.org/oracle_query/S2/imgs/setB1/study/dogs/dog_A__34__dr7.png", "active": false, "img_confidence": 0.5, "path": "http:/cu-visualab.org/oracle_query/S2/imgs/setB1/study/dogs/dog_A__34__dr7.png", "img_correctness": 0.5, "img_name": "static/imgs/study/dogs/chihuahua__34__dr7.png", "actual_label": "chihuahua"}, {"majority_label": "chihuahua", "secure_path": "https:/cu-visualab.org/oracle_query/S2/imgs/setB1/study/dogs/dog_A__148__dr5.png", "active": false, "img_confidence": 0.5, "path": "http:/cu-visualab.org/oracle_query/S2/imgs/setB1/study/dogs/dog_A__148__dr5.png", "img_correctness": 0.5, "img_name": "static/imgs/study/dogs/chihuahua__148__dr5.png", "actual_label": "chihuahua"}], "training": [{"majority_label": "miniature_pinscher", "secure_path": "https:/cu-visualab.org/oracle_query/S2/imgs/setB2/study/dogs/dog_A__183__dr10.png", "active": true, "img_confidence": 0.5, "path": "http:/cu-visualab.org/oracle_query/S2/imgs/setB2/study/dogs/dog_A__183__dr10.png", "img_correctness": 0.5, "img_name": "static/imgs/study/dogs/miniature_pinscher__183__dr10.png", "actual_label": "miniature_pinscher"}, {"majority_label": "miniature_pinscher", "secure_path": "https:/cu-visualab.org/oracle_query/S2/imgs/setB2/study/dogs/dog_B__182__dr10.png", "active": true, "img_confidence": 0.5, "path": "http:/cu-visualab.org/oracle_query/S2/imgs/setB2/study/dogs/dog_B__182__dr10.png", "img_correctness": 0.5, "img_name": "static/imgs/study/dogs/chihuahua__182__dr10.png", "actual_label": "chihuahua"}, {"majority_label": "miniature_pinscher", "secure_path": "https:/cu-visualab.org/oracle_query/S2/imgs/setB2/study/dogs/dog_A__54__dr10.png", "active": true, "img_confidence": 0.5, "path": "http:/cu-visualab.org/oracle_query/S2/imgs/setB2/study/dogs/dog_A__54__dr10.png", "img_correctness": 0.5, "img_name": "static/imgs/study/dogs/miniature_pinscher__54__dr10.png", "actual_label": "miniature_pinscher"}, {"majority_label": "miniature_pinscher", "secure_path": "https:/cu-visualab.org/oracle_query/S2/imgs/setB2/study/dogs/dog_A__59__dr2.png", "active": true, "img_confidence": 0.5, "path": "http:/cu-visualab.org/oracle_query/S2/imgs/setB2/study/dogs/dog_A__59__dr2.png", "img_correctness": 0.5, "img_name": "static/imgs/study/dogs/miniature_pinscher__59__dr2.png", "actual_label": "miniature_pinscher"}, {"majority_label": "miniature_pinscher", "secure_path": "https:/cu-visualab.org/oracle_query/S2/imgs/setB2/study/dogs/dog_B__182__dr2.png", "active": true, "img_confidence": 0.6, "path": "http:/cu-visualab.org/oracle_query/S2/imgs/setB2/study/dogs/dog_B__182__dr2.png", "img_correctness": 0.4, "img_name": "static/imgs/study/dogs/chihuahua__182__dr2.png", "actual_label": "chihuahua"}, {"majority_label": "miniature_pinscher", "secure_path": "https:/cu-visualab.org/oracle_query/S2/imgs/setB2/study/dogs/dog_B__31__dr7.png", "active": true, "img_confidence": 0.6, "path": "http:/cu-visualab.org/oracle_query/S2/imgs/setB2/study/dogs/dog_B__31__dr7.png", "img_correctness": 0.4, "img_name": "static/imgs/study/dogs/chihuahua__31__dr7.png", "actual_label": "chihuahua"}, {"majority_label": "chihuahua", "secure_path": "https:/cu-visualab.org/oracle_query/S2/imgs/setB2/study/dogs/dog_A__17__dr10.png", "active": true, "img_confidence": 0.6, "path": "http:/cu-visualab.org/oracle_query/S2/imgs/setB2/study/dogs/dog_A__17__dr10.png", "img_correctness": 0.4, "img_name": "static/imgs/study/dogs/miniature_pinscher__17__dr10.png", "actual_label": "miniature_pinscher"}, {"majority_label": "chihuahua", "secure_path": "https:/cu-visualab.org/oracle_query/S2/imgs/setB2/study/dogs/dog_A__59__dr10.png", "active": true, "img_confidence": 0.6, "path": "http:/cu-visualab.org/oracle_query/S2/imgs/setB2/study/dogs/dog_A__59__dr10.png", "img_correctness": 0.4, "img_name": "static/imgs/study/dogs/miniature_pinscher__59__dr10.png", "actual_label": "miniature_pinscher"}, {"majority_label": "miniature_pinscher", "secure_path": "https:/cu-visualab.org/oracle_query/S2/imgs/setB2/study/dogs/dog_A__183__dr7.png", "active": true, "img_confidence": 0.6, "path": "http:/cu-visualab.org/oracle_query/S2/imgs/setB2/study/dogs/dog_A__183__dr7.png", "img_correctness": 0.6, "img_name": "static/imgs/study/dogs/miniature_pinscher__183__dr7.png", "actual_label": "miniature_pinscher"}, {"majority_label": "chihuahua", "secure_path": "https:/cu-visualab.org/oracle_query/S2/imgs/setB2/study/dogs/dog_B__91__dr5.png", "active": true, "img_confidence": 0.6, "path": "http:/cu-visualab.org/oracle_query/S2/imgs/setB2/study/dogs/dog_B__91__dr5.png", "img_correctness": 0.6, "img_name": "static/imgs/study/dogs/chihuahua__91__dr5.png", "actual_label": "chihuahua"}, {"majority_label": "miniature_pinscher", "secure_path": "https:/cu-visualab.org/oracle_query/S2/imgs/setB2/study/dogs/dog_A__73__dr5.png", "active": true, "img_confidence": 0.7, "path": "http:/cu-visualab.org/oracle_query/S2/imgs/setB2/study/dogs/dog_A__73__dr5.png", "img_correctness": 0.7, "img_name": "static/imgs/study/dogs/miniature_pinscher__73__dr5.png", "actual_label": "miniature_pinscher"}, {"majority_label": "miniature_pinscher", "secure_path": "https:/cu-visualab.org/oracle_query/S2/imgs/setB2/study/dogs/dog_A__55__dr5.png", "active": true, "img_confidence": 0.7, "path": "http:/cu-visualab.org/oracle_query/S2/imgs/setB2/study/dogs/dog_A__55__dr5.png", "img_correctness": 0.7, "img_name": "static/imgs/study/dogs/miniature_pinscher__55__dr5.png", "actual_label": "miniature_pinscher"}, {"majority_label": "miniature_pinscher", "secure_path": "https:/cu-visualab.org/oracle_query/S2/imgs/setB2/study/dogs/dog_A__73__dr7.png", "active": true, "img_confidence": 0.7, "path": "http:/cu-visualab.org/oracle_query/S2/imgs/setB2/study/dogs/dog_A__73__dr7.png", "img_correctness": 0.7, "img_name": "static/imgs/study/dogs/miniature_pinscher__73__dr7.png", "actual_label": "miniature_pinscher"}, {"majority_label": "chihuahua", "secure_path": "https:/cu-visualab.org/oracle_query/S2/imgs/setB2/study/dogs/dog_B__61__dr2.png", "active": true, "img_confidence": 0.7, "path": "http:/cu-visualab.org/oracle_query/S2/imgs/setB2/study/dogs/dog_B__61__dr2.png", "img_correctness": 0.7, "img_name": "static/imgs/study/dogs/chihuahua__61__dr2.png", "actual_label": "chihuahua"}, {"majority_label": "chihuahua", "secure_path": "https:/cu-visualab.org/oracle_query/S2/imgs/setB2/study/dogs/dog_A__59__dr5.png", "active": true, "img_confidence": 0.7, "path": "http:/cu-visualab.org/oracle_query/S2/imgs/setB2/study/dogs/dog_A__59__dr5.png", "img_correctness": 0.3, "img_name": "static/imgs/study/dogs/miniature_pinscher__59__dr5.png", "actual_label": "miniature_pinscher"}, {"majority_label": "chihuahua", "secure_path": "https:/cu-visualab.org/oracle_query/S2/imgs/setB2/study/dogs/dog_B__91__dr7.png", "active": true, "img_confidence": 0.8, "path": "http:/cu-visualab.org/oracle_query/S2/imgs/setB2/study/dogs/dog_B__91__dr7.png", "img_correctness": 0.8, "img_name": "static/imgs/study/dogs/chihuahua__91__dr7.png", "actual_label": "chihuahua"}, {"majority_label": "miniature_pinscher", "secure_path": "https:/cu-visualab.org/oracle_query/S2/imgs/setB2/study/dogs/dog_B__31__dr5.png", "active": true, "img_confidence": 0.8, "path": "http:/cu-visualab.org/oracle_query/S2/imgs/setB2/study/dogs/dog_B__31__dr5.png", "img_correctness": 0.2, "img_name": "static/imgs/study/dogs/chihuahua__31__dr5.png", "actual_label": "chihuahua"}, {"majority_label": "chihuahua", "secure_path": "https:/cu-visualab.org/oracle_query/S2/imgs/setB2/study/dogs/dog_B__36__dr2.png", "active": true, "img_confidence": 0.8, "path": "http:/cu-visualab.org/oracle_query/S2/imgs/setB2/study/dogs/dog_B__36__dr2.png", "img_correctness": 0.8, "img_name": "static/imgs/study/dogs/chihuahua__36__dr2.png", "actual_label": "chihuahua"}, {"majority_label": "miniature_pinscher", "secure_path": "https:/cu-visualab.org/oracle_query/S2/imgs/setB2/study/dogs/dog_A__67__dr2.png", "active": true, "img_confidence": 0.8, "path": "http:/cu-visualab.org/oracle_query/S2/imgs/setB2/study/dogs/dog_A__67__dr2.png", "img_correctness": 0.8, "img_name": "static/imgs/study/dogs/miniature_pinscher__67__dr2.png", "actual_label": "miniature_pinscher"}, {"majority_label": "miniature_pinscher", "secure_path": "https:/cu-visualab.org/oracle_query/S2/imgs/setB2/study/dogs/dog_A__18__dr5.png", "active": true, "img_confidence": 0.8, "path": "http:/cu-visualab.org/oracle_query/S2/imgs/setB2/study/dogs/dog_A__18__dr5.png", "img_correctness": 0.8, "img_name": "static/imgs/study/dogs/miniature_pinscher__18__dr5.png", "actual_label": "miniature_pinscher"}, {"majority_label": "chihuahua", "secure_path": "https:/cu-visualab.org/oracle_query/S2/imgs/setB2/study/dogs/dog_B__137__dr5.png", "active": true, "img_confidence": 0.8, "path": "http:/cu-visualab.org/oracle_query/S2/imgs/setB2/study/dogs/dog_B__137__dr5.png", "img_correctness": 0.8, "img_name": "static/imgs/study/dogs/chihuahua__137__dr5.png", "actual_label": "chihuahua"}, {"majority_label": "chihuahua", "secure_path": "https:/cu-visualab.org/oracle_query/S2/imgs/setB2/study/dogs/dog_B__173__dr5.png", "active": true, "img_confidence": 0.8, "path": "http:/cu-visualab.org/oracle_query/S2/imgs/setB2/study/dogs/dog_B__173__dr5.png", "img_correctness": 0.8, "img_name": "static/imgs/study/dogs/chihuahua__173__dr5.png", "actual_label": "chihuahua"}, {"majority_label": "miniature_pinscher", "secure_path": "https:/cu-visualab.org/oracle_query/S2/imgs/setB2/study/dogs/dog_A__51__dr10.png", "active": true, "img_confidence": 0.8, "path": "http:/cu-visualab.org/oracle_query/S2/imgs/setB2/study/dogs/dog_A__51__dr10.png", "img_correctness": 0.8, "img_name": "static/imgs/study/dogs/miniature_pinscher__51__dr10.png", "actual_label": "miniature_pinscher"}, {"majority_label": "miniature_pinscher", "secure_path": "https:/cu-visualab.org/oracle_query/S2/imgs/setB2/study/dogs/dog_A__18__dr10.png", "active": true, "img_confidence": 0.9, "path": "http:/cu-visualab.org/oracle_query/S2/imgs/setB2/study/dogs/dog_A__18__dr10.png", "img_correctness": 0.9, "img_name": "static/imgs/study/dogs/miniature_pinscher__18__dr10.png", "actual_label": "miniature_pinscher"}, {"majority_label": "miniature_pinscher", "secure_path": "https:/cu-visualab.org/oracle_query/S2/imgs/setB2/study/dogs/dog_A__106__dr10.png", "active": true, "img_confidence": 1.0, "path": "http:/cu-visualab.org/oracle_query/S2/imgs/setB2/study/dogs/dog_A__106__dr10.png", "img_correctness": 1.0, "img_name": "static/imgs/study/dogs/miniature_pinscher__106__dr10.png", "actual_label": "miniature_pinscher"}, {"majority_label": "miniature_pinscher", "secure_path": "https:/cu-visualab.org/oracle_query/S2/imgs/setB1/study/dogs/dog_B__57__dr7.png", "active": false, "img_confidence": 0.625, "path": "http:/cu-visualab.org/oracle_query/S2/imgs/setB1/study/dogs/dog_B__57__dr7.png", "img_correctness": 0.625, "img_name": "static/imgs/study/dogs/miniature_pinscher__57__dr7.png", "actual_label": "miniature_pinscher"}, {"majority_label": "miniature_pinscher", "secure_path": "https:/cu-visualab.org/oracle_query/S2/imgs/setB1/study/dogs/dog_B__170__dr5.png", "active": false, "img_confidence": 0.75, "path": "http:/cu-visualab.org/oracle_query/S2/imgs/setB1/study/dogs/dog_B__170__dr5.png", "img_correctness": 0.75, "img_name": "static/imgs/study/dogs/miniature_pinscher__170__dr5.png", "actual_label": "miniature_pinscher"}, {"majority_label": "miniature_pinscher", "secure_path": "https:/cu-visualab.org/oracle_query/S2/imgs/setB1/study/dogs/dog_B__144__dr2.png", "active": false, "img_confidence": 1.0, "path": "http:/cu-visualab.org/oracle_query/S2/imgs/setB1/study/dogs/dog_B__144__dr2.png", "img_correctness": 1.0, "img_name": "static/imgs/study/dogs/miniature_pinscher__144__dr2.png", "actual_label": "miniature_pinscher"}, {"majority_label": "chihuahua", "secure_path": "https:/cu-visualab.org/oracle_query/S2/imgs/setB1/study/dogs/dog_A__168__dr10.png", "active": false, "img_confidence": 0.625, "path": "http:/cu-visualab.org/oracle_query/S2/imgs/setB1/study/dogs/dog_A__168__dr10.png", "img_correctness": 0.625, "img_name": "static/imgs/study/dogs/chihuahua__168__dr10.png", "actual_label": "chihuahua"}, {"majority_label": "miniature_pinscher", "secure_path": "https:/cu-visualab.org/oracle_query/S2/imgs/setB1/study/dogs/dog_A__144__dr7.png", "active": false, "img_confidence": 0.875, "path": "http:/cu-visualab.org/oracle_query/S2/imgs/setB1/study/dogs/dog_A__144__dr7.png", "img_correctness": 0.125, "img_name": "static/imgs/study/dogs/chihuahua__144__dr7.png", "actual_label": "chihuahua"}, {"majority_label": "chihuahua", "secure_path": "https:/cu-visualab.org/oracle_query/S2/imgs/setB1/study/dogs/dog_A__30__dr2.png", "active": false, "img_confidence": 0.875, "path": "http:/cu-visualab.org/oracle_query/S2/imgs/setB1/study/dogs/dog_A__30__dr2.png", "img_correctness": 0.875, "img_name": "static/imgs/study/dogs/chihuahua__30__dr2.png", "actual_label": "chihuahua"}, {"majority_label": "miniature_pinscher", "secure_path": "https:/cu-visualab.org/oracle_query/S2/imgs/setB1/study/dogs/dog_B__170__dr7.png", "active": false, "img_confidence": 0.875, "path": "http:/cu-visualab.org/oracle_query/S2/imgs/setB1/study/dogs/dog_B__170__dr7.png", "img_correctness": 0.875, "img_name": "static/imgs/study/dogs/miniature_pinscher__170__dr7.png", "actual_label": "miniature_pinscher"}, {"majority_label": "chihuahua", "secure_path": "https:/cu-visualab.org/oracle_query/S2/imgs/setB1/study/dogs/dog_A__148__dr2.png", "active": false, "img_confidence": 0.5, "path": "http:/cu-visualab.org/oracle_query/S2/imgs/setB1/study/dogs/dog_A__148__dr2.png", "img_correctness": 0.5, "img_name": "static/imgs/study/dogs/chihuahua__148__dr2.png", "actual_label": "chihuahua"}, {"majority_label": "miniature_pinscher", "secure_path": "https:/cu-visualab.org/oracle_query/S2/imgs/setB1/study/dogs/dog_B__170__dr2.png", "active": false, "img_confidence": 0.875, "path": "http:/cu-visualab.org/oracle_query/S2/imgs/setB1/study/dogs/dog_B__170__dr2.png", "img_correctness": 0.875, "img_name": "static/imgs/study/dogs/miniature_pinscher__170__dr2.png", "actual_label": "miniature_pinscher"}, {"majority_label": "chihuahua", "secure_path": "https:/cu-visualab.org/oracle_query/S2/imgs/setB1/study/dogs/dog_A__168__dr5.png", "active": false, "img_confidence": 1.0, "path": "http:/cu-visualab.org/oracle_query/S2/imgs/setB1/study/dogs/dog_A__168__dr5.png", "img_correctness": 1.0, "img_name": "static/imgs/study/dogs/chihuahua__168__dr5.png", "actual_label": "chihuahua"}, {"majority_label": "miniature_pinscher", "secure_path": "https:/cu-visualab.org/oracle_query/S2/imgs/setB1/study/dogs/dog_B__57__dr10.png", "active": false, "img_confidence": 0.75, "path": "http:/cu-visualab.org/oracle_query/S2/imgs/setB1/study/dogs/dog_B__57__dr10.png", "img_correctness": 0.75, "img_name": "static/imgs/study/dogs/miniature_pinscher__57__dr10.png", "actual_label": "miniature_pinscher"}, {"majority_label": "miniature_pinscher", "secure_path": "https:/cu-visualab.org/oracle_query/S2/imgs/setB1/study/dogs/dog_B__144__dr5.png", "active": false, "img_confidence": 0.875, "path": "http:/cu-visualab.org/oracle_query/S2/imgs/setB1/study/dogs/dog_B__144__dr5.png", "img_correctness": 0.875, "img_name": "static/imgs/study/dogs/miniature_pinscher__144__dr5.png", "actual_label": "miniature_pinscher"}, {"majority_label": "chihuahua", "secure_path": "https:/cu-visualab.org/oracle_query/S2/imgs/setB1/study/dogs/dog_A__161__dr10.png", "active": false, "img_confidence": 0.625, "path": "http:/cu-visualab.org/oracle_query/S2/imgs/setB1/study/dogs/dog_A__161__dr10.png", "img_correctness": 0.625, "img_name": "static/imgs/study/dogs/chihuahua__161__dr10.png", "actual_label": "chihuahua"}, {"majority_label": "miniature_pinscher", "secure_path": "https:/cu-visualab.org/oracle_query/S2/imgs/setB1/study/dogs/dog_B__24__dr10.png", "active": false, "img_confidence": 0.875, "path": "http:/cu-visualab.org/oracle_query/S2/imgs/setB1/study/dogs/dog_B__24__dr10.png", "img_correctness": 0.875, "img_name": "static/imgs/study/dogs/miniature_pinscher__24__dr10.png", "actual_label": "miniature_pinscher"}, {"majority_label": "miniature_pinscher", "secure_path": "https:/cu-visualab.org/oracle_query/S2/imgs/setB1/study/dogs/dog_B__43__dr10.png", "active": false, "img_confidence": 0.875, "path": "http:/cu-visualab.org/oracle_query/S2/imgs/setB1/study/dogs/dog_B__43__dr10.png", "img_correctness": 0.875, "img_name": "static/imgs/study/dogs/miniature_pinscher__43__dr10.png", "actual_label": "miniature_pinscher"}, {"majority_label": "chihuahua", "secure_path": "https:/cu-visualab.org/oracle_query/S2/imgs/setB1/study/dogs/dog_A__161__dr7.png", "active": false, "img_confidence": 0.625, "path": "http:/cu-visualab.org/oracle_query/S2/imgs/setB1/study/dogs/dog_A__161__dr7.png", "img_correctness": 0.625, "img_name": "static/imgs/study/dogs/chihuahua__161__dr7.png", "actual_label": "chihuahua"}, {"majority_label": "chihuahua", "secure_path": "https:/cu-visualab.org/oracle_query/S2/imgs/setB1/study/dogs/dog_A__121__dr10.png", "active": false, "img_confidence": 0.5, "path": "http:/cu-visualab.org/oracle_query/S2/imgs/setB1/study/dogs/dog_A__121__dr10.png", "img_correctness": 0.5, "img_name": "static/imgs/study/dogs/chihuahua__121__dr10.png", "actual_label": "chihuahua"}, {"majority_label": "miniature_pinscher", "secure_path": "https:/cu-visualab.org/oracle_query/S2/imgs/setB1/study/dogs/dog_B__57__dr5.png", "active": false, "img_confidence": 0.625, "path": "http:/cu-visualab.org/oracle_query/S2/imgs/setB1/study/dogs/dog_B__57__dr5.png", "img_correctness": 0.625, "img_name": "static/imgs/study/dogs/miniature_pinscher__57__dr5.png", "actual_label": "miniature_pinscher"}, {"majority_label": "chihuahua", "secure_path": "https:/cu-visualab.org/oracle_query/S2/imgs/setB1/study/dogs/dog_A__110__dr2.png", "active": false, "img_confidence": 0.75, "path": "http:/cu-visualab.org/oracle_query/S2/imgs/setB1/study/dogs/dog_A__110__dr2.png", "img_correctness": 0.75, "img_name": "static/imgs/study/dogs/chihuahua__110__dr2.png", "actual_label": "chihuahua"}, {"majority_label": "chihuahua", "secure_path": "https:/cu-visualab.org/oracle_query/S2/imgs/setB1/study/dogs/dog_A__63__dr7.png", "active": false, "img_confidence": 0.625, "path": "http:/cu-visualab.org/oracle_query/S2/imgs/setB1/study/dogs/dog_A__63__dr7.png", "img_correctness": 0.625, "img_name": "static/imgs/study/dogs/chihuahua__63__dr7.png", "actual_label": "chihuahua"}, {"majority_label": "chihuahua", "secure_path": "https:/cu-visualab.org/oracle_query/S2/imgs/setB1/study/dogs/dog_A__109__dr5.png", "active": false, "img_confidence": 0.875, "path": "http:/cu-visualab.org/oracle_query/S2/imgs/setB1/study/dogs/dog_A__109__dr5.png", "img_correctness": 0.875, "img_name": "static/imgs/study/dogs/chihuahua__109__dr5.png", "actual_label": "chihuahua"}, {"majority_label": "miniature_pinscher", "secure_path": "https:/cu-visualab.org/oracle_query/S2/imgs/setB1/study/dogs/dog_B__141__dr7.png", "active": false, "img_confidence": 0.625, "path": "http:/cu-visualab.org/oracle_query/S2/imgs/setB1/study/dogs/dog_B__141__dr7.png", "img_correctness": 0.625, "img_name": "static/imgs/study/dogs/miniature_pinscher__141__dr7.png", "actual_label": "miniature_pinscher"}, {"majority_label": "miniature_pinscher", "secure_path": "https:/cu-visualab.org/oracle_query/S2/imgs/setB1/study/dogs/dog_B__190__dr10.png", "active": false, "img_confidence": 1.0, "path": "http:/cu-visualab.org/oracle_query/S2/imgs/setB1/study/dogs/dog_B__190__dr10.png", "img_correctness": 1.0, "img_name": "static/imgs/study/dogs/miniature_pinscher__190__dr10.png", "actual_label": "miniature_pinscher"}, {"majority_label": "miniature_pinscher", "secure_path": "https:/cu-visualab.org/oracle_query/S2/imgs/setB1/study/dogs/dog_B__117__dr2.png", "active": false, "img_confidence": 0.875, "path": "http:/cu-visualab.org/oracle_query/S2/imgs/setB1/study/dogs/dog_B__117__dr2.png", "img_correctness": 0.875, "img_name": "static/imgs/study/dogs/miniature_pinscher__117__dr2.png", "actual_label": "miniature_pinscher"}, {"majority_label": "miniature_pinscher", "secure_path": "https:/cu-visualab.org/oracle_query/S2/imgs/setB1/study/dogs/dog_B__123__dr7.png", "active": false, "img_confidence": 0.75, "path": "http:/cu-visualab.org/oracle_query/S2/imgs/setB1/study/dogs/dog_B__123__dr7.png", "img_correctness": 0.75, "img_name": "static/imgs/study/dogs/miniature_pinscher__123__dr7.png", "actual_label": "miniature_pinscher"}, {"majority_label": "chihuahua", "secure_path": "https:/cu-visualab.org/oracle_query/S2/imgs/setB1/study/dogs/dog_A__40__dr2.png", "active": false, "img_confidence": 0.625, "path": "http:/cu-visualab.org/oracle_query/S2/imgs/setB1/study/dogs/dog_A__40__dr2.png", "img_correctness": 0.625, "img_name": "static/imgs/study/dogs/chihuahua__40__dr2.png", "actual_label": "chihuahua"}, {"majority_label": "chihuahua", "secure_path": "https:/cu-visualab.org/oracle_query/S2/imgs/setB1/study/dogs/dog_A__40__dr7.png", "active": false, "img_confidence": 0.5, "path": "http:/cu-visualab.org/oracle_query/S2/imgs/setB1/study/dogs/dog_A__40__dr7.png", "img_correctness": 0.5, "img_name": "static/imgs/study/dogs/chihuahua__40__dr7.png", "actual_label": "chihuahua"}, {"majority_label": "miniature_pinscher", "secure_path": "https:/cu-visualab.org/oracle_query/S2/imgs/setB1/study/dogs/dog_A__148__dr7.png", "active": false, "img_confidence": 0.875, "path": "http:/cu-visualab.org/oracle_query/S2/imgs/setB1/study/dogs/dog_A__148__dr7.png", "img_correctness": 0.125, "img_name": "static/imgs/study/dogs/chihuahua__148__dr7.png", "actual_label": "chihuahua"}, {"majority_label": "miniature_pinscher", "secure_path": "https:/cu-visualab.org/oracle_query/S2/imgs/setB1/study/dogs/dog_B__117__dr5.png", "active": false, "img_confidence": 0.75, "path": "http:/cu-visualab.org/oracle_query/S2/imgs/setB1/study/dogs/dog_B__117__dr5.png", "img_correctness": 0.75, "img_name": "static/imgs/study/dogs/miniature_pinscher__117__dr5.png", "actual_label": "miniature_pinscher"}, {"majority_label": "miniature_pinscher", "secure_path": "https:/cu-visualab.org/oracle_query/S2/imgs/setB1/study/dogs/dog_B__98__dr2.png", "active": false, "img_confidence": 0.625, "path": "http:/cu-visualab.org/oracle_query/S2/imgs/setB1/study/dogs/dog_B__98__dr2.png", "img_correctness": 0.625, "img_name": "static/imgs/study/dogs/miniature_pinscher__98__dr2.png", "actual_label": "miniature_pinscher"}, {"majority_label": "miniature_pinscher", "secure_path": "https:/cu-visualab.org/oracle_query/S2/imgs/setB1/study/dogs/dog_B__189__dr7.png", "active": false, "img_confidence": 0.875, "path": "http:/cu-visualab.org/oracle_query/S2/imgs/setB1/study/dogs/dog_B__189__dr7.png", "img_correctness": 0.875, "img_name": "static/imgs/study/dogs/miniature_pinscher__189__dr7.png", "actual_label": "miniature_pinscher"}, {"majority_label": "miniature_pinscher", "secure_path": "https:/cu-visualab.org/oracle_query/S2/imgs/setB1/study/dogs/dog_B__43__dr5.png", "active": false, "img_confidence": 0.625, "path": "http:/cu-visualab.org/oracle_query/S2/imgs/setB1/study/dogs/dog_B__43__dr5.png", "img_correctness": 0.625, "img_name": "static/imgs/study/dogs/miniature_pinscher__43__dr5.png", "actual_label": "miniature_pinscher"}, {"majority_label": "miniature_pinscher", "secure_path": "https:/cu-visualab.org/oracle_query/S2/imgs/setB1/study/dogs/dog_B__123__dr10.png", "active": false, "img_confidence": 0.875, "path": "http:/cu-visualab.org/oracle_query/S2/imgs/setB1/study/dogs/dog_B__123__dr10.png", "img_correctness": 0.875, "img_name": "static/imgs/study/dogs/miniature_pinscher__123__dr10.png", "actual_label": "miniature_pinscher"}, {"majority_label": "chihuahua", "secure_path": "https:/cu-visualab.org/oracle_query/S2/imgs/setB1/study/dogs/dog_B__98__dr5.png", "active": false, "img_confidence": 0.625, "path": "http:/cu-visualab.org/oracle_query/S2/imgs/setB1/study/dogs/dog_B__98__dr5.png", "img_correctness": 0.375, "img_name": "static/imgs/study/dogs/miniature_pinscher__98__dr5.png", "actual_label": "miniature_pinscher"}, {"majority_label": "miniature_pinscher", "secure_path": "https:/cu-visualab.org/oracle_query/S2/imgs/setB1/study/dogs/dog_B__144__dr7.png", "active": false, "img_confidence": 0.75, "path": "http:/cu-visualab.org/oracle_query/S2/imgs/setB1/study/dogs/dog_B__144__dr7.png", "img_correctness": 0.75, "img_name": "static/imgs/study/dogs/miniature_pinscher__144__dr7.png", "actual_label": "miniature_pinscher"}, {"majority_label": "chihuahua", "secure_path": "https:/cu-visualab.org/oracle_query/S2/imgs/setB1/study/dogs/dog_A__83__dr7.png", "active": false, "img_confidence": 0.625, "path": "http:/cu-visualab.org/oracle_query/S2/imgs/setB1/study/dogs/dog_A__83__dr7.png", "img_correctness": 0.625, "img_name": "static/imgs/study/dogs/chihuahua__83__dr7.png", "actual_label": "chihuahua"}, {"majority_label": "chihuahua", "secure_path": "https:/cu-visualab.org/oracle_query/S2/imgs/setB1/study/dogs/dog_A__121__dr2.png", "active": false, "img_confidence": 0.625, "path": "http:/cu-visualab.org/oracle_query/S2/imgs/setB1/study/dogs/dog_A__121__dr2.png", "img_correctness": 0.625, "img_name": "static/imgs/study/dogs/chihuahua__121__dr2.png", "actual_label": "chihuahua"}, {"majority_label": "miniature_pinscher", "secure_path": "https:/cu-visualab.org/oracle_query/S2/imgs/setB1/study/dogs/dog_B__189__dr10.png", "active": false, "img_confidence": 0.875, "path": "http:/cu-visualab.org/oracle_query/S2/imgs/setB1/study/dogs/dog_B__189__dr10.png", "img_correctness": 0.875, "img_name": "static/imgs/study/dogs/miniature_pinscher__189__dr10.png", "actual_label": "miniature_pinscher"}, {"majority_label": "chihuahua", "secure_path": "https:/cu-visualab.org/oracle_query/S2/imgs/setB1/study/dogs/dog_A__168__dr7.png", "active": false, "img_confidence": 0.75, "path": "http:/cu-visualab.org/oracle_query/S2/imgs/setB1/study/dogs/dog_A__168__dr7.png", "img_correctness": 0.75, "img_name": "static/imgs/study/dogs/chihuahua__168__dr7.png", "actual_label": "chihuahua"}, {"majority_label": "miniature_pinscher", "secure_path": "https:/cu-visualab.org/oracle_query/S2/imgs/setB1/study/dogs/dog_B__65__dr7.png", "active": false, "img_confidence": 0.75, "path": "http:/cu-visualab.org/oracle_query/S2/imgs/setB1/study/dogs/dog_B__65__dr7.png", "img_correctness": 0.75, "img_name": "static/imgs/study/dogs/miniature_pinscher__65__dr7.png", "actual_label": "miniature_pinscher"}, {"majority_label": "chihuahua", "secure_path": "https:/cu-visualab.org/oracle_query/S2/imgs/setB1/study/dogs/dog_A__161__dr2.png", "active": false, "img_confidence": 0.625, "path": "http:/cu-visualab.org/oracle_query/S2/imgs/setB1/study/dogs/dog_A__161__dr2.png", "img_correctness": 0.625, "img_name": "static/imgs/study/dogs/chihuahua__161__dr2.png", "actual_label": "chihuahua"}, {"majority_label": "chihuahua", "secure_path": "https:/cu-visualab.org/oracle_query/S2/imgs/setB1/study/dogs/dog_A__30__dr5.png", "active": false, "img_confidence": 0.5, "path": "http:/cu-visualab.org/oracle_query/S2/imgs/setB1/study/dogs/dog_A__30__dr5.png", "img_correctness": 0.5, "img_name": "static/imgs/study/dogs/chihuahua__30__dr5.png", "actual_label": "chihuahua"}, {"majority_label": "miniature_pinscher", "secure_path": "https:/cu-visualab.org/oracle_query/S2/imgs/setB1/study/dogs/dog_A__144__dr10.png", "active": false, "img_confidence": 0.625, "path": "http:/cu-visualab.org/oracle_query/S2/imgs/setB1/study/dogs/dog_A__144__dr10.png", "img_correctness": 0.375, "img_name": "static/imgs/study/dogs/chihuahua__144__dr10.png", "actual_label": "chihuahua"}, {"majority_label": "miniature_pinscher", "secure_path": "https:/cu-visualab.org/oracle_query/S2/imgs/setB1/study/dogs/dog_B__123__dr5.png", "active": false, "img_confidence": 0.75, "path": "http:/cu-visualab.org/oracle_query/S2/imgs/setB1/study/dogs/dog_B__123__dr5.png", "img_correctness": 0.75, "img_name": "static/imgs/study/dogs/miniature_pinscher__123__dr5.png", "actual_label": "miniature_pinscher"}, {"majority_label": "chihuahua", "secure_path": "https:/cu-visualab.org/oracle_query/S2/imgs/setB1/study/dogs/dog_A__121__dr5.png", "active": false, "img_confidence": 0.75, "path": "http:/cu-visualab.org/oracle_query/S2/imgs/setB1/study/dogs/dog_A__121__dr5.png", "img_correctness": 0.75, "img_name": "static/imgs/study/dogs/chihuahua__121__dr5.png", "actual_label": "chihuahua"}, {"majority_label": "miniature_pinscher", "secure_path": "https:/cu-visualab.org/oracle_query/S2/imgs/setB1/study/dogs/dog_B__190__dr2.png", "active": false, "img_confidence": 1.0, "path": "http:/cu-visualab.org/oracle_query/S2/imgs/setB1/study/dogs/dog_B__190__dr2.png", "img_correctness": 1.0, "img_name": "static/imgs/study/dogs/miniature_pinscher__190__dr2.png", "actual_label": "miniature_pinscher"}, {"majority_label": "chihuahua", "secure_path": "https:/cu-visualab.org/oracle_query/S2/imgs/setB1/study/dogs/dog_A__40__dr10.png", "active": false, "img_confidence": 0.625, "path": "http:/cu-visualab.org/oracle_query/S2/imgs/setB1/study/dogs/dog_A__40__dr10.png", "img_correctness": 0.625, "img_name": "static/imgs/study/dogs/chihuahua__40__dr10.png", "actual_label": "chihuahua"}, {"majority_label": "miniature_pinscher", "secure_path": "https:/cu-visualab.org/oracle_query/S2/imgs/setB1/study/dogs/dog_B__170__dr10.png", "active": false, "img_confidence": 0.75, "path": "http:/cu-visualab.org/oracle_query/S2/imgs/setB1/study/dogs/dog_B__170__dr10.png", "img_correctness": 0.75, "img_name": "static/imgs/study/dogs/miniature_pinscher__170__dr10.png", "actual_label": "miniature_pinscher"}, {"majority_label": "miniature_pinscher", "secure_path": "https:/cu-visualab.org/oracle_query/S2/imgs/setB1/study/dogs/dog_B__189__dr5.png", "active": false, "img_confidence": 1.0, "path": "http:/cu-visualab.org/oracle_query/S2/imgs/setB1/study/dogs/dog_B__189__dr5.png", "img_correctness": 1.0, "img_name": "static/imgs/study/dogs/miniature_pinscher__189__dr5.png", "actual_label": "miniature_pinscher"}, {"majority_label": "chihuahua", "secure_path": "https:/cu-visualab.org/oracle_query/S2/imgs/setB1/study/dogs/dog_A__110__dr10.png", "active": false, "img_confidence": 0.625, "path": "http:/cu-visualab.org/oracle_query/S2/imgs/setB1/study/dogs/dog_A__110__dr10.png", "img_correctness": 0.625, "img_name": "static/imgs/study/dogs/chihuahua__110__dr10.png", "actual_label": "chihuahua"}, {"majority_label": "chihuahua", "secure_path": "https:/cu-visualab.org/oracle_query/S2/imgs/setB1/study/dogs/dog_A__110__dr7.png", "active": false, "img_confidence": 0.5, "path": "http:/cu-visualab.org/oracle_query/S2/imgs/setB1/study/dogs/dog_A__110__dr7.png", "img_correctness": 0.5, "img_name": "static/imgs/study/dogs/chihuahua__110__dr7.png", "actual_label": "chihuahua"}, {"majority_label": "chihuahua", "secure_path": "https:/cu-visualab.org/oracle_query/S2/imgs/setB1/study/dogs/dog_A__83__dr2.png", "active": false, "img_confidence": 0.75, "path": "http:/cu-visualab.org/oracle_query/S2/imgs/setB1/study/dogs/dog_A__83__dr2.png", "img_correctness": 0.75, "img_name": "static/imgs/study/dogs/chihuahua__83__dr2.png", "actual_label": "chihuahua"}, {"majority_label": "chihuahua", "secure_path": "https:/cu-visualab.org/oracle_query/S2/imgs/setB1/study/dogs/dog_A__40__dr5.png", "active": false, "img_confidence": 0.875, "path": "http:/cu-visualab.org/oracle_query/S2/imgs/setB1/study/dogs/dog_A__40__dr5.png", "img_correctness": 0.875, "img_name": "static/imgs/study/dogs/chihuahua__40__dr5.png", "actual_label": "chihuahua"}, {"majority_label": "chihuahua", "secure_path": "https:/cu-visualab.org/oracle_query/S2/imgs/setB1/study/dogs/dog_A__63__dr5.png", "active": false, "img_confidence": 0.875, "path": "http:/cu-visualab.org/oracle_query/S2/imgs/setB1/study/dogs/dog_A__63__dr5.png", "img_correctness": 0.875, "img_name": "static/imgs/study/dogs/chihuahua__63__dr5.png", "actual_label": "chihuahua"}, {"majority_label": "chihuahua", "secure_path": "https:/cu-visualab.org/oracle_query/S2/imgs/setB1/study/dogs/dog_A__34__dr2.png", "active": false, "img_confidence": 1.0, "path": "http:/cu-visualab.org/oracle_query/S2/imgs/setB1/study/dogs/dog_A__34__dr2.png", "img_correctness": 1.0, "img_name": "static/imgs/study/dogs/chihuahua__34__dr2.png", "actual_label": "chihuahua"}, {"majority_label": "miniature_pinscher", "secure_path": "https:/cu-visualab.org/oracle_query/S2/imgs/setB1/study/dogs/dog_B__189__dr2.png", "active": false, "img_confidence": 0.875, "path": "http:/cu-visualab.org/oracle_query/S2/imgs/setB1/study/dogs/dog_B__189__dr2.png", "img_correctness": 0.875, "img_name": "static/imgs/study/dogs/miniature_pinscher__189__dr2.png", "actual_label": "miniature_pinscher"}, {"majority_label": "miniature_pinscher", "secure_path": "https:/cu-visualab.org/oracle_query/S2/imgs/setB1/study/dogs/dog_B__141__dr5.png", "active": false, "img_confidence": 0.625, "path": "http:/cu-visualab.org/oracle_query/S2/imgs/setB1/study/dogs/dog_B__141__dr5.png", "img_correctness": 0.625, "img_name": "static/imgs/study/dogs/miniature_pinscher__141__dr5.png", "actual_label": "miniature_pinscher"}, {"majority_label": "chihuahua", "secure_path": "https:/cu-visualab.org/oracle_query/S2/imgs/setB1/study/dogs/dog_B__57__dr2.png", "active": false, "img_confidence": 0.5, "path": "http:/cu-visualab.org/oracle_query/S2/imgs/setB1/study/dogs/dog_B__57__dr2.png", "img_correctness": 0.5, "img_name": "static/imgs/study/dogs/miniature_pinscher__57__dr2.png", "actual_label": "miniature_pinscher"}, {"majority_label": "chihuahua", "secure_path": "https:/cu-visualab.org/oracle_query/S2/imgs/setB1/study/dogs/dog_A__63__dr2.png", "active": false, "img_confidence": 0.875, "path": "http:/cu-visualab.org/oracle_query/S2/imgs/setB1/study/dogs/dog_A__63__dr2.png", "img_correctness": 0.875, "img_name": "static/imgs/study/dogs/chihuahua__63__dr2.png", "actual_label": "chihuahua"}, {"majority_label": "miniature_pinscher", "secure_path": "https:/cu-visualab.org/oracle_query/S2/imgs/setB1/study/dogs/dog_B__43__dr7.png", "active": false, "img_confidence": 0.75, "path": "http:/cu-visualab.org/oracle_query/S2/imgs/setB1/study/dogs/dog_B__43__dr7.png", "img_correctness": 0.75, "img_name": "static/imgs/study/dogs/miniature_pinscher__43__dr7.png", "actual_label": "miniature_pinscher"}, {"majority_label": "miniature_pinscher", "secure_path": "https:/cu-visualab.org/oracle_query/S2/imgs/setB1/study/dogs/dog_B__65__dr2.png", "active": false, "img_confidence": 0.75, "path": "http:/cu-visualab.org/oracle_query/S2/imgs/setB1/study/dogs/dog_B__65__dr2.png", "img_correctness": 0.75, "img_name": "static/imgs/study/dogs/miniature_pinscher__65__dr2.png", "actual_label": "miniature_pinscher"}, {"majority_label": "miniature_pinscher", "secure_path": "https:/cu-visualab.org/oracle_query/S2/imgs/setB1/study/dogs/dog_B__141__dr2.png", "active": false, "img_confidence": 0.75, "path": "http:/cu-visualab.org/oracle_query/S2/imgs/setB1/study/dogs/dog_B__141__dr2.png", "img_correctness": 0.75, "img_name": "static/imgs/study/dogs/miniature_pinscher__141__dr2.png", "actual_label": "miniature_pinscher"}, {"majority_label": "miniature_pinscher", "secure_path": "https:/cu-visualab.org/oracle_query/S2/imgs/setB1/study/dogs/dog_B__98__dr7.png", "active": false, "img_confidence": 0.625, "path": "http:/cu-visualab.org/oracle_query/S2/imgs/setB1/study/dogs/dog_B__98__dr7.png", "img_correctness": 0.625, "img_name": "static/imgs/study/dogs/miniature_pinscher__98__dr7.png", "actual_label": "miniature_pinscher"}, {"majority_label": "chihuahua", "secure_path": "https:/cu-visualab.org/oracle_query/S2/imgs/setB1/study/dogs/dog_A__122__dr7.png", "active": false, "img_confidence": 0.75, "path": "http:/cu-visualab.org/oracle_query/S2/imgs/setB1/study/dogs/dog_A__122__dr7.png", "img_correctness": 0.75, "img_name": "static/imgs/study/dogs/chihuahua__122__dr7.png", "actual_label": "chihuahua"}, {"majority_label": "miniature_pinscher", "secure_path": "https:/cu-visualab.org/oracle_query/S2/imgs/setB1/study/dogs/dog_B__123__dr2.png", "active": false, "img_confidence": 0.75, "path": "http:/cu-visualab.org/oracle_query/S2/imgs/setB1/study/dogs/dog_B__123__dr2.png", "img_correctness": 0.75, "img_name": "static/imgs/study/dogs/miniature_pinscher__123__dr2.png", "actual_label": "miniature_pinscher"}, {"majority_label": "chihuahua", "secure_path": "https:/cu-visualab.org/oracle_query/S2/imgs/setB1/study/dogs/dog_A__109__dr10.png", "active": false, "img_confidence": 0.75, "path": "http:/cu-visualab.org/oracle_query/S2/imgs/setB1/study/dogs/dog_A__109__dr10.png", "img_correctness": 0.75, "img_name": "static/imgs/study/dogs/chihuahua__109__dr10.png", "actual_label": "chihuahua"}, {"majority_label": "chihuahua", "secure_path": "https:/cu-visualab.org/oracle_query/S2/imgs/setB1/study/dogs/dog_A__83__dr10.png", "active": false, "img_confidence": 0.5, "path": "http:/cu-visualab.org/oracle_query/S2/imgs/setB1/study/dogs/dog_A__83__dr10.png", "img_correctness": 0.5, "img_name": "static/imgs/study/dogs/chihuahua__83__dr10.png", "actual_label": "chihuahua"}, {"majority_label": "miniature_pinscher", "secure_path": "https:/cu-visualab.org/oracle_query/S2/imgs/setB1/study/dogs/dog_B__65__dr10.png", "active": false, "img_confidence": 0.75, "path": "http:/cu-visualab.org/oracle_query/S2/imgs/setB1/study/dogs/dog_B__65__dr10.png", "img_correctness": 0.75, "img_name": "static/imgs/study/dogs/miniature_pinscher__65__dr10.png", "actual_label": "miniature_pinscher"}, {"majority_label": "miniature_pinscher", "secure_path": "https:/cu-visualab.org/oracle_query/S2/imgs/setB1/study/dogs/dog_B__65__dr5.png", "active": false, "img_confidence": 0.875, "path": "http:/cu-visualab.org/oracle_query/S2/imgs/setB1/study/dogs/dog_B__65__dr5.png", "img_correctness": 0.875, "img_name": "static/imgs/study/dogs/miniature_pinscher__65__dr5.png", "actual_label": "miniature_pinscher"}, {"majority_label": "miniature_pinscher", "secure_path": "https:/cu-visualab.org/oracle_query/S2/imgs/setB1/study/dogs/dog_B__98__dr10.png", "active": false, "img_confidence": 0.625, "path": "http:/cu-visualab.org/oracle_query/S2/imgs/setB1/study/dogs/dog_B__98__dr10.png", "img_correctness": 0.625, "img_name": "static/imgs/study/dogs/miniature_pinscher__98__dr10.png", "actual_label": "miniature_pinscher"}, {"majority_label": "chihuahua", "secure_path": "https:/cu-visualab.org/oracle_query/S2/imgs/setB1/study/dogs/dog_A__122__dr5.png", "active": false, "img_confidence": 0.875, "path": "http:/cu-visualab.org/oracle_query/S2/imgs/setB1/study/dogs/dog_A__122__dr5.png", "img_correctness": 0.875, "img_name": "static/imgs/study/dogs/chihuahua__122__dr5.png", "actual_label": "chihuahua"}, {"majority_label": "chihuahua", "secure_path": "https:/cu-visualab.org/oracle_query/S2/imgs/setB1/study/dogs/dog_A__168__dr2.png", "active": false, "img_confidence": 1.0, "path": "http:/cu-visualab.org/oracle_query/S2/imgs/setB1/study/dogs/dog_A__168__dr2.png", "img_correctness": 1.0, "img_name": "static/imgs/study/dogs/chihuahua__168__dr2.png", "actual_label": "chihuahua"}, {"majority_label": "miniature_pinscher", "secure_path": "https:/cu-visualab.org/oracle_query/S2/imgs/setB1/study/dogs/dog_A__121__dr7.png", "active": false, "img_confidence": 0.625, "path": "http:/cu-visualab.org/oracle_query/S2/imgs/setB1/study/dogs/dog_A__121__dr7.png", "img_correctness": 0.375, "img_name": "static/imgs/study/dogs/chihuahua__121__dr7.png", "actual_label": "chihuahua"}, {"majority_label": "miniature_pinscher", "secure_path": "https:/cu-visualab.org/oracle_query/S2/imgs/setB1/study/dogs/dog_A__144__dr2.png", "active": false, "img_confidence": 1.0, "path": "http:/cu-visualab.org/oracle_query/S2/imgs/setB1/study/dogs/dog_A__144__dr2.png", "img_correctness": 0.0, "img_name": "static/imgs/study/dogs/chihuahua__144__dr2.png", "actual_label": "chihuahua"}, {"majority_label": "miniature_pinscher", "secure_path": "https:/cu-visualab.org/oracle_query/S2/imgs/setB1/study/dogs/dog_A__30__dr7.png", "active": false, "img_confidence": 0.75, "path": "http:/cu-visualab.org/oracle_query/S2/imgs/setB1/study/dogs/dog_A__30__dr7.png", "img_correctness": 0.25, "img_name": "static/imgs/study/dogs/chihuahua__30__dr7.png", "actual_label": "chihuahua"}, {"majority_label": "chihuahua", "secure_path": "https:/cu-visualab.org/oracle_query/S2/imgs/setB1/study/dogs/dog_A__110__dr5.png", "active": false, "img_confidence": 0.5, "path": "http:/cu-visualab.org/oracle_query/S2/imgs/setB1/study/dogs/dog_A__110__dr5.png", "img_correctness": 0.5, "img_name": "static/imgs/study/dogs/chihuahua__110__dr5.png", "actual_label": "chihuahua"}, {"majority_label": "miniature_pinscher", "secure_path": "https:/cu-visualab.org/oracle_query/S2/imgs/setB1/study/dogs/dog_B__190__dr7.png", "active": false, "img_confidence": 0.875, "path": "http:/cu-visualab.org/oracle_query/S2/imgs/setB1/study/dogs/dog_B__190__dr7.png", "img_correctness": 0.875, "img_name": "static/imgs/study/dogs/miniature_pinscher__190__dr7.png", "actual_label": "miniature_pinscher"}, {"majority_label": "chihuahua", "secure_path": "https:/cu-visualab.org/oracle_query/S2/imgs/setB1/study/dogs/dog_B__43__dr2.png", "active": false, "img_confidence": 0.625, "path": "http:/cu-visualab.org/oracle_query/S2/imgs/setB1/study/dogs/dog_B__43__dr2.png", "img_correctness": 0.375, "img_name": "static/imgs/study/dogs/miniature_pinscher__43__dr2.png", "actual_label": "miniature_pinscher"}, {"majority_label": "miniature_pinscher", "secure_path": "https:/cu-visualab.org/oracle_query/S2/imgs/setB1/study/dogs/dog_B__24__dr7.png", "active": false, "img_confidence": 1.0, "path": "http:/cu-visualab.org/oracle_query/S2/imgs/setB1/study/dogs/dog_B__24__dr7.png", "img_correctness": 1.0, "img_name": "static/imgs/study/dogs/miniature_pinscher__24__dr7.png", "actual_label": "miniature_pinscher"}, {"majority_label": "miniature_pinscher", "secure_path": "https:/cu-visualab.org/oracle_query/S2/imgs/setB1/study/dogs/dog_B__24__dr2.png", "active": false, "img_confidence": 0.875, "path": "http:/cu-visualab.org/oracle_query/S2/imgs/setB1/study/dogs/dog_B__24__dr2.png", "img_correctness": 0.875, "img_name": "static/imgs/study/dogs/miniature_pinscher__24__dr2.png", "actual_label": "miniature_pinscher"}, {"majority_label": "miniature_pinscher", "secure_path": "https:/cu-visualab.org/oracle_query/S2/imgs/setB1/study/dogs/dog_B__117__dr7.png", "active": false, "img_confidence": 1.0, "path": "http:/cu-visualab.org/oracle_query/S2/imgs/setB1/study/dogs/dog_B__117__dr7.png", "img_correctness": 1.0, "img_name": "static/imgs/study/dogs/miniature_pinscher__117__dr7.png", "actual_label": "miniature_pinscher"}, {"majority_label": "miniature_pinscher", "secure_path": "https:/cu-visualab.org/oracle_query/S2/imgs/setB1/study/dogs/dog_A__148__dr10.png", "active": false, "img_confidence": 0.875, "path": "http:/cu-visualab.org/oracle_query/S2/imgs/setB1/study/dogs/dog_A__148__dr10.png", "img_correctness": 0.125, "img_name": "static/imgs/study/dogs/chihuahua__148__dr10.png", "actual_label": "chihuahua"}, {"majority_label": "miniature_pinscher", "secure_path": "https:/cu-visualab.org/oracle_query/S2/imgs/setB1/study/dogs/dog_B__190__dr5.png", "active": false, "img_confidence": 0.875, "path": "http:/cu-visualab.org/oracle_query/S2/imgs/setB1/study/dogs/dog_B__190__dr5.png", "img_correctness": 0.875, "img_name": "static/imgs/study/dogs/miniature_pinscher__190__dr5.png", "actual_label": "miniature_pinscher"}, {"majority_label": "miniature_pinscher", "secure_path": "https:/cu-visualab.org/oracle_query/S2/imgs/setB1/study/dogs/dog_B__144__dr10.png", "active": false, "img_confidence": 0.875, "path": "http:/cu-visualab.org/oracle_query/S2/imgs/setB1/study/dogs/dog_B__144__dr10.png", "img_correctness": 0.875, "img_name": "static/imgs/study/dogs/miniature_pinscher__144__dr10.png", "actual_label": "miniature_pinscher"}, {"majority_label": "miniature_pinscher", "secure_path": "https:/cu-visualab.org/oracle_query/S2/imgs/setB1/study/dogs/dog_A__144__dr5.png", "active": false, "img_confidence": 0.75, "path": "http:/cu-visualab.org/oracle_query/S2/imgs/setB1/study/dogs/dog_A__144__dr5.png", "img_correctness": 0.25, "img_name": "static/imgs/study/dogs/chihuahua__144__dr5.png", "actual_label": "chihuahua"}, {"majority_label": "miniature_pinscher", "secure_path": "https:/cu-visualab.org/oracle_query/S2/imgs/setB1/study/dogs/dog_A__63__dr10.png", "active": false, "img_confidence": 0.625, "path": "http:/cu-visualab.org/oracle_query/S2/imgs/setB1/study/dogs/dog_A__63__dr10.png", "img_correctness": 0.375, "img_name": "static/imgs/study/dogs/chihuahua__63__dr10.png", "actual_label": "chihuahua"}, {"majority_label": "miniature_pinscher", "secure_path": "https:/cu-visualab.org/oracle_query/S2/imgs/setB1/study/dogs/dog_B__117__dr10.png", "active": false, "img_confidence": 0.875, "path": "http:/cu-visualab.org/oracle_query/S2/imgs/setB1/study/dogs/dog_B__117__dr10.png", "img_correctness": 0.875, "img_name": "static/imgs/study/dogs/miniature_pinscher__117__dr10.png", "actual_label": "miniature_pinscher"}, {"majority_label": "chihuahua", "secure_path": "https:/cu-visualab.org/oracle_query/S2/imgs/setB1/study/dogs/dog_A__34__dr10.png", "active": false, "img_confidence": 0.625, "path": "http:/cu-visualab.org/oracle_query/S2/imgs/setB1/study/dogs/dog_A__34__dr10.png", "img_correctness": 0.625, "img_name": "static/imgs/study/dogs/chihuahua__34__dr10.png", "actual_label": "chihuahua"}, {"majority_label": "chihuahua", "secure_path": "https:/cu-visualab.org/oracle_query/S2/imgs/setB1/study/dogs/dog_A__122__dr10.png", "active": false, "img_confidence": 0.875, "path": "http:/cu-visualab.org/oracle_query/S2/imgs/setB1/study/dogs/dog_A__122__dr10.png", "img_correctness": 0.875, "img_name": "static/imgs/study/dogs/chihuahua__122__dr10.png", "actual_label": "chihuahua"}, {"majority_label": "chihuahua", "secure_path": "https:/cu-visualab.org/oracle_query/S2/imgs/setB1/study/dogs/dog_A__34__dr5.png", "active": false, "img_confidence": 0.5, "path": "http:/cu-visualab.org/oracle_query/S2/imgs/setB1/study/dogs/dog_A__34__dr5.png", "img_correctness": 0.5, "img_name": "static/imgs/study/dogs/chihuahua__34__dr5.png", "actual_label": "chihuahua"}, {"majority_label": "chihuahua", "secure_path": "https:/cu-visualab.org/oracle_query/S2/imgs/setB1/study/dogs/dog_A__161__dr5.png", "active": false, "img_confidence": 0.5, "path": "http:/cu-visualab.org/oracle_query/S2/imgs/setB1/study/dogs/dog_A__161__dr5.png", "img_correctness": 0.5, "img_name": "static/imgs/study/dogs/chihuahua__161__dr5.png", "actual_label": "chihuahua"}, {"majority_label": "miniature_pinscher", "secure_path": "https:/cu-visualab.org/oracle_query/S2/imgs/setB1/study/dogs/dog_A__30__dr10.png", "active": false, "img_confidence": 0.625, "path": "http:/cu-visualab.org/oracle_query/S2/imgs/setB1/study/dogs/dog_A__30__dr10.png", "img_correctness": 0.375, "img_name": "static/imgs/study/dogs/chihuahua__30__dr10.png", "actual_label": "chihuahua"}, {"majority_label": "chihuahua", "secure_path": "https:/cu-visualab.org/oracle_query/S2/imgs/setB1/study/dogs/dog_A__83__dr5.png", "active": false, "img_confidence": 0.5, "path": "http:/cu-visualab.org/oracle_query/S2/imgs/setB1/study/dogs/dog_A__83__dr5.png", "img_correctness": 0.5, "img_name": "static/imgs/study/dogs/chihuahua__83__dr5.png", "actual_label": "chihuahua"}, {"majority_label": "miniature_pinscher", "secure_path": "https:/cu-visualab.org/oracle_query/S2/imgs/setB1/study/dogs/dog_B__141__dr10.png", "active": false, "img_confidence": 0.875, "path": "http:/cu-visualab.org/oracle_query/S2/imgs/setB1/study/dogs/dog_B__141__dr10.png", "img_correctness": 0.875, "img_name": "static/imgs/study/dogs/miniature_pinscher__141__dr10.png", "actual_label": "miniature_pinscher"}, {"majority_label": "chihuahua", "secure_path": "https:/cu-visualab.org/oracle_query/S2/imgs/setB1/study/dogs/dog_A__109__dr2.png", "active": false, "img_confidence": 0.625, "path": "http:/cu-visualab.org/oracle_query/S2/imgs/setB1/study/dogs/dog_A__109__dr2.png", "img_correctness": 0.625, "img_name": "static/imgs/study/dogs/chihuahua__109__dr2.png", "actual_label": "chihuahua"}, {"majority_label": "chihuahua", "secure_path": "https:/cu-visualab.org/oracle_query/S2/imgs/setB1/study/dogs/dog_A__109__dr7.png", "active": false, "img_confidence": 0.75, "path": "http:/cu-visualab.org/oracle_query/S2/imgs/setB1/study/dogs/dog_A__109__dr7.png", "img_correctness": 0.75, "img_name": "static/imgs/study/dogs/chihuahua__109__dr7.png", "actual_label": "chihuahua"}, {"majority_label": "chihuahua", "secure_path": "https:/cu-visualab.org/oracle_query/S2/imgs/setB1/study/dogs/dog_A__122__dr2.png", "active": false, "img_confidence": 0.875, "path": "http:/cu-visualab.org/oracle_query/S2/imgs/setB1/study/dogs/dog_A__122__dr2.png", "img_correctness": 0.875, "img_name": "static/imgs/study/dogs/chihuahua__122__dr2.png", "actual_label": "chihuahua"}, {"majority_label": "miniature_pinscher", "secure_path": "https:/cu-visualab.org/oracle_query/S2/imgs/setB1/study/dogs/dog_B__24__dr5.png", "active": false, "img_confidence": 0.875, "path": "http:/cu-visualab.org/oracle_query/S2/imgs/setB1/study/dogs/dog_B__24__dr5.png", "img_correctness": 0.875, "img_name": "static/imgs/study/dogs/miniature_pinscher__24__dr5.png", "actual_label": "miniature_pinscher"}, {"majority_label": "chihuahua", "secure_path": "https:/cu-visualab.org/oracle_query/S2/imgs/setB1/study/dogs/dog_A__34__dr7.png", "active": false, "img_confidence": 0.5, "path": "http:/cu-visualab.org/oracle_query/S2/imgs/setB1/study/dogs/dog_A__34__dr7.png", "img_correctness": 0.5, "img_name": "static/imgs/study/dogs/chihuahua__34__dr7.png", "actual_label": "chihuahua"}, {"majority_label": "chihuahua", "secure_path": "https:/cu-visualab.org/oracle_query/S2/imgs/setB1/study/dogs/dog_A__148__dr5.png", "active": false, "img_confidence": 0.5, "path": "http:/cu-visualab.org/oracle_query/S2/imgs/setB1/study/dogs/dog_A__148__dr5.png", "img_correctness": 0.5, "img_name": "static/imgs/study/dogs/chihuahua__148__dr5.png", "actual_label": "chihuahua"}]}