{"test": [{"majority_label": "miniature_pinscher", "img_confidence": 0.875, "path": "https:/cu-visualab.org/oracle_query/S2/imgs/setB1/study/dogs/dog_B__189__dr2.png", "img_correctness": 0.875, "img_name": "static/imgs/study/dogs/miniature_pinscher__189__dr2.png", "actual_label": "miniature_pinscher"}, {"majority_label": "chihuahua", "img_confidence": 0.875, "path": "https:/cu-visualab.org/oracle_query/S2/imgs/setB1/study/dogs/dog_A__30__dr2.png", "img_correctness": 0.875, "img_name": "static/imgs/study/dogs/chihuahua__30__dr2.png", "actual_label": "chihuahua"}, {"majority_label": "miniature_pinscher", "img_confidence": 0.875, "path": "https:/cu-visualab.org/oracle_query/S2/imgs/setB1/study/dogs/dog_B__24__dr10.png", "img_correctness": 0.875, "img_name": "static/imgs/study/dogs/miniature_pinscher__24__dr10.png", "actual_label": "miniature_pinscher"}, {"majority_label": "chihuahua", "img_confidence": 1.0, "path": "https:/cu-visualab.org/oracle_query/S2/imgs/setB1/study/dogs/dog_A__34__dr2.png", "img_correctness": 1.0, "img_name": "static/imgs/study/dogs/chihuahua__34__dr2.png", "actual_label": "chihuahua"}, {"majority_label": "chihuahua", "img_confidence": 0.875, "path": "https:/cu-visualab.org/oracle_query/S2/imgs/setB1/study/dogs/dog_A__63__dr2.png", "img_correctness": 0.875, "img_name": "static/imgs/study/dogs/chihuahua__63__dr2.png", "actual_label": "chihuahua"}, {"majority_label": "miniature_pinscher", "img_confidence": 0.875, "path": "https:/cu-visualab.org/oracle_query/S2/imgs/setB1/study/dogs/dog_B__190__dr5.png", "img_correctness": 0.875, "img_name": "static/imgs/study/dogs/miniature_pinscher__190__dr5.png", "actual_label": "miniature_pinscher"}, {"majority_label": "chihuahua", "img_confidence": 1.0, "path": "https:/cu-visualab.org/oracle_query/S2/imgs/setB1/study/dogs/dog_A__168__dr5.png", "img_correctness": 1.0, "img_name": "static/imgs/study/dogs/chihuahua__168__dr5.png", "actual_label": "chihuahua"}, {"majority_label": "miniature_pinscher", "img_confidence": 0.875, "path": "https:/cu-visualab.org/oracle_query/S2/imgs/setB1/study/dogs/dog_B__170__dr7.png", "img_correctness": 0.875, "img_name": "static/imgs/study/dogs/miniature_pinscher__170__dr7.png", "actual_label": "miniature_pinscher"}, {"majority_label": "miniature_pinscher", "img_confidence": 0.875, "path": "https:/cu-visualab.org/oracle_query/S2/imgs/setB1/study/dogs/dog_A__148__dr10.png", "img_correctness": 0.125, "img_name": "static/imgs/study/dogs/chihuahua__148__dr10.png", "actual_label": "chihuahua"}, {"majority_label": "miniature_pinscher", "img_confidence": 1.0, "path": "https:/cu-visualab.org/oracle_query/S2/imgs/setB1/study/dogs/dog_B__144__dr2.png", "img_correctness": 1.0, "img_name": "static/imgs/study/dogs/miniature_pinscher__144__dr2.png", "actual_label": "miniature_pinscher"}, {"majority_label": "miniature_pinscher", "img_confidence": 0.875, "path": "https:/cu-visualab.org/oracle_query/S2/imgs/setB1/study/dogs/dog_B__144__dr5.png", "img_correctness": 0.875, "img_name": "static/imgs/study/dogs/miniature_pinscher__144__dr5.png", "actual_label": "miniature_pinscher"}, {"majority_label": "miniature_pinscher", "img_confidence": 0.875, "path": "https:/cu-visualab.org/oracle_query/S2/imgs/setB1/study/dogs/dog_B__65__dr5.png", "img_correctness": 0.875, "img_name": "static/imgs/study/dogs/miniature_pinscher__65__dr5.png", "actual_label": "miniature_pinscher"}, {"majority_label": "miniature_pinscher", "img_confidence": 0.875, "path": "https:/cu-visualab.org/oracle_query/S2/imgs/setB1/study/dogs/dog_B__189__dr10.png", "img_correctness": 0.875, "img_name": "static/imgs/study/dogs/miniature_pinscher__189__dr10.png", "actual_label": "miniature_pinscher"}, {"majority_label": "miniature_pinscher", "img_confidence": 0.875, "path": "https:/cu-visualab.org/oracle_query/S2/imgs/setB1/study/dogs/dog_A__148__dr7.png", "img_correctness": 0.125, "img_name": "static/imgs/study/dogs/chihuahua__148__dr7.png", "actual_label": "chihuahua"}, {"majority_label": "miniature_pinscher", "img_confidence": 1.0, "path": "https:/cu-visualab.org/oracle_query/S2/imgs/setB1/study/dogs/dog_B__190__dr2.png", "img_correctness": 1.0, "img_name": "static/imgs/study/dogs/miniature_pinscher__190__dr2.png", "actual_label": "miniature_pinscher"}, {"majority_label": "miniature_pinscher", "img_confidence": 0.875, "path": "https:/cu-visualab.org/oracle_query/S2/imgs/setB1/study/dogs/dog_A__144__dr7.png", "img_correctness": 0.125, "img_name": "static/imgs/study/dogs/chihuahua__144__dr7.png", "actual_label": "chihuahua"}, {"majority_label": "miniature_pinscher", "img_confidence": 0.875, "path": "https:/cu-visualab.org/oracle_query/S2/imgs/setB1/study/dogs/dog_B__141__dr10.png", "img_correctness": 0.875, "img_name": "static/imgs/study/dogs/miniature_pinscher__141__dr10.png", "actual_label": "miniature_pinscher"}, {"majority_label": "chihuahua", "img_confidence": 0.875, "path": "https:/cu-visualab.org/oracle_query/S2/imgs/setB1/study/dogs/dog_A__122__dr5.png", "img_correctness": 0.875, "img_name": "static/imgs/study/dogs/chihuahua__122__dr5.png", "actual_label": "chihuahua"}, {"majority_label": "miniature_pinscher", "img_confidence": 1.0, "path": "https:/cu-visualab.org/oracle_query/S2/imgs/setB1/study/dogs/dog_B__189__dr5.png", "img_correctness": 1.0, "img_name": "static/imgs/study/dogs/miniature_pinscher__189__dr5.png", "actual_label": "miniature_pinscher"}, {"majority_label": "chihuahua", "img_confidence": 0.875, "path": "https:/cu-visualab.org/oracle_query/S2/imgs/setB1/study/dogs/dog_A__122__dr10.png", "img_correctness": 0.875, "img_name": "static/imgs/study/dogs/chihuahua__122__dr10.png", "actual_label": "chihuahua"}, {"majority_label": "miniature_pinscher", "img_confidence": 0.875, "path": "https:/cu-visualab.org/oracle_query/S2/imgs/setB1/study/dogs/dog_B__190__dr7.png", "img_correctness": 0.875, "img_name": "static/imgs/study/dogs/miniature_pinscher__190__dr7.png", "actual_label": "miniature_pinscher"}, {"majority_label": "miniature_pinscher", "img_confidence": 0.875, "path": "https:/cu-visualab.org/oracle_query/S2/imgs/setB1/study/dogs/dog_B__117__dr2.png", "img_correctness": 0.875, "img_name": "static/imgs/study/dogs/miniature_pinscher__117__dr2.png", "actual_label": "miniature_pinscher"}, {"majority_label": "miniature_pinscher", "img_confidence": 0.875, "path": "https:/cu-visualab.org/oracle_query/S2/imgs/setB1/study/dogs/dog_B__117__dr10.png", "img_correctness": 0.875, "img_name": "static/imgs/study/dogs/miniature_pinscher__117__dr10.png", "actual_label": "miniature_pinscher"}, {"majority_label": "miniature_pinscher", "img_confidence": 0.875, "path": "https:/cu-visualab.org/oracle_query/S2/imgs/setB1/study/dogs/dog_B__24__dr2.png", "img_correctness": 0.875, "img_name": "static/imgs/study/dogs/miniature_pinscher__24__dr2.png", "actual_label": "miniature_pinscher"}, {"majority_label": "miniature_pinscher", "img_confidence": 1.0, "path": "https:/cu-visualab.org/oracle_query/S2/imgs/setB1/study/dogs/dog_A__144__dr2.png", "img_correctness": 0.0, "img_name": "static/imgs/study/dogs/chihuahua__144__dr2.png", "actual_label": "chihuahua"}], "training": [{"majority_label": "chihuahua", "img_confidence": 0.875, "path": "https:/cu-visualab.org/oracle_query/S2/imgs/setB1/study/dogs/dog_A__122__dr10.png", "img_correctness": 0.875, "img_name": "static/imgs/study/dogs/chihuahua__122__dr10.png", "actual_label": "chihuahua"}, {"majority_label": "miniature_pinscher", "img_confidence": 0.875, "path": "https:/cu-visualab.org/oracle_query/S2/imgs/setB1/study/dogs/dog_B__117__dr10.png", "img_correctness": 0.875, "img_name": "static/imgs/study/dogs/miniature_pinscher__117__dr10.png", "actual_label": "miniature_pinscher"}, {"majority_label": "miniature_pinscher", "img_confidence": 0.875, "path": "https:/cu-visualab.org/oracle_query/S2/imgs/setB1/study/dogs/dog_B__144__dr5.png", "img_correctness": 0.875, "img_name": "static/imgs/study/dogs/miniature_pinscher__144__dr5.png", "actual_label": "miniature_pinscher"}, {"majority_label": "miniature_pinscher", "img_confidence": 0.875, "path": "https:/cu-visualab.org/oracle_query/S2/imgs/setB1/study/dogs/dog_B__141__dr10.png", "img_correctness": 0.875, "img_name": "static/imgs/study/dogs/miniature_pinscher__141__dr10.png", "actual_label": "miniature_pinscher"}, {"majority_label": "miniature_pinscher", "img_confidence": 1.0, "path": "https:/cu-visualab.org/oracle_query/S2/imgs/setB1/study/dogs/dog_A__144__dr2.png", "img_correctness": 0.0, "img_name": "static/imgs/study/dogs/chihuahua__144__dr2.png", "actual_label": "chihuahua"}, {"majority_label": "miniature_pinscher", "img_confidence": 0.875, "path": "https:/cu-visualab.org/oracle_query/S2/imgs/setB1/study/dogs/dog_B__189__dr10.png", "img_correctness": 0.875, "img_name": "static/imgs/study/dogs/miniature_pinscher__189__dr10.png", "actual_label": "miniature_pinscher"}, {"majority_label": "miniature_pinscher", "img_confidence": 0.875, "path": "https:/cu-visualab.org/oracle_query/S2/imgs/setB1/study/dogs/dog_B__189__dr7.png", "img_correctness": 0.875, "img_name": "static/imgs/study/dogs/miniature_pinscher__189__dr7.png", "actual_label": "miniature_pinscher"}, {"majority_label": "chihuahua", "img_confidence": 0.875, "path": "https:/cu-visualab.org/oracle_query/S2/imgs/setB1/study/dogs/dog_A__63__dr5.png", "img_correctness": 0.875, "img_name": "static/imgs/study/dogs/chihuahua__63__dr5.png", "actual_label": "chihuahua"}, {"majority_label": "chihuahua", "img_confidence": 0.875, "path": "https:/cu-visualab.org/oracle_query/S2/imgs/setB1/study/dogs/dog_A__109__dr5.png", "img_correctness": 0.875, "img_name": "static/imgs/study/dogs/chihuahua__109__dr5.png", "actual_label": "chihuahua"}, {"majority_label": "miniature_pinscher", "img_confidence": 0.875, "path": "https:/cu-visualab.org/oracle_query/S2/imgs/setB1/study/dogs/dog_B__170__dr7.png", "img_correctness": 0.875, "img_name": "static/imgs/study/dogs/miniature_pinscher__170__dr7.png", "actual_label": "miniature_pinscher"}, {"majority_label": "miniature_pinscher", "img_confidence": 1.0, "path": "https:/cu-visualab.org/oracle_query/S2/imgs/setB1/study/dogs/dog_B__190__dr2.png", "img_correctness": 1.0, "img_name": "static/imgs/study/dogs/miniature_pinscher__190__dr2.png", "actual_label": "miniature_pinscher"}, {"majority_label": "miniature_pinscher", "img_confidence": 0.875, "path": "https:/cu-visualab.org/oracle_query/S2/imgs/setB1/study/dogs/dog_B__189__dr2.png", "img_correctness": 0.875, "img_name": "static/imgs/study/dogs/miniature_pinscher__189__dr2.png", "actual_label": "miniature_pinscher"}, {"majority_label": "chihuahua", "img_confidence": 0.875, "path": "https:/cu-visualab.org/oracle_query/S2/imgs/setB1/study/dogs/dog_A__30__dr2.png", "img_correctness": 0.875, "img_name": "static/imgs/study/dogs/chihuahua__30__dr2.png", "actual_label": "chihuahua"}, {"majority_label": "miniature_pinscher", "img_confidence": 0.875, "path": "https:/cu-visualab.org/oracle_query/S2/imgs/setB1/study/dogs/dog_B__190__dr5.png", "img_correctness": 0.875, "img_name": "static/imgs/study/dogs/miniature_pinscher__190__dr5.png", "actual_label": "miniature_pinscher"}, {"majority_label": "chihuahua", "img_confidence": 0.875, "path": "https:/cu-visualab.org/oracle_query/S2/imgs/setB1/study/dogs/dog_A__122__dr5.png", "img_correctness": 0.875, "img_name": "static/imgs/study/dogs/chihuahua__122__dr5.png", "actual_label": "chihuahua"}, {"majority_label": "miniature_pinscher", "img_confidence": 0.875, "path": "https:/cu-visualab.org/oracle_query/S2/imgs/setB1/study/dogs/dog_B__43__dr10.png", "img_correctness": 0.875, "img_name": "static/imgs/study/dogs/miniature_pinscher__43__dr10.png", "actual_label": "miniature_pinscher"}, {"majority_label": "chihuahua", "img_confidence": 1.0, "path": "https:/cu-visualab.org/oracle_query/S2/imgs/setB1/study/dogs/dog_A__168__dr2.png", "img_correctness": 1.0, "img_name": "static/imgs/study/dogs/chihuahua__168__dr2.png", "actual_label": "chihuahua"}, {"majority_label": "miniature_pinscher", "img_confidence": 0.875, "path": "https:/cu-visualab.org/oracle_query/S2/imgs/setB1/study/dogs/dog_B__24__dr10.png", "img_correctness": 0.875, "img_name": "static/imgs/study/dogs/miniature_pinscher__24__dr10.png", "actual_label": "miniature_pinscher"}, {"majority_label": "chihuahua", "img_confidence": 0.875, "path": "https:/cu-visualab.org/oracle_query/S2/imgs/setB1/study/dogs/dog_A__122__dr2.png", "img_correctness": 0.875, "img_name": "static/imgs/study/dogs/chihuahua__122__dr2.png", "actual_label": "chihuahua"}, {"majority_label": "miniature_pinscher", "img_confidence": 0.875, "path": "https:/cu-visualab.org/oracle_query/S2/imgs/setB1/study/dogs/dog_A__148__dr10.png", "img_correctness": 0.125, "img_name": "static/imgs/study/dogs/chihuahua__148__dr10.png", "actual_label": "chihuahua"}, {"majority_label": "miniature_pinscher", "img_confidence": 0.875, "path": "https:/cu-visualab.org/oracle_query/S2/imgs/setB1/study/dogs/dog_B__24__dr5.png", "img_correctness": 0.875, "img_name": "static/imgs/study/dogs/miniature_pinscher__24__dr5.png", "actual_label": "miniature_pinscher"}, {"majority_label": "miniature_pinscher", "img_confidence": 1.0, "path": "https:/cu-visualab.org/oracle_query/S2/imgs/setB1/study/dogs/dog_B__190__dr10.png", "img_correctness": 1.0, "img_name": "static/imgs/study/dogs/miniature_pinscher__190__dr10.png", "actual_label": "miniature_pinscher"}, {"majority_label": "miniature_pinscher", "img_confidence": 0.875, "path": "https:/cu-visualab.org/oracle_query/S2/imgs/setB1/study/dogs/dog_B__24__dr2.png", "img_correctness": 0.875, "img_name": "static/imgs/study/dogs/miniature_pinscher__24__dr2.png", "actual_label": "miniature_pinscher"}, {"majority_label": "miniature_pinscher", "img_confidence": 0.875, "path": "https:/cu-visualab.org/oracle_query/S2/imgs/setB1/study/dogs/dog_A__144__dr7.png", "img_correctness": 0.125, "img_name": "static/imgs/study/dogs/chihuahua__144__dr7.png", "actual_label": "chihuahua"}, {"majority_label": "chihuahua", "img_confidence": 1.0, "path": "https:/cu-visualab.org/oracle_query/S2/imgs/setB1/study/dogs/dog_A__168__dr5.png", "img_correctness": 1.0, "img_name": "static/imgs/study/dogs/chihuahua__168__dr5.png", "actual_label": "chihuahua"}]}