{"test": [{"majority_label": "great_pyrenees", "img_confidence": 0.5, "path": "https:/cu-visualab.org/oracle_query/S2/imgs/setC1/study/dogs/dog_A__135__dr10.png", "img_correctness": 0.5, "img_name": "static/imgs/study/dogs/great_pyrenees__135__dr10.png", "actual_label": "great_pyrenees"}, {"majority_label": "great_pyrenees", "img_confidence": 0.6666666666666666, "path": "https:/cu-visualab.org/oracle_query/S2/imgs/setC1/study/dogs/dog_A__103__dr10.png", "img_correctness": 0.6666666666666666, "img_name": "static/imgs/study/dogs/great_pyrenees__103__dr10.png", "actual_label": "great_pyrenees"}, {"majority_label": "havanese", "img_confidence": 0.6666666666666666, "path": "https:/cu-visualab.org/oracle_query/S2/imgs/setC1/study/dogs/dog_B__164__dr10.png", "img_correctness": 0.6666666666666666, "img_name": "static/imgs/study/dogs/havanese__164__dr10.png", "actual_label": "havanese"}, {"majority_label": "havanese", "img_confidence": 0.6666666666666666, "path": "https:/cu-visualab.org/oracle_query/S2/imgs/setC1/study/dogs/dog_B__58__dr5.png", "img_correctness": 0.6666666666666666, "img_name": "static/imgs/study/dogs/havanese__58__dr5.png", "actual_label": "havanese"}, {"majority_label": "havanese", "img_confidence": 0.6666666666666666, "path": "https:/cu-visualab.org/oracle_query/S2/imgs/setC1/study/dogs/dog_B__142__dr10.png", "img_correctness": 0.6666666666666666, "img_name": "static/imgs/study/dogs/havanese__142__dr10.png", "actual_label": "havanese"}, {"majority_label": "havanese", "img_confidence": 0.6666666666666666, "path": "https:/cu-visualab.org/oracle_query/S2/imgs/setC1/study/dogs/dog_A__37__dr10.png", "img_correctness": 0.3333333333333333, "img_name": "static/imgs/study/dogs/great_pyrenees__37__dr10.png", "actual_label": "great_pyrenees"}, {"majority_label": "havanese", "img_confidence": 0.6666666666666666, "path": "https:/cu-visualab.org/oracle_query/S2/imgs/setC1/study/dogs/dog_B__46__dr5.png", "img_correctness": 0.6666666666666666, "img_name": "static/imgs/study/dogs/havanese__46__dr5.png", "actual_label": "havanese"}, {"majority_label": "great_pyrenees", "img_confidence": 0.5, "path": "https:/cu-visualab.org/oracle_query/S2/imgs/setC1/study/dogs/dog_A__78__dr10.png", "img_correctness": 0.5, "img_name": "static/imgs/study/dogs/great_pyrenees__78__dr10.png", "actual_label": "great_pyrenees"}, {"majority_label": "great_pyrenees", "img_confidence": 0.5, "path": "https:/cu-visualab.org/oracle_query/S2/imgs/setC1/study/dogs/dog_B__171__dr10.png", "img_correctness": 0.5, "img_name": "static/imgs/study/dogs/havanese__171__dr10.png", "actual_label": "havanese"}, {"majority_label": "havanese", "img_confidence": 0.6666666666666666, "path": "https:/cu-visualab.org/oracle_query/S2/imgs/setC1/study/dogs/dog_B__191__dr5.png", "img_correctness": 0.6666666666666666, "img_name": "static/imgs/study/dogs/havanese__191__dr5.png", "actual_label": "havanese"}, {"majority_label": "great_pyrenees", "img_confidence": 0.6666666666666666, "path": "https:/cu-visualab.org/oracle_query/S2/imgs/setC1/study/dogs/dog_A__127__dr7.png", "img_correctness": 0.6666666666666666, "img_name": "static/imgs/study/dogs/great_pyrenees__127__dr7.png", "actual_label": "great_pyrenees"}, {"majority_label": "great_pyrenees", "img_confidence": 0.6666666666666666, "path": "https:/cu-visualab.org/oracle_query/S2/imgs/setC1/study/dogs/dog_A__78__dr7.png", "img_correctness": 0.6666666666666666, "img_name": "static/imgs/study/dogs/great_pyrenees__78__dr7.png", "actual_label": "great_pyrenees"}, {"majority_label": "great_pyrenees", "img_confidence": 0.5, "path": "https:/cu-visualab.org/oracle_query/S2/imgs/setC1/study/dogs/dog_B__58__dr10.png", "img_correctness": 0.5, "img_name": "static/imgs/study/dogs/havanese__58__dr10.png", "actual_label": "havanese"}, {"majority_label": "great_pyrenees", "img_confidence": 0.6666666666666666, "path": "https:/cu-visualab.org/oracle_query/S2/imgs/setC1/study/dogs/dog_A__177__dr7.png", "img_correctness": 0.6666666666666666, "img_name": "static/imgs/study/dogs/great_pyrenees__177__dr7.png", "actual_label": "great_pyrenees"}, {"majority_label": "havanese", "img_confidence": 0.6666666666666666, "path": "https:/cu-visualab.org/oracle_query/S2/imgs/setC1/study/dogs/dog_B__191__dr2.png", "img_correctness": 0.6666666666666666, "img_name": "static/imgs/study/dogs/havanese__191__dr2.png", "actual_label": "havanese"}, {"majority_label": "great_pyrenees", "img_confidence": 0.5, "path": "https:/cu-visualab.org/oracle_query/S2/imgs/setC1/study/dogs/dog_A__127__dr10.png", "img_correctness": 0.5, "img_name": "static/imgs/study/dogs/great_pyrenees__127__dr10.png", "actual_label": "great_pyrenees"}, {"majority_label": "havanese", "img_confidence": 0.6666666666666666, "path": "https:/cu-visualab.org/oracle_query/S2/imgs/setC1/study/dogs/dog_B__191__dr7.png", "img_correctness": 0.6666666666666666, "img_name": "static/imgs/study/dogs/havanese__191__dr7.png", "actual_label": "havanese"}, {"majority_label": "havanese", "img_confidence": 0.6666666666666666, "path": "https:/cu-visualab.org/oracle_query/S2/imgs/setC1/study/dogs/dog_B__173__dr2.png", "img_correctness": 0.6666666666666666, "img_name": "static/imgs/study/dogs/havanese__173__dr2.png", "actual_label": "havanese"}, {"majority_label": "havanese", "img_confidence": 0.6666666666666666, "path": "https:/cu-visualab.org/oracle_query/S2/imgs/setC1/study/dogs/dog_B__142__dr7.png", "img_correctness": 0.6666666666666666, "img_name": "static/imgs/study/dogs/havanese__142__dr7.png", "actual_label": "havanese"}, {"majority_label": "great_pyrenees", "img_confidence": 0.6666666666666666, "path": "https:/cu-visualab.org/oracle_query/S2/imgs/setC1/study/dogs/dog_A__103__dr7.png", "img_correctness": 0.6666666666666666, "img_name": "static/imgs/study/dogs/great_pyrenees__103__dr7.png", "actual_label": "great_pyrenees"}, {"majority_label": "havanese", "img_confidence": 0.6666666666666666, "path": "https:/cu-visualab.org/oracle_query/S2/imgs/setC1/study/dogs/dog_B__46__dr10.png", "img_correctness": 0.6666666666666666, "img_name": "static/imgs/study/dogs/havanese__46__dr10.png", "actual_label": "havanese"}, {"majority_label": "great_pyrenees", "img_confidence": 0.5, "path": "https:/cu-visualab.org/oracle_query/S2/imgs/setC1/study/dogs/dog_A__14__dr10.png", "img_correctness": 0.5, "img_name": "static/imgs/study/dogs/great_pyrenees__14__dr10.png", "actual_label": "great_pyrenees"}, {"majority_label": "great_pyrenees", "img_confidence": 0.5, "path": "https:/cu-visualab.org/oracle_query/S2/imgs/setC1/study/dogs/dog_B__162__dr10.png", "img_correctness": 0.5, "img_name": "static/imgs/study/dogs/havanese__162__dr10.png", "actual_label": "havanese"}, {"majority_label": "great_pyrenees", "img_confidence": 0.5, "path": "https:/cu-visualab.org/oracle_query/S2/imgs/setC1/study/dogs/dog_B__58__dr7.png", "img_correctness": 0.5, "img_name": "static/imgs/study/dogs/havanese__58__dr7.png", "actual_label": "havanese"}, {"majority_label": "great_pyrenees", "img_confidence": 0.6666666666666666, "path": "https:/cu-visualab.org/oracle_query/S2/imgs/setC1/study/dogs/dog_A__67__dr10.png", "img_correctness": 0.6666666666666666, "img_name": "static/imgs/study/dogs/great_pyrenees__67__dr10.png", "actual_label": "great_pyrenees"}], "training": [{"majority_label": "great_pyrenees", "img_confidence": 0.5, "path": "https:/cu-visualab.org/oracle_query/S2/imgs/setC1/study/dogs/dog_A__78__dr10.png", "img_correctness": 0.5, "img_name": "static/imgs/study/dogs/great_pyrenees__78__dr10.png", "actual_label": "great_pyrenees"}, {"majority_label": "havanese", "img_confidence": 0.6666666666666666, "path": "https:/cu-visualab.org/oracle_query/S2/imgs/setC1/study/dogs/dog_B__173__dr2.png", "img_correctness": 0.6666666666666666, "img_name": "static/imgs/study/dogs/havanese__173__dr2.png", "actual_label": "havanese"}, {"majority_label": "great_pyrenees", "img_confidence": 0.6666666666666666, "path": "https:/cu-visualab.org/oracle_query/S2/imgs/setC1/study/dogs/dog_A__103__dr10.png", "img_correctness": 0.6666666666666666, "img_name": "static/imgs/study/dogs/great_pyrenees__103__dr10.png", "actual_label": "great_pyrenees"}, {"majority_label": "havanese", "img_confidence": 0.6666666666666666, "path": "https:/cu-visualab.org/oracle_query/S2/imgs/setC1/study/dogs/dog_B__164__dr10.png", "img_correctness": 0.6666666666666666, "img_name": "static/imgs/study/dogs/havanese__164__dr10.png", "actual_label": "havanese"}, {"majority_label": "great_pyrenees", "img_confidence": 0.6666666666666666, "path": "https:/cu-visualab.org/oracle_query/S2/imgs/setC1/study/dogs/dog_A__78__dr7.png", "img_correctness": 0.6666666666666666, "img_name": "static/imgs/study/dogs/great_pyrenees__78__dr7.png", "actual_label": "great_pyrenees"}, {"majority_label": "havanese", "img_confidence": 0.6666666666666666, "path": "https:/cu-visualab.org/oracle_query/S2/imgs/setC1/study/dogs/dog_A__37__dr10.png", "img_correctness": 0.3333333333333333, "img_name": "static/imgs/study/dogs/great_pyrenees__37__dr10.png", "actual_label": "great_pyrenees"}, {"majority_label": "havanese", "img_confidence": 0.6666666666666666, "path": "https:/cu-visualab.org/oracle_query/S2/imgs/setC1/study/dogs/dog_B__142__dr10.png", "img_correctness": 0.6666666666666666, "img_name": "static/imgs/study/dogs/havanese__142__dr10.png", "actual_label": "havanese"}, {"majority_label": "great_pyrenees", "img_confidence": 0.5, "path": "https:/cu-visualab.org/oracle_query/S2/imgs/setC1/study/dogs/dog_A__135__dr10.png", "img_correctness": 0.5, "img_name": "static/imgs/study/dogs/great_pyrenees__135__dr10.png", "actual_label": "great_pyrenees"}, {"majority_label": "havanese", "img_confidence": 0.6666666666666666, "path": "https:/cu-visualab.org/oracle_query/S2/imgs/setC1/study/dogs/dog_B__58__dr5.png", "img_correctness": 0.6666666666666666, "img_name": "static/imgs/study/dogs/havanese__58__dr5.png", "actual_label": "havanese"}, {"majority_label": "havanese", "img_confidence": 0.6666666666666666, "path": "https:/cu-visualab.org/oracle_query/S2/imgs/setC1/study/dogs/dog_B__191__dr2.png", "img_correctness": 0.6666666666666666, "img_name": "static/imgs/study/dogs/havanese__191__dr2.png", "actual_label": "havanese"}, {"majority_label": "great_pyrenees", "img_confidence": 0.5, "path": "https:/cu-visualab.org/oracle_query/S2/imgs/setC1/study/dogs/dog_A__127__dr10.png", "img_correctness": 0.5, "img_name": "static/imgs/study/dogs/great_pyrenees__127__dr10.png", "actual_label": "great_pyrenees"}, {"majority_label": "great_pyrenees", "img_confidence": 0.5, "path": "https:/cu-visualab.org/oracle_query/S2/imgs/setC1/study/dogs/dog_A__14__dr10.png", "img_correctness": 0.5, "img_name": "static/imgs/study/dogs/great_pyrenees__14__dr10.png", "actual_label": "great_pyrenees"}, {"majority_label": "great_pyrenees", "img_confidence": 0.6666666666666666, "path": "https:/cu-visualab.org/oracle_query/S2/imgs/setC1/study/dogs/dog_A__127__dr7.png", "img_correctness": 0.6666666666666666, "img_name": "static/imgs/study/dogs/great_pyrenees__127__dr7.png", "actual_label": "great_pyrenees"}, {"majority_label": "great_pyrenees", "img_confidence": 0.5, "path": "https:/cu-visualab.org/oracle_query/S2/imgs/setC1/study/dogs/dog_B__58__dr10.png", "img_correctness": 0.5, "img_name": "static/imgs/study/dogs/havanese__58__dr10.png", "actual_label": "havanese"}, {"majority_label": "great_pyrenees", "img_confidence": 0.5, "path": "https:/cu-visualab.org/oracle_query/S2/imgs/setC1/study/dogs/dog_B__58__dr7.png", "img_correctness": 0.5, "img_name": "static/imgs/study/dogs/havanese__58__dr7.png", "actual_label": "havanese"}, {"majority_label": "havanese", "img_confidence": 0.6666666666666666, "path": "https:/cu-visualab.org/oracle_query/S2/imgs/setC1/study/dogs/dog_B__191__dr7.png", "img_correctness": 0.6666666666666666, "img_name": "static/imgs/study/dogs/havanese__191__dr7.png", "actual_label": "havanese"}, {"majority_label": "havanese", "img_confidence": 0.6666666666666666, "path": "https:/cu-visualab.org/oracle_query/S2/imgs/setC1/study/dogs/dog_B__46__dr5.png", "img_correctness": 0.6666666666666666, "img_name": "static/imgs/study/dogs/havanese__46__dr5.png", "actual_label": "havanese"}, {"majority_label": "great_pyrenees", "img_confidence": 0.6666666666666666, "path": "https:/cu-visualab.org/oracle_query/S2/imgs/setC1/study/dogs/dog_A__67__dr10.png", "img_correctness": 0.6666666666666666, "img_name": "static/imgs/study/dogs/great_pyrenees__67__dr10.png", "actual_label": "great_pyrenees"}, {"majority_label": "havanese", "img_confidence": 0.6666666666666666, "path": "https:/cu-visualab.org/oracle_query/S2/imgs/setC1/study/dogs/dog_B__191__dr5.png", "img_correctness": 0.6666666666666666, "img_name": "static/imgs/study/dogs/havanese__191__dr5.png", "actual_label": "havanese"}, {"majority_label": "great_pyrenees", "img_confidence": 0.5, "path": "https:/cu-visualab.org/oracle_query/S2/imgs/setC1/study/dogs/dog_B__171__dr10.png", "img_correctness": 0.5, "img_name": "static/imgs/study/dogs/havanese__171__dr10.png", "actual_label": "havanese"}, {"majority_label": "great_pyrenees", "img_confidence": 0.6666666666666666, "path": "https:/cu-visualab.org/oracle_query/S2/imgs/setC1/study/dogs/dog_A__177__dr7.png", "img_correctness": 0.6666666666666666, "img_name": "static/imgs/study/dogs/great_pyrenees__177__dr7.png", "actual_label": "great_pyrenees"}, {"majority_label": "great_pyrenees", "img_confidence": 0.6666666666666666, "path": "https:/cu-visualab.org/oracle_query/S2/imgs/setC1/study/dogs/dog_A__103__dr7.png", "img_correctness": 0.6666666666666666, "img_name": "static/imgs/study/dogs/great_pyrenees__103__dr7.png", "actual_label": "great_pyrenees"}, {"majority_label": "havanese", "img_confidence": 0.6666666666666666, "path": "https:/cu-visualab.org/oracle_query/S2/imgs/setC1/study/dogs/dog_B__142__dr7.png", "img_correctness": 0.6666666666666666, "img_name": "static/imgs/study/dogs/havanese__142__dr7.png", "actual_label": "havanese"}, {"majority_label": "havanese", "img_confidence": 0.6666666666666666, "path": "https:/cu-visualab.org/oracle_query/S2/imgs/setC1/study/dogs/dog_B__46__dr10.png", "img_correctness": 0.6666666666666666, "img_name": "static/imgs/study/dogs/havanese__46__dr10.png", "actual_label": "havanese"}, {"majority_label": "great_pyrenees", "img_confidence": 0.5, "path": "https:/cu-visualab.org/oracle_query/S2/imgs/setC1/study/dogs/dog_B__162__dr10.png", "img_correctness": 0.5, "img_name": "static/imgs/study/dogs/havanese__162__dr10.png", "actual_label": "havanese"}]}