{"test": [{"majority_label": "saint_bernard", "img_confidence": 1.0, "path": "https:/cu-visualab.org/oracle_query/S2/imgs/setA2/study/dogs/dog_A__112__dr2.png", "img_correctness": 1.0, "img_name": "static/imgs/study/dogs/saint_bernard__112__dr2.png", "actual_label": "saint_bernard"}, {"majority_label": "basset_hound", "img_confidence": 0.8571428571428571, "path": "https:/cu-visualab.org/oracle_query/S2/imgs/setA2/study/dogs/dog_B__78__dr5.png", "img_correctness": 0.8571428571428571, "img_name": "static/imgs/study/dogs/basset_hound__78__dr5.png", "actual_label": "basset_hound"}, {"majority_label": "saint_bernard", "img_confidence": 0.8571428571428571, "path": "https:/cu-visualab.org/oracle_query/S2/imgs/setA2/study/dogs/dog_A__53__dr10.png", "img_correctness": 0.8571428571428571, "img_name": "static/imgs/study/dogs/saint_bernard__53__dr10.png", "actual_label": "saint_bernard"}, {"majority_label": "saint_bernard", "img_confidence": 0.8571428571428571, "path": "https:/cu-visualab.org/oracle_query/S2/imgs/setA2/study/dogs/dog_A__116__dr7.png", "img_correctness": 0.8571428571428571, "img_name": "static/imgs/study/dogs/saint_bernard__116__dr7.png", "actual_label": "saint_bernard"}, {"majority_label": "basset_hound", "img_confidence": 0.8571428571428571, "path": "https:/cu-visualab.org/oracle_query/S2/imgs/setA2/study/dogs/dog_B__198__dr2.png", "img_correctness": 0.8571428571428571, "img_name": "static/imgs/study/dogs/basset_hound__198__dr2.png", "actual_label": "basset_hound"}, {"majority_label": "saint_bernard", "img_confidence": 0.8571428571428571, "path": "https:/cu-visualab.org/oracle_query/S2/imgs/setA2/study/dogs/dog_A__40__dr7.png", "img_correctness": 0.8571428571428571, "img_name": "static/imgs/study/dogs/saint_bernard__40__dr7.png", "actual_label": "saint_bernard"}, {"majority_label": "basset_hound", "img_confidence": 0.8571428571428571, "path": "https:/cu-visualab.org/oracle_query/S2/imgs/setA2/study/dogs/dog_B__19__dr2.png", "img_correctness": 0.8571428571428571, "img_name": "static/imgs/study/dogs/basset_hound__19__dr2.png", "actual_label": "basset_hound"}, {"majority_label": "saint_bernard", "img_confidence": 0.8571428571428571, "path": "https:/cu-visualab.org/oracle_query/S2/imgs/setA2/study/dogs/dog_A__75__dr2.png", "img_correctness": 0.8571428571428571, "img_name": "static/imgs/study/dogs/saint_bernard__75__dr2.png", "actual_label": "saint_bernard"}, {"majority_label": "saint_bernard", "img_confidence": 0.8571428571428571, "path": "https:/cu-visualab.org/oracle_query/S2/imgs/setA2/study/dogs/dog_A__112__dr5.png", "img_correctness": 0.8571428571428571, "img_name": "static/imgs/study/dogs/saint_bernard__112__dr5.png", "actual_label": "saint_bernard"}, {"majority_label": "saint_bernard", "img_confidence": 0.8571428571428571, "path": "https:/cu-visualab.org/oracle_query/S2/imgs/setA2/study/dogs/dog_A__32__dr7.png", "img_correctness": 0.8571428571428571, "img_name": "static/imgs/study/dogs/saint_bernard__32__dr7.png", "actual_label": "saint_bernard"}, {"majority_label": "basset_hound", "img_confidence": 0.8571428571428571, "path": "https:/cu-visualab.org/oracle_query/S2/imgs/setA2/study/dogs/dog_B__119__dr5.png", "img_correctness": 0.8571428571428571, "img_name": "static/imgs/study/dogs/basset_hound__119__dr5.png", "actual_label": "basset_hound"}, {"majority_label": "basset_hound", "img_confidence": 0.8571428571428571, "path": "https:/cu-visualab.org/oracle_query/S2/imgs/setA2/study/dogs/dog_B__1__dr7.png", "img_correctness": 0.8571428571428571, "img_name": "static/imgs/study/dogs/basset_hound__1__dr7.png", "actual_label": "basset_hound"}, {"majority_label": "saint_bernard", "img_confidence": 0.8571428571428571, "path": "https:/cu-visualab.org/oracle_query/S2/imgs/setA2/study/dogs/dog_A__40__dr5.png", "img_correctness": 0.8571428571428571, "img_name": "static/imgs/study/dogs/saint_bernard__40__dr5.png", "actual_label": "saint_bernard"}, {"majority_label": "basset_hound", "img_confidence": 0.8571428571428571, "path": "https:/cu-visualab.org/oracle_query/S2/imgs/setA2/study/dogs/dog_B__53__dr5.png", "img_correctness": 0.8571428571428571, "img_name": "static/imgs/study/dogs/basset_hound__53__dr5.png", "actual_label": "basset_hound"}, {"majority_label": "basset_hound", "img_confidence": 0.8571428571428571, "path": "https:/cu-visualab.org/oracle_query/S2/imgs/setA2/study/dogs/dog_B__41__dr2.png", "img_correctness": 0.8571428571428571, "img_name": "static/imgs/study/dogs/basset_hound__41__dr2.png", "actual_label": "basset_hound"}, {"majority_label": "basset_hound", "img_confidence": 0.7142857142857143, "path": "https:/cu-visualab.org/oracle_query/S2/imgs/setA2/study/dogs/dog_B__142__dr7.png", "img_correctness": 0.7142857142857143, "img_name": "static/imgs/study/dogs/basset_hound__142__dr7.png", "actual_label": "basset_hound"}, {"majority_label": "basset_hound", "img_confidence": 0.7142857142857143, "path": "https:/cu-visualab.org/oracle_query/S2/imgs/setA2/study/dogs/dog_A__8__dr10.png", "img_correctness": 0.2857142857142857, "img_name": "static/imgs/study/dogs/saint_bernard__8__dr10.png", "actual_label": "saint_bernard"}, {"majority_label": "basset_hound", "img_confidence": 0.7142857142857143, "path": "https:/cu-visualab.org/oracle_query/S2/imgs/setA2/study/dogs/dog_B__145__dr2.png", "img_correctness": 0.7142857142857143, "img_name": "static/imgs/study/dogs/basset_hound__145__dr2.png", "actual_label": "basset_hound"}, {"majority_label": "saint_bernard", "img_confidence": 0.7142857142857143, "path": "https:/cu-visualab.org/oracle_query/S2/imgs/setA2/study/dogs/dog_A__44__dr7.png", "img_correctness": 0.7142857142857143, "img_name": "static/imgs/study/dogs/saint_bernard__44__dr7.png", "actual_label": "saint_bernard"}, {"majority_label": "basset_hound", "img_confidence": 0.7142857142857143, "path": "https:/cu-visualab.org/oracle_query/S2/imgs/setA2/study/dogs/dog_B__19__dr5.png", "img_correctness": 0.7142857142857143, "img_name": "static/imgs/study/dogs/basset_hound__19__dr5.png", "actual_label": "basset_hound"}, {"majority_label": "saint_bernard", "img_confidence": 0.5714285714285714, "path": "https:/cu-visualab.org/oracle_query/S2/imgs/setA2/study/dogs/dog_A__94__dr10.png", "img_correctness": 0.5714285714285714, "img_name": "static/imgs/study/dogs/saint_bernard__94__dr10.png", "actual_label": "saint_bernard"}, {"majority_label": "saint_bernard", "img_confidence": 0.5714285714285714, "path": "https:/cu-visualab.org/oracle_query/S2/imgs/setA2/study/dogs/dog_A__112__dr7.png", "img_correctness": 0.5714285714285714, "img_name": "static/imgs/study/dogs/saint_bernard__112__dr7.png", "actual_label": "saint_bernard"}, {"majority_label": "saint_bernard", "img_confidence": 0.5714285714285714, "path": "https:/cu-visualab.org/oracle_query/S2/imgs/setA2/study/dogs/dog_A__75__dr7.png", "img_correctness": 0.5714285714285714, "img_name": "static/imgs/study/dogs/saint_bernard__75__dr7.png", "actual_label": "saint_bernard"}, {"majority_label": "basset_hound", "img_confidence": 0.5714285714285714, "path": "https:/cu-visualab.org/oracle_query/S2/imgs/setA2/study/dogs/dog_B__123__dr10.png", "img_correctness": 0.5714285714285714, "img_name": "static/imgs/study/dogs/basset_hound__123__dr10.png", "actual_label": "basset_hound"}, {"majority_label": "basset_hound", "img_confidence": 0.5714285714285714, "path": "https:/cu-visualab.org/oracle_query/S2/imgs/setA2/study/dogs/dog_A__94__dr7.png", "img_correctness": 0.42857142857142855, "img_name": "static/imgs/study/dogs/saint_bernard__94__dr7.png", "actual_label": "saint_bernard"}], "training": [{"majority_label": "saint_bernard", "img_confidence": 1.0, "path": "https:/cu-visualab.org/oracle_query/S2/imgs/setA2/study/dogs/dog_A__44__dr5.png", "img_correctness": 1.0, "img_name": "static/imgs/study/dogs/saint_bernard__44__dr5.png", "actual_label": "saint_bernard"}, {"majority_label": "basset_hound", "img_confidence": 0.8571428571428571, "path": "https:/cu-visualab.org/oracle_query/S2/imgs/setA2/study/dogs/dog_B__78__dr2.png", "img_correctness": 0.8571428571428571, "img_name": "static/imgs/study/dogs/basset_hound__78__dr2.png", "actual_label": "basset_hound"}, {"majority_label": "basset_hound", "img_confidence": 0.8571428571428571, "path": "https:/cu-visualab.org/oracle_query/S2/imgs/setA2/study/dogs/dog_B__119__dr10.png", "img_correctness": 0.8571428571428571, "img_name": "static/imgs/study/dogs/basset_hound__119__dr10.png", "actual_label": "basset_hound"}, {"majority_label": "basset_hound", "img_confidence": 0.8571428571428571, "path": "https:/cu-visualab.org/oracle_query/S2/imgs/setA2/study/dogs/dog_B__198__dr7.png", "img_correctness": 0.8571428571428571, "img_name": "static/imgs/study/dogs/basset_hound__198__dr7.png", "actual_label": "basset_hound"}, {"majority_label": "saint_bernard", "img_confidence": 0.8571428571428571, "path": "https:/cu-visualab.org/oracle_query/S2/imgs/setA2/study/dogs/dog_A__10__dr10.png", "img_correctness": 0.8571428571428571, "img_name": "static/imgs/study/dogs/saint_bernard__10__dr10.png", "actual_label": "saint_bernard"}, {"majority_label": "basset_hound", "img_confidence": 0.8571428571428571, "path": "https:/cu-visualab.org/oracle_query/S2/imgs/setA2/study/dogs/dog_B__6__dr7.png", "img_correctness": 0.8571428571428571, "img_name": "static/imgs/study/dogs/basset_hound__6__dr7.png", "actual_label": "basset_hound"}, {"majority_label": "basset_hound", "img_confidence": 0.8571428571428571, "path": "https:/cu-visualab.org/oracle_query/S2/imgs/setA2/study/dogs/dog_A__129__dr10.png", "img_correctness": 0.14285714285714285, "img_name": "static/imgs/study/dogs/saint_bernard__129__dr10.png", "actual_label": "saint_bernard"}, {"majority_label": "saint_bernard", "img_confidence": 0.8571428571428571, "path": "https:/cu-visualab.org/oracle_query/S2/imgs/setA2/study/dogs/dog_A__10__dr2.png", "img_correctness": 0.8571428571428571, "img_name": "static/imgs/study/dogs/saint_bernard__10__dr2.png", "actual_label": "saint_bernard"}, {"majority_label": "saint_bernard", "img_confidence": 0.8571428571428571, "path": "https:/cu-visualab.org/oracle_query/S2/imgs/setA2/study/dogs/dog_A__18__dr2.png", "img_correctness": 0.8571428571428571, "img_name": "static/imgs/study/dogs/saint_bernard__18__dr2.png", "actual_label": "saint_bernard"}, {"majority_label": "saint_bernard", "img_confidence": 0.8571428571428571, "path": "https:/cu-visualab.org/oracle_query/S2/imgs/setA2/study/dogs/dog_A__32__dr10.png", "img_correctness": 0.8571428571428571, "img_name": "static/imgs/study/dogs/saint_bernard__32__dr10.png", "actual_label": "saint_bernard"}, {"majority_label": "basset_hound", "img_confidence": 0.8571428571428571, "path": "https:/cu-visualab.org/oracle_query/S2/imgs/setA2/study/dogs/dog_B__6__dr5.png", "img_correctness": 0.8571428571428571, "img_name": "static/imgs/study/dogs/basset_hound__6__dr5.png", "actual_label": "basset_hound"}, {"majority_label": "saint_bernard", "img_confidence": 0.8571428571428571, "path": "https:/cu-visualab.org/oracle_query/S2/imgs/setA2/study/dogs/dog_A__44__dr2.png", "img_correctness": 0.8571428571428571, "img_name": "static/imgs/study/dogs/saint_bernard__44__dr2.png", "actual_label": "saint_bernard"}, {"majority_label": "saint_bernard", "img_confidence": 0.8571428571428571, "path": "https:/cu-visualab.org/oracle_query/S2/imgs/setA2/study/dogs/dog_A__10__dr5.png", "img_correctness": 0.8571428571428571, "img_name": "static/imgs/study/dogs/saint_bernard__10__dr5.png", "actual_label": "saint_bernard"}, {"majority_label": "basset_hound", "img_confidence": 0.7142857142857143, "path": "https:/cu-visualab.org/oracle_query/S2/imgs/setA2/study/dogs/dog_A__129__dr7.png", "img_correctness": 0.2857142857142857, "img_name": "static/imgs/study/dogs/saint_bernard__129__dr7.png", "actual_label": "saint_bernard"}, {"majority_label": "basset_hound", "img_confidence": 0.7142857142857143, "path": "https:/cu-visualab.org/oracle_query/S2/imgs/setA2/study/dogs/dog_B__145__dr10.png", "img_correctness": 0.7142857142857143, "img_name": "static/imgs/study/dogs/basset_hound__145__dr10.png", "actual_label": "basset_hound"}, {"majority_label": "basset_hound", "img_confidence": 0.7142857142857143, "path": "https:/cu-visualab.org/oracle_query/S2/imgs/setA2/study/dogs/dog_B__6__dr10.png", "img_correctness": 0.7142857142857143, "img_name": "static/imgs/study/dogs/basset_hound__6__dr10.png", "actual_label": "basset_hound"}, {"majority_label": "basset_hound", "img_confidence": 0.7142857142857143, "path": "https:/cu-visualab.org/oracle_query/S2/imgs/setA2/study/dogs/dog_B__145__dr5.png", "img_correctness": 0.7142857142857143, "img_name": "static/imgs/study/dogs/basset_hound__145__dr5.png", "actual_label": "basset_hound"}, {"majority_label": "saint_bernard", "img_confidence": 0.7142857142857143, "path": "https:/cu-visualab.org/oracle_query/S2/imgs/setA2/study/dogs/dog_A__94__dr5.png", "img_correctness": 0.7142857142857143, "img_name": "static/imgs/study/dogs/saint_bernard__94__dr5.png", "actual_label": "saint_bernard"}, {"majority_label": "basset_hound", "img_confidence": 0.7142857142857143, "path": "https:/cu-visualab.org/oracle_query/S2/imgs/setA2/study/dogs/dog_B__190__dr10.png", "img_correctness": 0.7142857142857143, "img_name": "static/imgs/study/dogs/basset_hound__190__dr10.png", "actual_label": "basset_hound"}, {"majority_label": "basset_hound", "img_confidence": 0.7142857142857143, "path": "https:/cu-visualab.org/oracle_query/S2/imgs/setA2/study/dogs/dog_B__123__dr7.png", "img_correctness": 0.7142857142857143, "img_name": "static/imgs/study/dogs/basset_hound__123__dr7.png", "actual_label": "basset_hound"}, {"majority_label": "saint_bernard", "img_confidence": 0.7142857142857143, "path": "https:/cu-visualab.org/oracle_query/S2/imgs/setA2/study/dogs/dog_A__129__dr5.png", "img_correctness": 0.7142857142857143, "img_name": "static/imgs/study/dogs/saint_bernard__129__dr5.png", "actual_label": "saint_bernard"}, {"majority_label": "basset_hound", "img_confidence": 0.5714285714285714, "path": "https:/cu-visualab.org/oracle_query/S2/imgs/setA2/study/dogs/dog_B__41__dr7.png", "img_correctness": 0.5714285714285714, "img_name": "static/imgs/study/dogs/basset_hound__41__dr7.png", "actual_label": "basset_hound"}, {"majority_label": "saint_bernard", "img_confidence": 0.5714285714285714, "path": "https:/cu-visualab.org/oracle_query/S2/imgs/setA2/study/dogs/dog_A__116__dr10.png", "img_correctness": 0.5714285714285714, "img_name": "static/imgs/study/dogs/saint_bernard__116__dr10.png", "actual_label": "saint_bernard"}, {"majority_label": "basset_hound", "img_confidence": 0.5714285714285714, "path": "https:/cu-visualab.org/oracle_query/S2/imgs/setA2/study/dogs/dog_B__1__dr10.png", "img_correctness": 0.5714285714285714, "img_name": "static/imgs/study/dogs/basset_hound__1__dr10.png", "actual_label": "basset_hound"}, {"majority_label": "basset_hound", "img_confidence": 0.5714285714285714, "path": "https:/cu-visualab.org/oracle_query/S2/imgs/setA2/study/dogs/dog_A__75__dr10.png", "img_correctness": 0.42857142857142855, "img_name": "static/imgs/study/dogs/saint_bernard__75__dr10.png", "actual_label": "saint_bernard"}]}