{"test": [{"majority_label": "havanese", "img_confidence": 1.0, "path": "https:/cu-visualab.org/oracle_query/S2/imgs/setC2/study/dogs/dog_A__88__dr10.png", "img_correctness": 1.0, "img_name": "static/imgs/study/dogs/havanese__88__dr10.png", "actual_label": "havanese"}, {"majority_label": "havanese", "img_confidence": 1.0, "path": "https:/cu-visualab.org/oracle_query/S2/imgs/setC2/study/dogs/dog_A__113__dr5.png", "img_correctness": 1.0, "img_name": "static/imgs/study/dogs/havanese__113__dr5.png", "actual_label": "havanese"}, {"majority_label": "great_pyrenees", "img_confidence": 1.0, "path": "https:/cu-visualab.org/oracle_query/S2/imgs/setC2/study/dogs/dog_B__31__dr10.png", "img_correctness": 1.0, "img_name": "static/imgs/study/dogs/great_pyrenees__31__dr10.png", "actual_label": "great_pyrenees"}, {"majority_label": "havanese", "img_confidence": 1.0, "path": "https:/cu-visualab.org/oracle_query/S2/imgs/setC2/study/dogs/dog_A__84__dr2.png", "img_correctness": 1.0, "img_name": "static/imgs/study/dogs/havanese__84__dr2.png", "actual_label": "havanese"}, {"majority_label": "havanese", "img_confidence": 1.0, "path": "https:/cu-visualab.org/oracle_query/S2/imgs/setC2/study/dogs/dog_A__181__dr2.png", "img_correctness": 1.0, "img_name": "static/imgs/study/dogs/havanese__181__dr2.png", "actual_label": "havanese"}, {"majority_label": "havanese", "img_confidence": 1.0, "path": "https:/cu-visualab.org/oracle_query/S2/imgs/setC2/study/dogs/dog_A__71__dr7.png", "img_correctness": 1.0, "img_name": "static/imgs/study/dogs/havanese__71__dr7.png", "actual_label": "havanese"}, {"majority_label": "havanese", "img_confidence": 1.0, "path": "https:/cu-visualab.org/oracle_query/S2/imgs/setC2/study/dogs/dog_A__133__dr2.png", "img_correctness": 1.0, "img_name": "static/imgs/study/dogs/havanese__133__dr2.png", "actual_label": "havanese"}, {"majority_label": "havanese", "img_confidence": 0.75, "path": "https:/cu-visualab.org/oracle_query/S2/imgs/setC2/study/dogs/dog_A__170__dr2.png", "img_correctness": 0.75, "img_name": "static/imgs/study/dogs/havanese__170__dr2.png", "actual_label": "havanese"}, {"majority_label": "havanese", "img_confidence": 0.75, "path": "https:/cu-visualab.org/oracle_query/S2/imgs/setC2/study/dogs/dog_A__177__dr10.png", "img_correctness": 0.75, "img_name": "static/imgs/study/dogs/havanese__177__dr10.png", "actual_label": "havanese"}, {"majority_label": "havanese", "img_confidence": 0.75, "path": "https:/cu-visualab.org/oracle_query/S2/imgs/setC2/study/dogs/dog_A__170__dr5.png", "img_correctness": 0.75, "img_name": "static/imgs/study/dogs/havanese__170__dr5.png", "actual_label": "havanese"}, {"majority_label": "great_pyrenees", "img_confidence": 0.75, "path": "https:/cu-visualab.org/oracle_query/S2/imgs/setC2/study/dogs/dog_B__109__dr5.png", "img_correctness": 0.75, "img_name": "static/imgs/study/dogs/great_pyrenees__109__dr5.png", "actual_label": "great_pyrenees"}, {"majority_label": "havanese", "img_confidence": 0.75, "path": "https:/cu-visualab.org/oracle_query/S2/imgs/setC2/study/dogs/dog_A__11__dr2.png", "img_correctness": 0.75, "img_name": "static/imgs/study/dogs/havanese__11__dr2.png", "actual_label": "havanese"}, {"majority_label": "havanese", "img_confidence": 0.75, "path": "https:/cu-visualab.org/oracle_query/S2/imgs/setC2/study/dogs/dog_A__133__dr5.png", "img_correctness": 0.75, "img_name": "static/imgs/study/dogs/havanese__133__dr5.png", "actual_label": "havanese"}, {"majority_label": "great_pyrenees", "img_confidence": 0.75, "path": "https:/cu-visualab.org/oracle_query/S2/imgs/setC2/study/dogs/dog_B__176__dr7.png", "img_correctness": 0.75, "img_name": "static/imgs/study/dogs/great_pyrenees__176__dr7.png", "actual_label": "great_pyrenees"}, {"majority_label": "havanese", "img_confidence": 0.75, "path": "https:/cu-visualab.org/oracle_query/S2/imgs/setC2/study/dogs/dog_A__133__dr5.png", "img_correctness": 0.75, "img_name": "static/imgs/study/dogs/havanese__133__dr5.png", "actual_label": "havanese"}, {"majority_label": "havanese", "img_confidence": 0.75, "path": "https:/cu-visualab.org/oracle_query/S2/imgs/setC2/study/dogs/dog_A__38__dr5.png", "img_correctness": 0.75, "img_name": "static/imgs/study/dogs/havanese__38__dr5.png", "actual_label": "havanese"}, {"majority_label": "havanese", "img_confidence": 0.75, "path": "https:/cu-visualab.org/oracle_query/S2/imgs/setC2/study/dogs/dog_A__170__dr7.png", "img_correctness": 0.75, "img_name": "static/imgs/study/dogs/havanese__170__dr7.png", "actual_label": "havanese"}, {"majority_label": "havanese", "img_confidence": 0.75, "path": "https:/cu-visualab.org/oracle_query/S2/imgs/setC2/study/dogs/dog_A__133__dr7.png", "img_correctness": 0.75, "img_name": "static/imgs/study/dogs/havanese__133__dr7.png", "actual_label": "havanese"}, {"majority_label": "havanese", "img_confidence": 0.75, "path": "https:/cu-visualab.org/oracle_query/S2/imgs/setC2/study/dogs/dog_B__176__dr10.png", "img_correctness": 0.25, "img_name": "static/imgs/study/dogs/great_pyrenees__176__dr10.png", "actual_label": "great_pyrenees"}, {"majority_label": "havanese", "img_confidence": 0.5, "path": "https:/cu-visualab.org/oracle_query/S2/imgs/setC2/study/dogs/dog_B__87__dr10.png", "img_correctness": 0.5, "img_name": "static/imgs/study/dogs/great_pyrenees__87__dr10.png", "actual_label": "great_pyrenees"}, {"majority_label": "havanese", "img_confidence": 0.5, "path": "https:/cu-visualab.org/oracle_query/S2/imgs/setC2/study/dogs/dog_A__38__dr10.png", "img_correctness": 0.5, "img_name": "static/imgs/study/dogs/havanese__38__dr10.png", "actual_label": "havanese"}, {"majority_label": "havanese", "img_confidence": 0.5, "path": "https:/cu-visualab.org/oracle_query/S2/imgs/setC2/study/dogs/dog_B__74__dr10.png", "img_correctness": 0.5, "img_name": "static/imgs/study/dogs/great_pyrenees__74__dr10.png", "actual_label": "great_pyrenees"}, {"majority_label": "havanese", "img_confidence": 0.5, "path": "https:/cu-visualab.org/oracle_query/S2/imgs/setC2/study/dogs/dog_A__11__dr10.png", "img_correctness": 0.5, "img_name": "static/imgs/study/dogs/havanese__11__dr10.png", "actual_label": "havanese"}, {"majority_label": "havanese", "img_confidence": 0.5, "path": "https:/cu-visualab.org/oracle_query/S2/imgs/setC2/study/dogs/dog_A__38__dr7.png", "img_correctness": 0.5, "img_name": "static/imgs/study/dogs/havanese__38__dr7.png", "actual_label": "havanese"}, {"majority_label": "havanese", "img_confidence": 0.5, "path": "https:/cu-visualab.org/oracle_query/S2/imgs/setC2/study/dogs/dog_B__109__dr10.png", "img_correctness": 0.5, "img_name": "static/imgs/study/dogs/great_pyrenees__109__dr10.png", "actual_label": "great_pyrenees"}], "training": [{"majority_label": "havanese", "img_confidence": 1.0, "path": "https:/cu-visualab.org/oracle_query/S2/imgs/setC2/study/dogs/dog_A__84__dr2.png", "img_correctness": 1.0, "img_name": "static/imgs/study/dogs/havanese__84__dr2.png", "actual_label": "havanese"}, {"majority_label": "havanese", "img_confidence": 1.0, "path": "https:/cu-visualab.org/oracle_query/S2/imgs/setC2/study/dogs/dog_A__113__dr5.png", "img_correctness": 1.0, "img_name": "static/imgs/study/dogs/havanese__113__dr5.png", "actual_label": "havanese"}, {"majority_label": "havanese", "img_confidence": 1.0, "path": "https:/cu-visualab.org/oracle_query/S2/imgs/setC2/study/dogs/dog_A__181__dr2.png", "img_correctness": 1.0, "img_name": "static/imgs/study/dogs/havanese__181__dr2.png", "actual_label": "havanese"}, {"majority_label": "havanese", "img_confidence": 1.0, "path": "https:/cu-visualab.org/oracle_query/S2/imgs/setC2/study/dogs/dog_A__88__dr10.png", "img_correctness": 1.0, "img_name": "static/imgs/study/dogs/havanese__88__dr10.png", "actual_label": "havanese"}, {"majority_label": "havanese", "img_confidence": 1.0, "path": "https:/cu-visualab.org/oracle_query/S2/imgs/setC2/study/dogs/dog_A__113__dr5.png", "img_correctness": 1.0, "img_name": "static/imgs/study/dogs/havanese__113__dr5.png", "actual_label": "havanese"}, {"majority_label": "havanese", "img_confidence": 1.0, "path": "https:/cu-visualab.org/oracle_query/S2/imgs/setC2/study/dogs/dog_A__84__dr2.png", "img_correctness": 1.0, "img_name": "static/imgs/study/dogs/havanese__84__dr2.png", "actual_label": "havanese"}, {"majority_label": "havanese", "img_confidence": 1.0, "path": "https:/cu-visualab.org/oracle_query/S2/imgs/setC2/study/dogs/dog_A__133__dr2.png", "img_correctness": 1.0, "img_name": "static/imgs/study/dogs/havanese__133__dr2.png", "actual_label": "havanese"}, {"majority_label": "havanese", "img_confidence": 1.0, "path": "https:/cu-visualab.org/oracle_query/S2/imgs/setC2/study/dogs/dog_A__181__dr2.png", "img_correctness": 1.0, "img_name": "static/imgs/study/dogs/havanese__181__dr2.png", "actual_label": "havanese"}, {"majority_label": "great_pyrenees", "img_confidence": 0.75, "path": "https:/cu-visualab.org/oracle_query/S2/imgs/setC2/study/dogs/dog_B__109__dr5.png", "img_correctness": 0.75, "img_name": "static/imgs/study/dogs/great_pyrenees__109__dr5.png", "actual_label": "great_pyrenees"}, {"majority_label": "havanese", "img_confidence": 0.75, "path": "https:/cu-visualab.org/oracle_query/S2/imgs/setC2/study/dogs/dog_A__38__dr5.png", "img_correctness": 0.75, "img_name": "static/imgs/study/dogs/havanese__38__dr5.png", "actual_label": "havanese"}, {"majority_label": "havanese", "img_confidence": 0.75, "path": "https:/cu-visualab.org/oracle_query/S2/imgs/setC2/study/dogs/dog_A__170__dr2.png", "img_correctness": 0.75, "img_name": "static/imgs/study/dogs/havanese__170__dr2.png", "actual_label": "havanese"}, {"majority_label": "great_pyrenees", "img_confidence": 0.75, "path": "https:/cu-visualab.org/oracle_query/S2/imgs/setC2/study/dogs/dog_B__74__dr7.png", "img_correctness": 0.75, "img_name": "static/imgs/study/dogs/great_pyrenees__74__dr7.png", "actual_label": "great_pyrenees"}, {"majority_label": "great_pyrenees", "img_confidence": 0.75, "path": "https:/cu-visualab.org/oracle_query/S2/imgs/setC2/study/dogs/dog_B__87__dr7.png", "img_correctness": 0.75, "img_name": "static/imgs/study/dogs/great_pyrenees__87__dr7.png", "actual_label": "great_pyrenees"}, {"majority_label": "havanese", "img_confidence": 0.75, "path": "https:/cu-visualab.org/oracle_query/S2/imgs/setC2/study/dogs/dog_A__170__dr2.png", "img_correctness": 0.75, "img_name": "static/imgs/study/dogs/havanese__170__dr2.png", "actual_label": "havanese"}, {"majority_label": "great_pyrenees", "img_confidence": 0.75, "path": "https:/cu-visualab.org/oracle_query/S2/imgs/setC2/study/dogs/dog_B__179__dr10.png", "img_correctness": 0.75, "img_name": "static/imgs/study/dogs/great_pyrenees__179__dr10.png", "actual_label": "great_pyrenees"}, {"majority_label": "havanese", "img_confidence": 0.75, "path": "https:/cu-visualab.org/oracle_query/S2/imgs/setC2/study/dogs/dog_B__200__dr10.png", "img_correctness": 0.25, "img_name": "static/imgs/study/dogs/great_pyrenees__200__dr10.png", "actual_label": "great_pyrenees"}, {"majority_label": "havanese", "img_confidence": 0.75, "path": "https:/cu-visualab.org/oracle_query/S2/imgs/setC2/study/dogs/dog_A__170__dr5.png", "img_correctness": 0.75, "img_name": "static/imgs/study/dogs/havanese__170__dr5.png", "actual_label": "havanese"}, {"majority_label": "havanese", "img_confidence": 0.75, "path": "https:/cu-visualab.org/oracle_query/S2/imgs/setC2/study/dogs/dog_B__200__dr10.png", "img_correctness": 0.25, "img_name": "static/imgs/study/dogs/great_pyrenees__200__dr10.png", "actual_label": "great_pyrenees"}, {"majority_label": "great_pyrenees", "img_confidence": 0.75, "path": "https:/cu-visualab.org/oracle_query/S2/imgs/setC2/study/dogs/dog_B__179__dr10.png", "img_correctness": 0.75, "img_name": "static/imgs/study/dogs/great_pyrenees__179__dr10.png", "actual_label": "great_pyrenees"}, {"majority_label": "great_pyrenees", "img_confidence": 0.75, "path": "https:/cu-visualab.org/oracle_query/S2/imgs/setC2/study/dogs/dog_B__160__dr10.png", "img_correctness": 0.75, "img_name": "static/imgs/study/dogs/great_pyrenees__160__dr10.png", "actual_label": "great_pyrenees"}, {"majority_label": "havanese", "img_confidence": 0.5, "path": "https:/cu-visualab.org/oracle_query/S2/imgs/setC2/study/dogs/dog_A__177__dr5.png", "img_correctness": 0.5, "img_name": "static/imgs/study/dogs/havanese__177__dr5.png", "actual_label": "havanese"}, {"majority_label": "havanese", "img_confidence": 0.5, "path": "https:/cu-visualab.org/oracle_query/S2/imgs/setC2/study/dogs/dog_B__80__dr10.png", "img_correctness": 0.5, "img_name": "static/imgs/study/dogs/great_pyrenees__80__dr10.png", "actual_label": "great_pyrenees"}, {"majority_label": "havanese", "img_confidence": 0.5, "path": "https:/cu-visualab.org/oracle_query/S2/imgs/setC2/study/dogs/dog_A__38__dr7.png", "img_correctness": 0.5, "img_name": "static/imgs/study/dogs/havanese__38__dr7.png", "actual_label": "havanese"}, {"majority_label": "havanese", "img_confidence": 0.5, "path": "https:/cu-visualab.org/oracle_query/S2/imgs/setC2/study/dogs/dog_A__38__dr7.png", "img_correctness": 0.5, "img_name": "static/imgs/study/dogs/havanese__38__dr7.png", "actual_label": "havanese"}, {"majority_label": "havanese", "img_confidence": 0.5, "path": "https:/cu-visualab.org/oracle_query/S2/imgs/setC2/study/dogs/dog_A__38__dr7.png", "img_correctness": 0.5, "img_name": "static/imgs/study/dogs/havanese__38__dr7.png", "actual_label": "havanese"}]}