{"test": [{"majority_label": "havanese", "img_confidence": 1.0, "path": "https:/cu-visualab.org/oracle_query/S2/imgs/setC2/study/dogs/dog_A__84__dr2.png", "img_correctness": 1.0, "img_name": "static/imgs/study/dogs/havanese__84__dr2.png", "actual_label": "havanese"}, {"majority_label": "havanese", "img_confidence": 1.0, "path": "https:/cu-visualab.org/oracle_query/S2/imgs/setC2/study/dogs/dog_A__84__dr2.png", "img_correctness": 1.0, "img_name": "static/imgs/study/dogs/havanese__84__dr2.png", "actual_label": "havanese"}, {"majority_label": "great_pyrenees", "img_confidence": 1.0, "path": "https:/cu-visualab.org/oracle_query/S2/imgs/setC2/study/dogs/dog_B__31__dr10.png", "img_correctness": 1.0, "img_name": "static/imgs/study/dogs/great_pyrenees__31__dr10.png", "actual_label": "great_pyrenees"}, {"majority_label": "havanese", "img_confidence": 1.0, "path": "https:/cu-visualab.org/oracle_query/S2/imgs/setC2/study/dogs/dog_A__88__dr10.png", "img_correctness": 1.0, "img_name": "static/imgs/study/dogs/havanese__88__dr10.png", "actual_label": "havanese"}, {"majority_label": "havanese", "img_confidence": 1.0, "path": "https:/cu-visualab.org/oracle_query/S2/imgs/setC2/study/dogs/dog_A__84__dr2.png", "img_correctness": 1.0, "img_name": "static/imgs/study/dogs/havanese__84__dr2.png", "actual_label": "havanese"}, {"majority_label": "havanese", "img_confidence": 1.0, "path": "https:/cu-visualab.org/oracle_query/S2/imgs/setC2/study/dogs/dog_A__88__dr10.png", "img_correctness": 1.0, "img_name": "static/imgs/study/dogs/havanese__88__dr10.png", "actual_label": "havanese"}, {"majority_label": "havanese", "img_confidence": 1.0, "path": "https:/cu-visualab.org/oracle_query/S2/imgs/setC2/study/dogs/dog_A__84__dr2.png", "img_correctness": 1.0, "img_name": "static/imgs/study/dogs/havanese__84__dr2.png", "actual_label": "havanese"}, {"majority_label": "havanese", "img_confidence": 1.0, "path": "https:/cu-visualab.org/oracle_query/S2/imgs/setC2/study/dogs/dog_A__88__dr10.png", "img_correctness": 1.0, "img_name": "static/imgs/study/dogs/havanese__88__dr10.png", "actual_label": "havanese"}, {"majority_label": "havanese", "img_confidence": 1.0, "path": "https:/cu-visualab.org/oracle_query/S2/imgs/setC2/study/dogs/dog_A__84__dr2.png", "img_correctness": 1.0, "img_name": "static/imgs/study/dogs/havanese__84__dr2.png", "actual_label": "havanese"}, {"majority_label": "havanese", "img_confidence": 1.0, "path": "https:/cu-visualab.org/oracle_query/S2/imgs/setC2/study/dogs/dog_A__113__dr5.png", "img_correctness": 1.0, "img_name": "static/imgs/study/dogs/havanese__113__dr5.png", "actual_label": "havanese"}, {"majority_label": "havanese", "img_confidence": 1.0, "path": "https:/cu-visualab.org/oracle_query/S2/imgs/setC2/study/dogs/dog_A__113__dr5.png", "img_correctness": 1.0, "img_name": "static/imgs/study/dogs/havanese__113__dr5.png", "actual_label": "havanese"}, {"majority_label": "great_pyrenees", "img_confidence": 1.0, "path": "https:/cu-visualab.org/oracle_query/S2/imgs/setC2/study/dogs/dog_B__31__dr10.png", "img_correctness": 1.0, "img_name": "static/imgs/study/dogs/great_pyrenees__31__dr10.png", "actual_label": "great_pyrenees"}, {"majority_label": "havanese", "img_confidence": 1.0, "path": "https:/cu-visualab.org/oracle_query/S2/imgs/setC2/study/dogs/dog_A__84__dr2.png", "img_correctness": 1.0, "img_name": "static/imgs/study/dogs/havanese__84__dr2.png", "actual_label": "havanese"}, {"majority_label": "great_pyrenees", "img_confidence": 1.0, "path": "https:/cu-visualab.org/oracle_query/S2/imgs/setC2/study/dogs/dog_B__31__dr10.png", "img_correctness": 1.0, "img_name": "static/imgs/study/dogs/great_pyrenees__31__dr10.png", "actual_label": "great_pyrenees"}, {"majority_label": "great_pyrenees", "img_confidence": 1.0, "path": "https:/cu-visualab.org/oracle_query/S2/imgs/setC2/study/dogs/dog_B__31__dr10.png", "img_correctness": 1.0, "img_name": "static/imgs/study/dogs/great_pyrenees__31__dr10.png", "actual_label": "great_pyrenees"}, {"majority_label": "great_pyrenees", "img_confidence": 1.0, "path": "https:/cu-visualab.org/oracle_query/S2/imgs/setC2/study/dogs/dog_B__31__dr10.png", "img_correctness": 1.0, "img_name": "static/imgs/study/dogs/great_pyrenees__31__dr10.png", "actual_label": "great_pyrenees"}, {"majority_label": "havanese", "img_confidence": 1.0, "path": "https:/cu-visualab.org/oracle_query/S2/imgs/setC2/study/dogs/dog_A__88__dr10.png", "img_correctness": 1.0, "img_name": "static/imgs/study/dogs/havanese__88__dr10.png", "actual_label": "havanese"}, {"majority_label": "great_pyrenees", "img_confidence": 1.0, "path": "https:/cu-visualab.org/oracle_query/S2/imgs/setC2/study/dogs/dog_B__31__dr10.png", "img_correctness": 1.0, "img_name": "static/imgs/study/dogs/great_pyrenees__31__dr10.png", "actual_label": "great_pyrenees"}, {"majority_label": "havanese", "img_confidence": 1.0, "path": "https:/cu-visualab.org/oracle_query/S2/imgs/setC2/study/dogs/dog_A__88__dr10.png", "img_correctness": 1.0, "img_name": "static/imgs/study/dogs/havanese__88__dr10.png", "actual_label": "havanese"}, {"majority_label": "great_pyrenees", "img_confidence": 1.0, "path": "https:/cu-visualab.org/oracle_query/S2/imgs/setC2/study/dogs/dog_B__31__dr10.png", "img_correctness": 1.0, "img_name": "static/imgs/study/dogs/great_pyrenees__31__dr10.png", "actual_label": "great_pyrenees"}, {"majority_label": "havanese", "img_confidence": 1.0, "path": "https:/cu-visualab.org/oracle_query/S2/imgs/setC2/study/dogs/dog_A__84__dr2.png", "img_correctness": 1.0, "img_name": "static/imgs/study/dogs/havanese__84__dr2.png", "actual_label": "havanese"}, {"majority_label": "havanese", "img_confidence": 1.0, "path": "https:/cu-visualab.org/oracle_query/S2/imgs/setC2/study/dogs/dog_A__84__dr2.png", "img_correctness": 1.0, "img_name": "static/imgs/study/dogs/havanese__84__dr2.png", "actual_label": "havanese"}, {"majority_label": "havanese", "img_confidence": 1.0, "path": "https:/cu-visualab.org/oracle_query/S2/imgs/setC2/study/dogs/dog_A__88__dr10.png", "img_correctness": 1.0, "img_name": "static/imgs/study/dogs/havanese__88__dr10.png", "actual_label": "havanese"}, {"majority_label": "havanese", "img_confidence": 1.0, "path": "https:/cu-visualab.org/oracle_query/S2/imgs/setC2/study/dogs/dog_A__84__dr2.png", "img_correctness": 1.0, "img_name": "static/imgs/study/dogs/havanese__84__dr2.png", "actual_label": "havanese"}, {"majority_label": "great_pyrenees", "img_confidence": 1.0, "path": "https:/cu-visualab.org/oracle_query/S2/imgs/setC2/study/dogs/dog_B__31__dr10.png", "img_correctness": 1.0, "img_name": "static/imgs/study/dogs/great_pyrenees__31__dr10.png", "actual_label": "great_pyrenees"}], "training": [{"majority_label": "havanese", "img_confidence": 1.0, "path": "https:/cu-visualab.org/oracle_query/S2/imgs/setC2/study/dogs/dog_A__84__dr2.png", "img_correctness": 1.0, "img_name": "static/imgs/study/dogs/havanese__84__dr2.png", "actual_label": "havanese"}, {"majority_label": "havanese", "img_confidence": 1.0, "path": "https:/cu-visualab.org/oracle_query/S2/imgs/setC2/study/dogs/dog_A__84__dr2.png", "img_correctness": 1.0, "img_name": "static/imgs/study/dogs/havanese__84__dr2.png", "actual_label": "havanese"}, {"majority_label": "havanese", "img_confidence": 1.0, "path": "https:/cu-visualab.org/oracle_query/S2/imgs/setC2/study/dogs/dog_A__88__dr10.png", "img_correctness": 1.0, "img_name": "static/imgs/study/dogs/havanese__88__dr10.png", "actual_label": "havanese"}, {"majority_label": "havanese", "img_confidence": 1.0, "path": "https:/cu-visualab.org/oracle_query/S2/imgs/setC2/study/dogs/dog_A__84__dr2.png", "img_correctness": 1.0, "img_name": "static/imgs/study/dogs/havanese__84__dr2.png", "actual_label": "havanese"}, {"majority_label": "great_pyrenees", "img_confidence": 1.0, "path": "https:/cu-visualab.org/oracle_query/S2/imgs/setC2/study/dogs/dog_B__31__dr10.png", "img_correctness": 1.0, "img_name": "static/imgs/study/dogs/great_pyrenees__31__dr10.png", "actual_label": "great_pyrenees"}, {"majority_label": "havanese", "img_confidence": 1.0, "path": "https:/cu-visualab.org/oracle_query/S2/imgs/setC2/study/dogs/dog_A__88__dr10.png", "img_correctness": 1.0, "img_name": "static/imgs/study/dogs/havanese__88__dr10.png", "actual_label": "havanese"}, {"majority_label": "havanese", "img_confidence": 1.0, "path": "https:/cu-visualab.org/oracle_query/S2/imgs/setC2/study/dogs/dog_A__84__dr2.png", "img_correctness": 1.0, "img_name": "static/imgs/study/dogs/havanese__84__dr2.png", "actual_label": "havanese"}, {"majority_label": "havanese", "img_confidence": 1.0, "path": "https:/cu-visualab.org/oracle_query/S2/imgs/setC2/study/dogs/dog_A__84__dr2.png", "img_correctness": 1.0, "img_name": "static/imgs/study/dogs/havanese__84__dr2.png", "actual_label": "havanese"}, {"majority_label": "havanese", "img_confidence": 1.0, "path": "https:/cu-visualab.org/oracle_query/S2/imgs/setC2/study/dogs/dog_A__113__dr5.png", "img_correctness": 1.0, "img_name": "static/imgs/study/dogs/havanese__113__dr5.png", "actual_label": "havanese"}, {"majority_label": "havanese", "img_confidence": 1.0, "path": "https:/cu-visualab.org/oracle_query/S2/imgs/setC2/study/dogs/dog_A__88__dr10.png", "img_correctness": 1.0, "img_name": "static/imgs/study/dogs/havanese__88__dr10.png", "actual_label": "havanese"}, {"majority_label": "havanese", "img_confidence": 1.0, "path": "https:/cu-visualab.org/oracle_query/S2/imgs/setC2/study/dogs/dog_A__88__dr10.png", "img_correctness": 1.0, "img_name": "static/imgs/study/dogs/havanese__88__dr10.png", "actual_label": "havanese"}, {"majority_label": "havanese", "img_confidence": 1.0, "path": "https:/cu-visualab.org/oracle_query/S2/imgs/setC2/study/dogs/dog_A__84__dr2.png", "img_correctness": 1.0, "img_name": "static/imgs/study/dogs/havanese__84__dr2.png", "actual_label": "havanese"}, {"majority_label": "havanese", "img_confidence": 1.0, "path": "https:/cu-visualab.org/oracle_query/S2/imgs/setC2/study/dogs/dog_A__88__dr10.png", "img_correctness": 1.0, "img_name": "static/imgs/study/dogs/havanese__88__dr10.png", "actual_label": "havanese"}, {"majority_label": "havanese", "img_confidence": 1.0, "path": "https:/cu-visualab.org/oracle_query/S2/imgs/setC2/study/dogs/dog_A__88__dr10.png", "img_correctness": 1.0, "img_name": "static/imgs/study/dogs/havanese__88__dr10.png", "actual_label": "havanese"}, {"majority_label": "havanese", "img_confidence": 1.0, "path": "https:/cu-visualab.org/oracle_query/S2/imgs/setC2/study/dogs/dog_A__113__dr5.png", "img_correctness": 1.0, "img_name": "static/imgs/study/dogs/havanese__113__dr5.png", "actual_label": "havanese"}, {"majority_label": "havanese", "img_confidence": 1.0, "path": "https:/cu-visualab.org/oracle_query/S2/imgs/setC2/study/dogs/dog_A__113__dr5.png", "img_correctness": 1.0, "img_name": "static/imgs/study/dogs/havanese__113__dr5.png", "actual_label": "havanese"}, {"majority_label": "havanese", "img_confidence": 1.0, "path": "https:/cu-visualab.org/oracle_query/S2/imgs/setC2/study/dogs/dog_A__88__dr10.png", "img_correctness": 1.0, "img_name": "static/imgs/study/dogs/havanese__88__dr10.png", "actual_label": "havanese"}, {"majority_label": "havanese", "img_confidence": 1.0, "path": "https:/cu-visualab.org/oracle_query/S2/imgs/setC2/study/dogs/dog_A__113__dr5.png", "img_correctness": 1.0, "img_name": "static/imgs/study/dogs/havanese__113__dr5.png", "actual_label": "havanese"}, {"majority_label": "havanese", "img_confidence": 1.0, "path": "https:/cu-visualab.org/oracle_query/S2/imgs/setC2/study/dogs/dog_A__84__dr2.png", "img_correctness": 1.0, "img_name": "static/imgs/study/dogs/havanese__84__dr2.png", "actual_label": "havanese"}, {"majority_label": "havanese", "img_confidence": 1.0, "path": "https:/cu-visualab.org/oracle_query/S2/imgs/setC2/study/dogs/dog_A__84__dr2.png", "img_correctness": 1.0, "img_name": "static/imgs/study/dogs/havanese__84__dr2.png", "actual_label": "havanese"}, {"majority_label": "havanese", "img_confidence": 1.0, "path": "https:/cu-visualab.org/oracle_query/S2/imgs/setC2/study/dogs/dog_A__84__dr2.png", "img_correctness": 1.0, "img_name": "static/imgs/study/dogs/havanese__84__dr2.png", "actual_label": "havanese"}, {"majority_label": "great_pyrenees", "img_confidence": 1.0, "path": "https:/cu-visualab.org/oracle_query/S2/imgs/setC2/study/dogs/dog_B__31__dr10.png", "img_correctness": 1.0, "img_name": "static/imgs/study/dogs/great_pyrenees__31__dr10.png", "actual_label": "great_pyrenees"}, {"majority_label": "havanese", "img_confidence": 1.0, "path": "https:/cu-visualab.org/oracle_query/S2/imgs/setC2/study/dogs/dog_A__88__dr10.png", "img_correctness": 1.0, "img_name": "static/imgs/study/dogs/havanese__88__dr10.png", "actual_label": "havanese"}, {"majority_label": "havanese", "img_confidence": 1.0, "path": "https:/cu-visualab.org/oracle_query/S2/imgs/setC2/study/dogs/dog_A__113__dr5.png", "img_correctness": 1.0, "img_name": "static/imgs/study/dogs/havanese__113__dr5.png", "actual_label": "havanese"}, {"majority_label": "havanese", "img_confidence": 1.0, "path": "https:/cu-visualab.org/oracle_query/S2/imgs/setC2/study/dogs/dog_A__84__dr2.png", "img_correctness": 1.0, "img_name": "static/imgs/study/dogs/havanese__84__dr2.png", "actual_label": "havanese"}]}