"7","28","yes","no","7","someCollege","laptop","Female","SELF-EMPLOYED","-1",
"9","30","yes","no","15","someCollege","laptop","Female","retail sales","13",
"9","32","yes","no","3","collegeGraduate","laptop","Male","student/driver","-1",
"10","30","yes","no","15","highSchool","laptop","Female","homemaker","17",
"17","37","yes","no","3","graduateStudies","laptop","Female","home maker","15",
"21","29","yes","no","5","collegeGraduate","laptop","Male","Legal Receptionist","14",
"22","33","yes","no","5","someCollege","laptop","Male","machinist","15",
"22","20","no","no","10","highSchool","laptop","Male","student","13",
"22","55","yes","no","6","highSchool","laptop","Female","Self Employed","17",
"25","29","yes","no","10","someCollege","laptop","Male","Coordinator","22",
"32","27","yes","no","8","someCollege","laptop","noReply","merchandiser","12",
"37","65","yes","no","10","someCollege","laptop","Female","retired","17","FUN!!!!"
"40","50","yes","no","6","collegeGraduate","laptop","Female","Community Service Director","14","This was interesting!  Thanks for posting it online.  Good luck in your research!"
"44","46","yes","no","9","graduateStudies","laptop","Male","Manager","13",
"45","63","yes","no","9","graduateStudies","laptop","Female","recreation educator","1","none"
"45","63","yes","no","9","graduateStudies","laptop","Female","recreation educator","1","none"
"45","63","yes","no","9","graduateStudies","laptop","Female","recreation educator","1","none"
"51","63","yes","no","9","graduateStudies","laptop","Female","recreation educator","1","none"
"53","32","yes","no","3","someCollege","laptop","Female","Cashier","-1","fun!"
"54","31","yes","no","12","collegeGraduate","laptop","Male","Program Manager","15","I really enjoyed taking this survey.
"
"54","36","yes","no","8","collegeGraduate","desktop","Male","Teacher ","23","nice survey "
"57","47","yes","no","12","graduateStudies","laptop","Male","instructor","15",
"64","41","yes","no","8","collegeGraduate","laptop","Male","data analyst","17",
"66","25","yes","no","40","someCollege","laptop","Male","data entry","14",
