"72","34","yes","no","4","someCollege","laptop","Female","Amazon Mechanical Turks","18","Thank you for allowing me to participate in this survey. It was very interesting, and I enjoyed it."
"84","21","yes","no","2","highSchool","desktop","Female","Manfacturing","-1",
"85","40","yes","no","4","someCollege","desktop","Female","clerk","15",
"93","33","yes","no","3","collegeGraduate","laptop","Male","Real Estate","17",
"93","46","yes","no","4","collegeGraduate","laptop","Male","manufacturing manager","-1",
"122","23","no","no","8","someCollege","desktop","Male","Self-empolyed","24","my monitor is a 2560 x 1440p 24inch."
"122","27","yes","no","5","highSchool","laptop","Female","Home maker","-1","No additional comments. "
"127","32","yes","no","12","graduateStudies","laptop","Female","Assistant Director","28",
"140","31","yes","no","9","collegeGraduate","laptop","Female","analyst","19",
"143","49","yes","no","10","someCollege","laptop","Female","HOMEMAKER","1",
"144","37","yes","no","8","collegeGraduate","desktop","Female","Loan Processor","12",
"144","30","yes","no","3","collegeGraduate","desktop","Male","Nuclear Medicine ","-1",
"153","23","yes","no","6","collegeGraduate","laptop","Female","Manager","15","Thanks"
"165","34","yes","no","6","collegeGraduate","desktop","Female","legal","1",
"168","23","yes","no","9","someCollege","desktop","Male","Corp Security","12",
"170","58","yes","no","12","collegeGraduate","laptop","Female","writer","15",
"175","25","yes","no","2","collegeGraduate","laptop","Female","Doctor","1",
"175","35","yes","no","8","collegeGraduate","desktop","Male","System Administrator","22",
"177","39","yes","no","5","someCollege","desktop","Female","Transcriber ","14",
"180","27","yes","no","3","collegeGraduate","laptop","Female","teacher","-1","none"
"183","42","yes","no","16","someCollege","laptop","Female","disabled","16",
"192","38","yes","no","10","graduateStudies","laptop","Female","Social Worker","-1",
"197","27","yes","no","12","someCollege","desktop","Male","electrician ","-1",
"198","29","yes","no","12","collegeGraduate","desktop","Male","self employed","23",
