"22","46","yes","no","6","collegeGraduate","laptop","Male","Sales","13",
"23","43","yes","no","10","collegeGraduate","desktop","Female","Client Services Manager","24",
"24","23","yes","no","5","someCollege","laptop","Male","Student","-1","n/a"
"30","25","yes","no","7","graduateStudies","desktop","Male","Graduate student","20",
"31","27","yes","no","5","someCollege","laptop","Female","homemaker","12",
"32","35","yes","no","6","highSchool","laptop","Male","automotive mechanic","15",
"32","35","yes","no","6","highSchool","laptop","Male","automotive mechanic","15",
"34","58","yes","no","2","someCollege","desktop","Female","teacher","1",
"34","19","yes","no","8","someCollege","laptop","Female","Student","15",
"41","28","no","no","12","collegeGraduate","laptop","Male","Data Online","-1",
"42","47","yes","yes","8","collegeGraduate","laptop","Male","TEACHER","11","TASK IS FUN "
"43","63","yes","no","10","someCollege","laptop","Female","Self employed","13",
"44","25","yes","no","10","highSchool","laptop","Male","exec assistant","15",
"48","18","yes","no","8","highSchool","laptop","Male","Student","-1",
"51","49","yes","no","4","graduateStudies","laptop","Female","Librarian","15",
"52","42","yes","no","12","collegeGraduate","laptop","Male","IT","13",
"53","28","yes","no","7","collegeGraduate","desktop","Male","Software Engineer","1","No"
"56","48","yes","no","12","graduateStudies","desktop","Male","Engineer","22","Stupid comment on my part, but some of these were seriously tough/impossible to tell."
"57","36","yes","no","10","collegeGraduate","laptop","Female","Academic Advisor","1",
"60","33","yes","no","8","collegeGraduate","desktop","noReply","Manager","1",
"64","25","yes","no","4","someCollege","laptop","Female","sales","15",
"66","33","yes","no","7","collegeGraduate","laptop","Male","Business Analyst","17","No comments."
"67","45","no","no","12","collegeGraduate","desktop","Male","mturkey","17",
"196","42","yes","no","12","someCollege","desktop","Male","Software Developer","23",
