"70","44","yes","no","15","collegeGraduate","desktop","Female","toolmaker","23",
"83","23","yes","no","9","someCollege","laptop","Female","retail","11",
"83","23","yes","no","9","someCollege","laptop","Female","retail","11",
"87","24","yes","no","2","someCollege","laptop","Male","retail","16",
"89","24","no","no","5","collegeGraduate","laptop","Female","Marketing","13","NA"
"117","37","yes","no","10","highSchool","laptop","Male","Pharmacist","22",
"122","39","yes","no","30","someCollege","laptop","Female","house keeper","24",
"124","27","yes","no","18","collegeGraduate","desktop","Female","CSR","20",
"124","27","yes","no","10","graduateStudies","laptop","Male","Manager","16",
"124","40","yes","no","2","graduateStudies","desktop","Female","hr coordinator","18",
"126","33","no","no","3","collegeGraduate","laptop","Male","working","24","no"
"126","33","no","no","3","collegeGraduate","laptop","Male","working","24","no"
"126","33","no","no","3","collegeGraduate","laptop","Male","working","24","no"
"126","56","yes","no","10","collegeGraduate","desktop","Female","self employed","27","None study moved along smoothly without issues "
"127","43","yes","no","10","collegeGraduate","desktop","Female","Case Worker ","20",
"131","34","yes","no","5","highSchool","desktop","Male","N/A","24",
"139","37","yes","no","1","collegeGraduate","laptop","Female","homemaker","16",
"148","22","no","no","12","collegeGraduate","laptop","Male","Engineer","-1",
"148","26","yes","yes","10","collegeGraduate","desktop","Male","investor","32","great task"
"149","53","yes","no","5","someCollege","laptop","Female","at home mom","1",
"152","33","yes","no","3","collegeGraduate","laptop","Female","homemaker","17",
"152","33","yes","no","3","collegeGraduate","laptop","Female","homemaker","17",
"159","28","yes","no","5","highSchool","laptop","Female","broker","22",
"160","59","yes","no","3","collegeGraduate","laptop","Male","Retired","23",
"166","29","yes","no","8","graduateStudies","laptop","Female","Office worker","15",
"177","20","yes","no","1","someCollege","laptop","Female","student","16",
