"87","60","yes","no","9","highSchool","desktop","Female","Customer Service Rep","15",
"89","40","yes","no","3","graduateStudies","laptop","Female","Winemaker","13",
"90","26","yes","no","5","graduateStudies","desktop","Male","health","16",
"94","32","no","no","9","graduateStudies","laptop","Female","Accountant","14","Many of the pictures were extremely distorted and I had to guess what the picture was because the pixels were horrible."
"95","56","yes","no","12","someCollege","laptop","Female","Office Manager","1","The pictures load very slow."
"118","50","yes","no","4","collegeGraduate","desktop","Female","homemaker","20",
"122","29","yes","no","2","someCollege","laptop","Male","manager","19",
"122","22","yes","no","23","collegeGraduate","desktop","Male","PC Support","-1",
"127","42","yes","no","8","graduateStudies","desktop","Male","Software","17",
"127","42","yes","no","4","collegeGraduate","desktop","Female","SAHM","17",
"134","30","yes","no","10","collegeGraduate","laptop","Female","Call Center Supervisor","19"," no comments"
"136","40","yes","no","10","collegeGraduate","laptop","Male","it manager","17",
"137","30","yes","no","4","collegeGraduate","desktop","Female","Administrative Assistant","-1","None"
"138","46","yes","no","5","collegeGraduate","desktop","Male","Master Lead Technician","17",
"144","35","yes","no","9","collegeGraduate","desktop","Female","client manager","24",
"148","45","yes","no","4","someCollege","laptop","Female","cashier","15","I really couldn't figure out which breed it was when they showed puppies"
"156","43","yes","no","3","someCollege","laptop","Female","BODY PIERCER","15",
"163","31","yes","no","4","collegeGraduate","laptop","Male","Retail","-1",
"165","39","yes","no","8","highSchool","laptop","Female","data entry clerk","20",
"182","67","yes","no","5","highSchool","laptop","Female","retired","1",
