"70","22","yes","no","4","graduateStudies","laptop","Male","Civil Engineering","17",
"73","34","yes","no","6","graduateStudies","desktop","Female","designer","24",
"79","22","no","no","16","someCollege","desktop","Male","Warehouse picker","23",
"80","32","no","no","8","collegeGraduate","desktop","Male","Designer","23",
"84","39","yes","no","7","graduateStudies","desktop","Male","Engineer","23","Thank you."
"116","29","yes","no","4","graduateStudies","laptop","Male","Engineer","15","NA"
"121","41","yes","no","10","collegeGraduate","desktop","Male","Controller","24",
"122","48","yes","no","3","someCollege","laptop","Male","manager","11","no"
"122","41","yes","no","3","collegeGraduate","laptop","Female","homemaker","13",
"123","32","yes","no","7","collegeGraduate","desktop","Male","social worker","-1",
"126","27","yes","no","4","collegeGraduate","laptop","Male","Student","15",
"135","62","yes","yes","7","someCollege","laptop","Male","Service Representative","6","Good survey. Have some more? "
"136","25","yes","no","2","collegeGraduate","laptop","Female","Teacher","17",
"136","27","yes","no","10","collegeGraduate","desktop","Male","Recruiter","14",
"159","33","yes","no","5","someCollege","laptop","Male","disabled","15","no"
"159","65","yes","no","5","someCollege","desktop","Male","retired","-1",
"168","23","yes","no","7","highSchool","desktop","Male","Data Processor","28",
"168","30","yes","no","3","collegeGraduate","laptop","Female","Teacher","-1",
"174","35","yes","yes","8","highSchool","laptop","Male","Advertising","-1",
"175","24","yes","no","6","someCollege","laptop","Female","student","-1",
"179","23","yes","no","8","collegeGraduate","laptop","Female","project manager","13",
"195","32","yes","yes","4","highSchool","laptop","Female","RN","17",
"195","42","yes","no","10","someCollege","laptop","Female","pharmacy technician","17",
"196","35","yes","no","9","someCollege","laptop","Female","office manager","12",
