{"test": [{"majority_label": "basset_hound", "secure_path": "https:/cu-visualab.org/oracle_query/S2/imgs/setA2/study/dogs/dog_A__75__dr5.png", "active": true, "img_confidence": 0.5714285714285714, "path": "http:/cu-visualab.org/oracle_query/S2/imgs/setA2/study/dogs/dog_A__75__dr5.png", "img_correctness": 0.42857142857142855, "img_name": "static/imgs/study/dogs/saint_bernard__75__dr5.png", "actual_label": "saint_bernard"}, {"majority_label": "basset_hound", "secure_path": "https:/cu-visualab.org/oracle_query/S2/imgs/setA2/study/dogs/dog_B__19__dr10.png", "active": true, "img_confidence": 0.5714285714285714, "path": "http:/cu-visualab.org/oracle_query/S2/imgs/setA2/study/dogs/dog_B__19__dr10.png", "img_correctness": 0.5714285714285714, "img_name": "static/imgs/study/dogs/basset_hound__19__dr10.png", "actual_label": "basset_hound"}, {"majority_label": "basset_hound", "secure_path": "https:/cu-visualab.org/oracle_query/S2/imgs/setA2/study/dogs/dog_B__1__dr10.png", "active": true, "img_confidence": 0.5714285714285714, "path": "http:/cu-visualab.org/oracle_query/S2/imgs/setA2/study/dogs/dog_B__1__dr10.png", "img_correctness": 0.5714285714285714, "img_name": "static/imgs/study/dogs/basset_hound__1__dr10.png", "actual_label": "basset_hound"}, {"majority_label": "basset_hound", "secure_path": "https:/cu-visualab.org/oracle_query/S2/imgs/setA2/study/dogs/dog_B__78__dr10.png", "active": true, "img_confidence": 0.7142857142857143, "path": "http:/cu-visualab.org/oracle_query/S2/imgs/setA2/study/dogs/dog_B__78__dr10.png", "img_correctness": 0.7142857142857143, "img_name": "static/imgs/study/dogs/basset_hound__78__dr10.png", "actual_label": "basset_hound"}, {"majority_label": "basset_hound", "secure_path": "https:/cu-visualab.org/oracle_query/S2/imgs/setA2/study/dogs/dog_B__19__dr5.png", "active": true, "img_confidence": 0.7142857142857143, "path": "http:/cu-visualab.org/oracle_query/S2/imgs/setA2/study/dogs/dog_B__19__dr5.png", "img_correctness": 0.7142857142857143, "img_name": "static/imgs/study/dogs/basset_hound__19__dr5.png", "actual_label": "basset_hound"}, {"majority_label": "basset_hound", "secure_path": "https:/cu-visualab.org/oracle_query/S2/imgs/setA2/study/dogs/dog_B__145__dr2.png", "active": true, "img_confidence": 0.7142857142857143, "path": "http:/cu-visualab.org/oracle_query/S2/imgs/setA2/study/dogs/dog_B__145__dr2.png", "img_correctness": 0.7142857142857143, "img_name": "static/imgs/study/dogs/basset_hound__145__dr2.png", "actual_label": "basset_hound"}, {"majority_label": "basset_hound", "secure_path": "https:/cu-visualab.org/oracle_query/S2/imgs/setA2/study/dogs/dog_B__145__dr10.png", "active": true, "img_confidence": 0.7142857142857143, "path": "http:/cu-visualab.org/oracle_query/S2/imgs/setA2/study/dogs/dog_B__145__dr10.png", "img_correctness": 0.7142857142857143, "img_name": "static/imgs/study/dogs/basset_hound__145__dr10.png", "actual_label": "basset_hound"}, {"majority_label": "basset_hound", "secure_path": "https:/cu-visualab.org/oracle_query/S2/imgs/setA2/study/dogs/dog_B__145__dr5.png", "active": true, "img_confidence": 0.7142857142857143, "path": "http:/cu-visualab.org/oracle_query/S2/imgs/setA2/study/dogs/dog_B__145__dr5.png", "img_correctness": 0.7142857142857143, "img_name": "static/imgs/study/dogs/basset_hound__145__dr5.png", "actual_label": "basset_hound"}, {"majority_label": "basset_hound", "secure_path": "https:/cu-visualab.org/oracle_query/S2/imgs/setA2/study/dogs/dog_B__78__dr2.png", "active": true, "img_confidence": 0.8571428571428571, "path": "http:/cu-visualab.org/oracle_query/S2/imgs/setA2/study/dogs/dog_B__78__dr2.png", "img_correctness": 0.8571428571428571, "img_name": "static/imgs/study/dogs/basset_hound__78__dr2.png", "actual_label": "basset_hound"}, {"majority_label": "basset_hound", "secure_path": "https:/cu-visualab.org/oracle_query/S2/imgs/setA2/study/dogs/dog_B__78__dr7.png", "active": true, "img_confidence": 0.8571428571428571, "path": "http:/cu-visualab.org/oracle_query/S2/imgs/setA2/study/dogs/dog_B__78__dr7.png", "img_correctness": 0.8571428571428571, "img_name": "static/imgs/study/dogs/basset_hound__78__dr7.png", "actual_label": "basset_hound"}, {"majority_label": "saint_bernard", "secure_path": "https:/cu-visualab.org/oracle_query/S2/imgs/setA2/study/dogs/dog_A__32__dr7.png", "active": true, "img_confidence": 0.8571428571428571, "path": "http:/cu-visualab.org/oracle_query/S2/imgs/setA2/study/dogs/dog_A__32__dr7.png", "img_correctness": 0.8571428571428571, "img_name": "static/imgs/study/dogs/saint_bernard__32__dr7.png", "actual_label": "saint_bernard"}, {"majority_label": "basset_hound", "secure_path": "https:/cu-visualab.org/oracle_query/S2/imgs/setA2/study/dogs/dog_B__6__dr5.png", "active": true, "img_confidence": 0.8571428571428571, "path": "http:/cu-visualab.org/oracle_query/S2/imgs/setA2/study/dogs/dog_B__6__dr5.png", "img_correctness": 0.8571428571428571, "img_name": "static/imgs/study/dogs/basset_hound__6__dr5.png", "actual_label": "basset_hound"}, {"majority_label": "saint_bernard", "secure_path": "https:/cu-visualab.org/oracle_query/S2/imgs/setA2/study/dogs/dog_A__50__dr5.png", "active": true, "img_confidence": 0.8571428571428571, "path": "http:/cu-visualab.org/oracle_query/S2/imgs/setA2/study/dogs/dog_A__50__dr5.png", "img_correctness": 0.8571428571428571, "img_name": "static/imgs/study/dogs/saint_bernard__50__dr5.png", "actual_label": "saint_bernard"}, {"majority_label": "basset_hound", "secure_path": "https:/cu-visualab.org/oracle_query/S2/imgs/setA2/study/dogs/dog_B__41__dr2.png", "active": true, "img_confidence": 0.8571428571428571, "path": "http:/cu-visualab.org/oracle_query/S2/imgs/setA2/study/dogs/dog_B__41__dr2.png", "img_correctness": 0.8571428571428571, "img_name": "static/imgs/study/dogs/basset_hound__41__dr2.png", "actual_label": "basset_hound"}, {"majority_label": "saint_bernard", "secure_path": "https:/cu-visualab.org/oracle_query/S2/imgs/setA2/study/dogs/dog_A__116__dr7.png", "active": true, "img_confidence": 0.8571428571428571, "path": "http:/cu-visualab.org/oracle_query/S2/imgs/setA2/study/dogs/dog_A__116__dr7.png", "img_correctness": 0.8571428571428571, "img_name": "static/imgs/study/dogs/saint_bernard__116__dr7.png", "actual_label": "saint_bernard"}, {"majority_label": "basset_hound", "secure_path": "https:/cu-visualab.org/oracle_query/S2/imgs/setA2/study/dogs/dog_B__78__dr5.png", "active": true, "img_confidence": 0.8571428571428571, "path": "http:/cu-visualab.org/oracle_query/S2/imgs/setA2/study/dogs/dog_B__78__dr5.png", "img_correctness": 0.8571428571428571, "img_name": "static/imgs/study/dogs/basset_hound__78__dr5.png", "actual_label": "basset_hound"}, {"majority_label": "basset_hound", "secure_path": "https:/cu-visualab.org/oracle_query/S2/imgs/setA2/study/dogs/dog_B__19__dr7.png", "active": true, "img_confidence": 0.8571428571428571, "path": "http:/cu-visualab.org/oracle_query/S2/imgs/setA2/study/dogs/dog_B__19__dr7.png", "img_correctness": 0.8571428571428571, "img_name": "static/imgs/study/dogs/basset_hound__19__dr7.png", "actual_label": "basset_hound"}, {"majority_label": "basset_hound", "secure_path": "https:/cu-visualab.org/oracle_query/S2/imgs/setA2/study/dogs/dog_B__119__dr10.png", "active": true, "img_confidence": 0.8571428571428571, "path": "http:/cu-visualab.org/oracle_query/S2/imgs/setA2/study/dogs/dog_B__119__dr10.png", "img_correctness": 0.8571428571428571, "img_name": "static/imgs/study/dogs/basset_hound__119__dr10.png", "actual_label": "basset_hound"}, {"majority_label": "basset_hound", "secure_path": "https:/cu-visualab.org/oracle_query/S2/imgs/setA2/study/dogs/dog_B__6__dr7.png", "active": true, "img_confidence": 0.8571428571428571, "path": "http:/cu-visualab.org/oracle_query/S2/imgs/setA2/study/dogs/dog_B__6__dr7.png", "img_correctness": 0.8571428571428571, "img_name": "static/imgs/study/dogs/basset_hound__6__dr7.png", "actual_label": "basset_hound"}, {"majority_label": "basset_hound", "secure_path": "https:/cu-visualab.org/oracle_query/S2/imgs/setA2/study/dogs/dog_B__53__dr7.png", "active": true, "img_confidence": 1.0, "path": "http:/cu-visualab.org/oracle_query/S2/imgs/setA2/study/dogs/dog_B__53__dr7.png", "img_correctness": 1.0, "img_name": "static/imgs/study/dogs/basset_hound__53__dr7.png", "actual_label": "basset_hound"}, {"majority_label": "saint_bernard", "secure_path": "https:/cu-visualab.org/oracle_query/S2/imgs/setA2/study/dogs/dog_A__44__dr5.png", "active": true, "img_confidence": 1.0, "path": "http:/cu-visualab.org/oracle_query/S2/imgs/setA2/study/dogs/dog_A__44__dr5.png", "img_correctness": 1.0, "img_name": "static/imgs/study/dogs/saint_bernard__44__dr5.png", "actual_label": "saint_bernard"}, {"majority_label": "saint_bernard", "secure_path": "https:/cu-visualab.org/oracle_query/S2/imgs/setA2/study/dogs/dog_A__112__dr2.png", "active": true, "img_confidence": 1.0, "path": "http:/cu-visualab.org/oracle_query/S2/imgs/setA2/study/dogs/dog_A__112__dr2.png", "img_correctness": 1.0, "img_name": "static/imgs/study/dogs/saint_bernard__112__dr2.png", "actual_label": "saint_bernard"}, {"majority_label": "saint_bernard", "secure_path": "https:/cu-visualab.org/oracle_query/S2/imgs/setA2/study/dogs/dog_A__32__dr5.png", "active": true, "img_confidence": 1.0, "path": "http:/cu-visualab.org/oracle_query/S2/imgs/setA2/study/dogs/dog_A__32__dr5.png", "img_correctness": 1.0, "img_name": "static/imgs/study/dogs/saint_bernard__32__dr5.png", "actual_label": "saint_bernard"}, {"majority_label": "saint_bernard", "secure_path": "https:/cu-visualab.org/oracle_query/S2/imgs/setA2/study/dogs/dog_A__94__dr2.png", "active": true, "img_confidence": 1.0, "path": "http:/cu-visualab.org/oracle_query/S2/imgs/setA2/study/dogs/dog_A__94__dr2.png", "img_correctness": 1.0, "img_name": "static/imgs/study/dogs/saint_bernard__94__dr2.png", "actual_label": "saint_bernard"}, {"majority_label": "basset_hound", "secure_path": "https:/cu-visualab.org/oracle_query/S2/imgs/setA2/study/dogs/dog_B__41__dr5.png", "active": true, "img_confidence": 1.0, "path": "http:/cu-visualab.org/oracle_query/S2/imgs/setA2/study/dogs/dog_B__41__dr5.png", "img_correctness": 1.0, "img_name": "static/imgs/study/dogs/basset_hound__41__dr5.png", "actual_label": "basset_hound"}, {"majority_label": "basset_hound", "secure_path": "https:/cu-visualab.org/oracle_query/S2/imgs/setA1/study/dogs/dog_A__149__dr2.png", "active": false, "img_confidence": 1.0, "path": "http:/cu-visualab.org/oracle_query/S2/imgs/setA1/study/dogs/dog_A__149__dr2.png", "img_correctness": 1.0, "img_name": "static/imgs/study/dogs/basset_hound__149__dr2.png", "actual_label": "basset_hound"}, {"majority_label": "saint_bernard", "secure_path": "https:/cu-visualab.org/oracle_query/S2/imgs/setA1/study/dogs/dog_B__99__dr7.png", "active": false, "img_confidence": 1.0, "path": "http:/cu-visualab.org/oracle_query/S2/imgs/setA1/study/dogs/dog_B__99__dr7.png", "img_correctness": 1.0, "img_name": "static/imgs/study/dogs/saint_bernard__99__dr7.png", "actual_label": "saint_bernard"}, {"majority_label": "basset_hound", "secure_path": "https:/cu-visualab.org/oracle_query/S2/imgs/setA1/study/dogs/dog_A__111__dr5.png", "active": false, "img_confidence": 0.875, "path": "http:/cu-visualab.org/oracle_query/S2/imgs/setA1/study/dogs/dog_A__111__dr5.png", "img_correctness": 0.875, "img_name": "static/imgs/study/dogs/basset_hound__111__dr5.png", "actual_label": "basset_hound"}, {"majority_label": "basset_hound", "secure_path": "https:/cu-visualab.org/oracle_query/S2/imgs/setA1/study/dogs/dog_A__114__dr7.png", "active": false, "img_confidence": 1.0, "path": "http:/cu-visualab.org/oracle_query/S2/imgs/setA1/study/dogs/dog_A__114__dr7.png", "img_correctness": 1.0, "img_name": "static/imgs/study/dogs/basset_hound__114__dr7.png", "actual_label": "basset_hound"}, {"majority_label": "saint_bernard", "secure_path": "https:/cu-visualab.org/oracle_query/S2/imgs/setA1/study/dogs/dog_B__91__dr7.png", "active": false, "img_confidence": 1.0, "path": "http:/cu-visualab.org/oracle_query/S2/imgs/setA1/study/dogs/dog_B__91__dr7.png", "img_correctness": 1.0, "img_name": "static/imgs/study/dogs/saint_bernard__91__dr7.png", "actual_label": "saint_bernard"}, {"majority_label": "saint_bernard", "secure_path": "https:/cu-visualab.org/oracle_query/S2/imgs/setA1/study/dogs/dog_B__124__dr2.png", "active": false, "img_confidence": 1.0, "path": "http:/cu-visualab.org/oracle_query/S2/imgs/setA1/study/dogs/dog_B__124__dr2.png", "img_correctness": 1.0, "img_name": "static/imgs/study/dogs/saint_bernard__124__dr2.png", "actual_label": "saint_bernard"}, {"majority_label": "saint_bernard", "secure_path": "https:/cu-visualab.org/oracle_query/S2/imgs/setA1/study/dogs/dog_B__124__dr10.png", "active": false, "img_confidence": 0.625, "path": "http:/cu-visualab.org/oracle_query/S2/imgs/setA1/study/dogs/dog_B__124__dr10.png", "img_correctness": 0.625, "img_name": "static/imgs/study/dogs/saint_bernard__124__dr10.png", "actual_label": "saint_bernard"}, {"majority_label": "basset_hound", "secure_path": "https:/cu-visualab.org/oracle_query/S2/imgs/setA1/study/dogs/dog_A__169__dr7.png", "active": false, "img_confidence": 0.875, "path": "http:/cu-visualab.org/oracle_query/S2/imgs/setA1/study/dogs/dog_A__169__dr7.png", "img_correctness": 0.875, "img_name": "static/imgs/study/dogs/basset_hound__169__dr7.png", "actual_label": "basset_hound"}, {"majority_label": "basset_hound", "secure_path": "https:/cu-visualab.org/oracle_query/S2/imgs/setA1/study/dogs/dog_A__90__dr2.png", "active": false, "img_confidence": 1.0, "path": "http:/cu-visualab.org/oracle_query/S2/imgs/setA1/study/dogs/dog_A__90__dr2.png", "img_correctness": 1.0, "img_name": "static/imgs/study/dogs/basset_hound__90__dr2.png", "actual_label": "basset_hound"}, {"majority_label": "basset_hound", "secure_path": "https:/cu-visualab.org/oracle_query/S2/imgs/setA1/study/dogs/dog_A__103__dr5.png", "active": false, "img_confidence": 0.75, "path": "http:/cu-visualab.org/oracle_query/S2/imgs/setA1/study/dogs/dog_A__103__dr5.png", "img_correctness": 0.75, "img_name": "static/imgs/study/dogs/basset_hound__103__dr5.png", "actual_label": "basset_hound"}, {"majority_label": "saint_bernard", "secure_path": "https:/cu-visualab.org/oracle_query/S2/imgs/setA1/study/dogs/dog_B__142__dr10.png", "active": false, "img_confidence": 0.625, "path": "http:/cu-visualab.org/oracle_query/S2/imgs/setA1/study/dogs/dog_B__142__dr10.png", "img_correctness": 0.625, "img_name": "static/imgs/study/dogs/saint_bernard__142__dr10.png", "actual_label": "saint_bernard"}, {"majority_label": "saint_bernard", "secure_path": "https:/cu-visualab.org/oracle_query/S2/imgs/setA1/study/dogs/dog_B__91__dr10.png", "active": false, "img_confidence": 0.875, "path": "http:/cu-visualab.org/oracle_query/S2/imgs/setA1/study/dogs/dog_B__91__dr10.png", "img_correctness": 0.875, "img_name": "static/imgs/study/dogs/saint_bernard__91__dr10.png", "actual_label": "saint_bernard"}, {"majority_label": "basset_hound", "secure_path": "https:/cu-visualab.org/oracle_query/S2/imgs/setA1/study/dogs/dog_A__39__dr2.png", "active": false, "img_confidence": 1.0, "path": "http:/cu-visualab.org/oracle_query/S2/imgs/setA1/study/dogs/dog_A__39__dr2.png", "img_correctness": 1.0, "img_name": "static/imgs/study/dogs/basset_hound__39__dr2.png", "actual_label": "basset_hound"}, {"majority_label": "saint_bernard", "secure_path": "https:/cu-visualab.org/oracle_query/S2/imgs/setA1/study/dogs/dog_B__166__dr2.png", "active": false, "img_confidence": 1.0, "path": "http:/cu-visualab.org/oracle_query/S2/imgs/setA1/study/dogs/dog_B__166__dr2.png", "img_correctness": 1.0, "img_name": "static/imgs/study/dogs/saint_bernard__166__dr2.png", "actual_label": "saint_bernard"}, {"majority_label": "saint_bernard", "secure_path": "https:/cu-visualab.org/oracle_query/S2/imgs/setA1/study/dogs/dog_B__79__dr5.png", "active": false, "img_confidence": 1.0, "path": "http:/cu-visualab.org/oracle_query/S2/imgs/setA1/study/dogs/dog_B__79__dr5.png", "img_correctness": 1.0, "img_name": "static/imgs/study/dogs/saint_bernard__79__dr5.png", "actual_label": "saint_bernard"}, {"majority_label": "basset_hound", "secure_path": "https:/cu-visualab.org/oracle_query/S2/imgs/setA1/study/dogs/dog_A__144__dr5.png", "active": false, "img_confidence": 0.875, "path": "http:/cu-visualab.org/oracle_query/S2/imgs/setA1/study/dogs/dog_A__144__dr5.png", "img_correctness": 0.875, "img_name": "static/imgs/study/dogs/basset_hound__144__dr5.png", "actual_label": "basset_hound"}, {"majority_label": "saint_bernard", "secure_path": "https:/cu-visualab.org/oracle_query/S2/imgs/setA1/study/dogs/dog_B__24__dr7.png", "active": false, "img_confidence": 1.0, "path": "http:/cu-visualab.org/oracle_query/S2/imgs/setA1/study/dogs/dog_B__24__dr7.png", "img_correctness": 1.0, "img_name": "static/imgs/study/dogs/saint_bernard__24__dr7.png", "actual_label": "saint_bernard"}, {"majority_label": "saint_bernard", "secure_path": "https:/cu-visualab.org/oracle_query/S2/imgs/setA1/study/dogs/dog_B__124__dr5.png", "active": false, "img_confidence": 1.0, "path": "http:/cu-visualab.org/oracle_query/S2/imgs/setA1/study/dogs/dog_B__124__dr5.png", "img_correctness": 1.0, "img_name": "static/imgs/study/dogs/saint_bernard__124__dr5.png", "actual_label": "saint_bernard"}, {"majority_label": "basset_hound", "secure_path": "https:/cu-visualab.org/oracle_query/S2/imgs/setA1/study/dogs/dog_A__114__dr5.png", "active": false, "img_confidence": 1.0, "path": "http:/cu-visualab.org/oracle_query/S2/imgs/setA1/study/dogs/dog_A__114__dr5.png", "img_correctness": 1.0, "img_name": "static/imgs/study/dogs/basset_hound__114__dr5.png", "actual_label": "basset_hound"}, {"majority_label": "basset_hound", "secure_path": "https:/cu-visualab.org/oracle_query/S2/imgs/setA1/study/dogs/dog_A__164__dr5.png", "active": false, "img_confidence": 0.875, "path": "http:/cu-visualab.org/oracle_query/S2/imgs/setA1/study/dogs/dog_A__164__dr5.png", "img_correctness": 0.875, "img_name": "static/imgs/study/dogs/basset_hound__164__dr5.png", "actual_label": "basset_hound"}, {"majority_label": "basset_hound", "secure_path": "https:/cu-visualab.org/oracle_query/S2/imgs/setA1/study/dogs/dog_A__164__dr10.png", "active": false, "img_confidence": 0.875, "path": "http:/cu-visualab.org/oracle_query/S2/imgs/setA1/study/dogs/dog_A__164__dr10.png", "img_correctness": 0.875, "img_name": "static/imgs/study/dogs/basset_hound__164__dr10.png", "actual_label": "basset_hound"}, {"majority_label": "saint_bernard", "secure_path": "https:/cu-visualab.org/oracle_query/S2/imgs/setA1/study/dogs/dog_A__137__dr10.png", "active": false, "img_confidence": 1.0, "path": "http:/cu-visualab.org/oracle_query/S2/imgs/setA1/study/dogs/dog_A__137__dr10.png", "img_correctness": 0.0, "img_name": "static/imgs/study/dogs/basset_hound__137__dr10.png", "actual_label": "basset_hound"}, {"majority_label": "basset_hound", "secure_path": "https:/cu-visualab.org/oracle_query/S2/imgs/setA1/study/dogs/dog_A__39__dr7.png", "active": false, "img_confidence": 0.875, "path": "http:/cu-visualab.org/oracle_query/S2/imgs/setA1/study/dogs/dog_A__39__dr7.png", "img_correctness": 0.875, "img_name": "static/imgs/study/dogs/basset_hound__39__dr7.png", "actual_label": "basset_hound"}, {"majority_label": "basset_hound", "secure_path": "https:/cu-visualab.org/oracle_query/S2/imgs/setA1/study/dogs/dog_A__111__dr7.png", "active": false, "img_confidence": 0.75, "path": "http:/cu-visualab.org/oracle_query/S2/imgs/setA1/study/dogs/dog_A__111__dr7.png", "img_correctness": 0.75, "img_name": "static/imgs/study/dogs/basset_hound__111__dr7.png", "actual_label": "basset_hound"}, {"majority_label": "saint_bernard", "secure_path": "https:/cu-visualab.org/oracle_query/S2/imgs/setA1/study/dogs/dog_B__91__dr5.png", "active": false, "img_confidence": 1.0, "path": "http:/cu-visualab.org/oracle_query/S2/imgs/setA1/study/dogs/dog_B__91__dr5.png", "img_correctness": 1.0, "img_name": "static/imgs/study/dogs/saint_bernard__91__dr5.png", "actual_label": "saint_bernard"}, {"majority_label": "saint_bernard", "secure_path": "https:/cu-visualab.org/oracle_query/S2/imgs/setA1/study/dogs/dog_B__166__dr10.png", "active": false, "img_confidence": 0.875, "path": "http:/cu-visualab.org/oracle_query/S2/imgs/setA1/study/dogs/dog_B__166__dr10.png", "img_correctness": 0.875, "img_name": "static/imgs/study/dogs/saint_bernard__166__dr10.png", "actual_label": "saint_bernard"}, {"majority_label": "saint_bernard", "secure_path": "https:/cu-visualab.org/oracle_query/S2/imgs/setA1/study/dogs/dog_B__126__dr2.png", "active": false, "img_confidence": 1.0, "path": "http:/cu-visualab.org/oracle_query/S2/imgs/setA1/study/dogs/dog_B__126__dr2.png", "img_correctness": 1.0, "img_name": "static/imgs/study/dogs/saint_bernard__126__dr2.png", "actual_label": "saint_bernard"}, {"majority_label": "saint_bernard", "secure_path": "https:/cu-visualab.org/oracle_query/S2/imgs/setA1/study/dogs/dog_B__96__dr7.png", "active": false, "img_confidence": 1.0, "path": "http:/cu-visualab.org/oracle_query/S2/imgs/setA1/study/dogs/dog_B__96__dr7.png", "img_correctness": 1.0, "img_name": "static/imgs/study/dogs/saint_bernard__96__dr7.png", "actual_label": "saint_bernard"}, {"majority_label": "basset_hound", "secure_path": "https:/cu-visualab.org/oracle_query/S2/imgs/setA1/study/dogs/dog_B__126__dr7.png", "active": false, "img_confidence": 0.5, "path": "http:/cu-visualab.org/oracle_query/S2/imgs/setA1/study/dogs/dog_B__126__dr7.png", "img_correctness": 0.5, "img_name": "static/imgs/study/dogs/saint_bernard__126__dr7.png", "actual_label": "saint_bernard"}, {"majority_label": "saint_bernard", "secure_path": "https:/cu-visualab.org/oracle_query/S2/imgs/setA1/study/dogs/dog_B__79__dr10.png", "active": false, "img_confidence": 1.0, "path": "http:/cu-visualab.org/oracle_query/S2/imgs/setA1/study/dogs/dog_B__79__dr10.png", "img_correctness": 1.0, "img_name": "static/imgs/study/dogs/saint_bernard__79__dr10.png", "actual_label": "saint_bernard"}, {"majority_label": "basset_hound", "secure_path": "https:/cu-visualab.org/oracle_query/S2/imgs/setA1/study/dogs/dog_A__111__dr2.png", "active": false, "img_confidence": 1.0, "path": "http:/cu-visualab.org/oracle_query/S2/imgs/setA1/study/dogs/dog_A__111__dr2.png", "img_correctness": 1.0, "img_name": "static/imgs/study/dogs/basset_hound__111__dr2.png", "actual_label": "basset_hound"}, {"majority_label": "saint_bernard", "secure_path": "https:/cu-visualab.org/oracle_query/S2/imgs/setA1/study/dogs/dog_B__79__dr2.png", "active": false, "img_confidence": 1.0, "path": "http:/cu-visualab.org/oracle_query/S2/imgs/setA1/study/dogs/dog_B__79__dr2.png", "img_correctness": 1.0, "img_name": "static/imgs/study/dogs/saint_bernard__79__dr2.png", "actual_label": "saint_bernard"}, {"majority_label": "saint_bernard", "secure_path": "https:/cu-visualab.org/oracle_query/S2/imgs/setA1/study/dogs/dog_B__166__dr5.png", "active": false, "img_confidence": 1.0, "path": "http:/cu-visualab.org/oracle_query/S2/imgs/setA1/study/dogs/dog_B__166__dr5.png", "img_correctness": 1.0, "img_name": "static/imgs/study/dogs/saint_bernard__166__dr5.png", "actual_label": "saint_bernard"}, {"majority_label": "saint_bernard", "secure_path": "https:/cu-visualab.org/oracle_query/S2/imgs/setA1/study/dogs/dog_B__96__dr2.png", "active": false, "img_confidence": 1.0, "path": "http:/cu-visualab.org/oracle_query/S2/imgs/setA1/study/dogs/dog_B__96__dr2.png", "img_correctness": 1.0, "img_name": "static/imgs/study/dogs/saint_bernard__96__dr2.png", "actual_label": "saint_bernard"}, {"majority_label": "saint_bernard", "secure_path": "https:/cu-visualab.org/oracle_query/S2/imgs/setA1/study/dogs/dog_B__126__dr5.png", "active": false, "img_confidence": 0.875, "path": "http:/cu-visualab.org/oracle_query/S2/imgs/setA1/study/dogs/dog_B__126__dr5.png", "img_correctness": 0.875, "img_name": "static/imgs/study/dogs/saint_bernard__126__dr5.png", "actual_label": "saint_bernard"}, {"majority_label": "basset_hound", "secure_path": "https:/cu-visualab.org/oracle_query/S2/imgs/setA1/study/dogs/dog_A__39__dr10.png", "active": false, "img_confidence": 0.75, "path": "http:/cu-visualab.org/oracle_query/S2/imgs/setA1/study/dogs/dog_A__39__dr10.png", "img_correctness": 0.75, "img_name": "static/imgs/study/dogs/basset_hound__39__dr10.png", "actual_label": "basset_hound"}, {"majority_label": "basset_hound", "secure_path": "https:/cu-visualab.org/oracle_query/S2/imgs/setA1/study/dogs/dog_A__152__dr2.png", "active": false, "img_confidence": 1.0, "path": "http:/cu-visualab.org/oracle_query/S2/imgs/setA1/study/dogs/dog_A__152__dr2.png", "img_correctness": 1.0, "img_name": "static/imgs/study/dogs/basset_hound__152__dr2.png", "actual_label": "basset_hound"}, {"majority_label": "basset_hound", "secure_path": "https:/cu-visualab.org/oracle_query/S2/imgs/setA1/study/dogs/dog_A__149__dr5.png", "active": false, "img_confidence": 1.0, "path": "http:/cu-visualab.org/oracle_query/S2/imgs/setA1/study/dogs/dog_A__149__dr5.png", "img_correctness": 1.0, "img_name": "static/imgs/study/dogs/basset_hound__149__dr5.png", "actual_label": "basset_hound"}, {"majority_label": "basset_hound", "secure_path": "https:/cu-visualab.org/oracle_query/S2/imgs/setA1/study/dogs/dog_A__114__dr2.png", "active": false, "img_confidence": 1.0, "path": "http:/cu-visualab.org/oracle_query/S2/imgs/setA1/study/dogs/dog_A__114__dr2.png", "img_correctness": 1.0, "img_name": "static/imgs/study/dogs/basset_hound__114__dr2.png", "actual_label": "basset_hound"}, {"majority_label": "saint_bernard", "secure_path": "https:/cu-visualab.org/oracle_query/S2/imgs/setA1/study/dogs/dog_B__142__dr7.png", "active": false, "img_confidence": 1.0, "path": "http:/cu-visualab.org/oracle_query/S2/imgs/setA1/study/dogs/dog_B__142__dr7.png", "img_correctness": 1.0, "img_name": "static/imgs/study/dogs/saint_bernard__142__dr7.png", "actual_label": "saint_bernard"}, {"majority_label": "saint_bernard", "secure_path": "https:/cu-visualab.org/oracle_query/S2/imgs/setA1/study/dogs/dog_B__79__dr7.png", "active": false, "img_confidence": 1.0, "path": "http:/cu-visualab.org/oracle_query/S2/imgs/setA1/study/dogs/dog_B__79__dr7.png", "img_correctness": 1.0, "img_name": "static/imgs/study/dogs/saint_bernard__79__dr7.png", "actual_label": "saint_bernard"}, {"majority_label": "basset_hound", "secure_path": "https:/cu-visualab.org/oracle_query/S2/imgs/setA1/study/dogs/dog_A__76__dr7.png", "active": false, "img_confidence": 0.75, "path": "http:/cu-visualab.org/oracle_query/S2/imgs/setA1/study/dogs/dog_A__76__dr7.png", "img_correctness": 0.75, "img_name": "static/imgs/study/dogs/basset_hound__76__dr7.png", "actual_label": "basset_hound"}, {"majority_label": "basset_hound", "secure_path": "https:/cu-visualab.org/oracle_query/S2/imgs/setA1/study/dogs/dog_A__144__dr7.png", "active": false, "img_confidence": 0.75, "path": "http:/cu-visualab.org/oracle_query/S2/imgs/setA1/study/dogs/dog_A__144__dr7.png", "img_correctness": 0.75, "img_name": "static/imgs/study/dogs/basset_hound__144__dr7.png", "actual_label": "basset_hound"}, {"majority_label": "saint_bernard", "secure_path": "https:/cu-visualab.org/oracle_query/S2/imgs/setA1/study/dogs/dog_B__96__dr10.png", "active": false, "img_confidence": 0.625, "path": "http:/cu-visualab.org/oracle_query/S2/imgs/setA1/study/dogs/dog_B__96__dr10.png", "img_correctness": 0.625, "img_name": "static/imgs/study/dogs/saint_bernard__96__dr10.png", "actual_label": "saint_bernard"}, {"majority_label": "saint_bernard", "secure_path": "https:/cu-visualab.org/oracle_query/S2/imgs/setA1/study/dogs/dog_B__171__dr2.png", "active": false, "img_confidence": 1.0, "path": "http:/cu-visualab.org/oracle_query/S2/imgs/setA1/study/dogs/dog_B__171__dr2.png", "img_correctness": 1.0, "img_name": "static/imgs/study/dogs/saint_bernard__171__dr2.png", "actual_label": "saint_bernard"}, {"majority_label": "basset_hound", "secure_path": "https:/cu-visualab.org/oracle_query/S2/imgs/setA1/study/dogs/dog_A__137__dr5.png", "active": false, "img_confidence": 0.625, "path": "http:/cu-visualab.org/oracle_query/S2/imgs/setA1/study/dogs/dog_A__137__dr5.png", "img_correctness": 0.625, "img_name": "static/imgs/study/dogs/basset_hound__137__dr5.png", "actual_label": "basset_hound"}, {"majority_label": "basset_hound", "secure_path": "https:/cu-visualab.org/oracle_query/S2/imgs/setA1/study/dogs/dog_A__90__dr7.png", "active": false, "img_confidence": 0.75, "path": "http:/cu-visualab.org/oracle_query/S2/imgs/setA1/study/dogs/dog_A__90__dr7.png", "img_correctness": 0.75, "img_name": "static/imgs/study/dogs/basset_hound__90__dr7.png", "actual_label": "basset_hound"}, {"majority_label": "basset_hound", "secure_path": "https:/cu-visualab.org/oracle_query/S2/imgs/setA1/study/dogs/dog_A__169__dr2.png", "active": false, "img_confidence": 0.875, "path": "http:/cu-visualab.org/oracle_query/S2/imgs/setA1/study/dogs/dog_A__169__dr2.png", "img_correctness": 0.875, "img_name": "static/imgs/study/dogs/basset_hound__169__dr2.png", "actual_label": "basset_hound"}, {"majority_label": "basset_hound", "secure_path": "https:/cu-visualab.org/oracle_query/S2/imgs/setA1/study/dogs/dog_A__149__dr7.png", "active": false, "img_confidence": 1.0, "path": "http:/cu-visualab.org/oracle_query/S2/imgs/setA1/study/dogs/dog_A__149__dr7.png", "img_correctness": 1.0, "img_name": "static/imgs/study/dogs/basset_hound__149__dr7.png", "actual_label": "basset_hound"}, {"majority_label": "saint_bernard", "secure_path": "https:/cu-visualab.org/oracle_query/S2/imgs/setA1/study/dogs/dog_B__26__dr7.png", "active": false, "img_confidence": 1.0, "path": "http:/cu-visualab.org/oracle_query/S2/imgs/setA1/study/dogs/dog_B__26__dr7.png", "img_correctness": 1.0, "img_name": "static/imgs/study/dogs/saint_bernard__26__dr7.png", "actual_label": "saint_bernard"}, {"majority_label": "basset_hound", "secure_path": "https:/cu-visualab.org/oracle_query/S2/imgs/setA1/study/dogs/dog_A__120__dr10.png", "active": false, "img_confidence": 1.0, "path": "http:/cu-visualab.org/oracle_query/S2/imgs/setA1/study/dogs/dog_A__120__dr10.png", "img_correctness": 1.0, "img_name": "static/imgs/study/dogs/basset_hound__120__dr10.png", "actual_label": "basset_hound"}, {"majority_label": "basset_hound", "secure_path": "https:/cu-visualab.org/oracle_query/S2/imgs/setA1/study/dogs/dog_A__169__dr10.png", "active": false, "img_confidence": 0.625, "path": "http:/cu-visualab.org/oracle_query/S2/imgs/setA1/study/dogs/dog_A__169__dr10.png", "img_correctness": 0.625, "img_name": "static/imgs/study/dogs/basset_hound__169__dr10.png", "actual_label": "basset_hound"}, {"majority_label": "saint_bernard", "secure_path": "https:/cu-visualab.org/oracle_query/S2/imgs/setA1/study/dogs/dog_B__142__dr5.png", "active": false, "img_confidence": 1.0, "path": "http:/cu-visualab.org/oracle_query/S2/imgs/setA1/study/dogs/dog_B__142__dr5.png", "img_correctness": 1.0, "img_name": "static/imgs/study/dogs/saint_bernard__142__dr5.png", "actual_label": "saint_bernard"}, {"majority_label": "saint_bernard", "secure_path": "https:/cu-visualab.org/oracle_query/S2/imgs/setA1/study/dogs/dog_B__96__dr5.png", "active": false, "img_confidence": 1.0, "path": "http:/cu-visualab.org/oracle_query/S2/imgs/setA1/study/dogs/dog_B__96__dr5.png", "img_correctness": 1.0, "img_name": "static/imgs/study/dogs/saint_bernard__96__dr5.png", "actual_label": "saint_bernard"}, {"majority_label": "saint_bernard", "secure_path": "https:/cu-visualab.org/oracle_query/S2/imgs/setA1/study/dogs/dog_B__26__dr10.png", "active": false, "img_confidence": 0.875, "path": "http:/cu-visualab.org/oracle_query/S2/imgs/setA1/study/dogs/dog_B__26__dr10.png", "img_correctness": 0.875, "img_name": "static/imgs/study/dogs/saint_bernard__26__dr10.png", "actual_label": "saint_bernard"}, {"majority_label": "saint_bernard", "secure_path": "https:/cu-visualab.org/oracle_query/S2/imgs/setA1/study/dogs/dog_B__124__dr7.png", "active": false, "img_confidence": 0.875, "path": "http:/cu-visualab.org/oracle_query/S2/imgs/setA1/study/dogs/dog_B__124__dr7.png", "img_correctness": 0.875, "img_name": "static/imgs/study/dogs/saint_bernard__124__dr7.png", "actual_label": "saint_bernard"}, {"majority_label": "saint_bernard", "secure_path": "https:/cu-visualab.org/oracle_query/S2/imgs/setA1/study/dogs/dog_B__180__dr2.png", "active": false, "img_confidence": 1.0, "path": "http:/cu-visualab.org/oracle_query/S2/imgs/setA1/study/dogs/dog_B__180__dr2.png", "img_correctness": 1.0, "img_name": "static/imgs/study/dogs/saint_bernard__180__dr2.png", "actual_label": "saint_bernard"}, {"majority_label": "basset_hound", "secure_path": "https:/cu-visualab.org/oracle_query/S2/imgs/setA1/study/dogs/dog_A__76__dr2.png", "active": false, "img_confidence": 1.0, "path": "http:/cu-visualab.org/oracle_query/S2/imgs/setA1/study/dogs/dog_A__76__dr2.png", "img_correctness": 1.0, "img_name": "static/imgs/study/dogs/basset_hound__76__dr2.png", "actual_label": "basset_hound"}, {"majority_label": "basset_hound", "secure_path": "https:/cu-visualab.org/oracle_query/S2/imgs/setA1/study/dogs/dog_A__120__dr5.png", "active": false, "img_confidence": 1.0, "path": "http:/cu-visualab.org/oracle_query/S2/imgs/setA1/study/dogs/dog_A__120__dr5.png", "img_correctness": 1.0, "img_name": "static/imgs/study/dogs/basset_hound__120__dr5.png", "actual_label": "basset_hound"}, {"majority_label": "saint_bernard", "secure_path": "https:/cu-visualab.org/oracle_query/S2/imgs/setA1/study/dogs/dog_A__152__dr10.png", "active": false, "img_confidence": 0.75, "path": "http:/cu-visualab.org/oracle_query/S2/imgs/setA1/study/dogs/dog_A__152__dr10.png", "img_correctness": 0.25, "img_name": "static/imgs/study/dogs/basset_hound__152__dr10.png", "actual_label": "basset_hound"}, {"majority_label": "basset_hound", "secure_path": "https:/cu-visualab.org/oracle_query/S2/imgs/setA1/study/dogs/dog_A__149__dr10.png", "active": false, "img_confidence": 0.875, "path": "http:/cu-visualab.org/oracle_query/S2/imgs/setA1/study/dogs/dog_A__149__dr10.png", "img_correctness": 0.875, "img_name": "static/imgs/study/dogs/basset_hound__149__dr10.png", "actual_label": "basset_hound"}, {"majority_label": "saint_bernard", "secure_path": "https:/cu-visualab.org/oracle_query/S2/imgs/setA1/study/dogs/dog_B__171__dr10.png", "active": false, "img_confidence": 0.75, "path": "http:/cu-visualab.org/oracle_query/S2/imgs/setA1/study/dogs/dog_B__171__dr10.png", "img_correctness": 0.75, "img_name": "static/imgs/study/dogs/saint_bernard__171__dr10.png", "actual_label": "saint_bernard"}, {"majority_label": "saint_bernard", "secure_path": "https:/cu-visualab.org/oracle_query/S2/imgs/setA1/study/dogs/dog_B__99__dr5.png", "active": false, "img_confidence": 0.875, "path": "http:/cu-visualab.org/oracle_query/S2/imgs/setA1/study/dogs/dog_B__99__dr5.png", "img_correctness": 0.875, "img_name": "static/imgs/study/dogs/saint_bernard__99__dr5.png", "actual_label": "saint_bernard"}, {"majority_label": "basset_hound", "secure_path": "https:/cu-visualab.org/oracle_query/S2/imgs/setA1/study/dogs/dog_A__152__dr5.png", "active": false, "img_confidence": 0.75, "path": "http:/cu-visualab.org/oracle_query/S2/imgs/setA1/study/dogs/dog_A__152__dr5.png", "img_correctness": 0.75, "img_name": "static/imgs/study/dogs/basset_hound__152__dr5.png", "actual_label": "basset_hound"}, {"majority_label": "saint_bernard", "secure_path": "https:/cu-visualab.org/oracle_query/S2/imgs/setA1/study/dogs/dog_B__142__dr2.png", "active": false, "img_confidence": 0.875, "path": "http:/cu-visualab.org/oracle_query/S2/imgs/setA1/study/dogs/dog_B__142__dr2.png", "img_correctness": 0.875, "img_name": "static/imgs/study/dogs/saint_bernard__142__dr2.png", "actual_label": "saint_bernard"}, {"majority_label": "basset_hound", "secure_path": "https:/cu-visualab.org/oracle_query/S2/imgs/setA1/study/dogs/dog_A__114__dr10.png", "active": false, "img_confidence": 0.625, "path": "http:/cu-visualab.org/oracle_query/S2/imgs/setA1/study/dogs/dog_A__114__dr10.png", "img_correctness": 0.625, "img_name": "static/imgs/study/dogs/basset_hound__114__dr10.png", "actual_label": "basset_hound"}, {"majority_label": "basset_hound", "secure_path": "https:/cu-visualab.org/oracle_query/S2/imgs/setA1/study/dogs/dog_A__152__dr7.png", "active": false, "img_confidence": 0.5, "path": "http:/cu-visualab.org/oracle_query/S2/imgs/setA1/study/dogs/dog_A__152__dr7.png", "img_correctness": 0.5, "img_name": "static/imgs/study/dogs/basset_hound__152__dr7.png", "actual_label": "basset_hound"}, {"majority_label": "basset_hound", "secure_path": "https:/cu-visualab.org/oracle_query/S2/imgs/setA1/study/dogs/dog_A__76__dr5.png", "active": false, "img_confidence": 0.75, "path": "http:/cu-visualab.org/oracle_query/S2/imgs/setA1/study/dogs/dog_A__76__dr5.png", "img_correctness": 0.75, "img_name": "static/imgs/study/dogs/basset_hound__76__dr5.png", "actual_label": "basset_hound"}, {"majority_label": "saint_bernard", "secure_path": "https:/cu-visualab.org/oracle_query/S2/imgs/setA1/study/dogs/dog_B__166__dr7.png", "active": false, "img_confidence": 0.875, "path": "http:/cu-visualab.org/oracle_query/S2/imgs/setA1/study/dogs/dog_B__166__dr7.png", "img_correctness": 0.875, "img_name": "static/imgs/study/dogs/saint_bernard__166__dr7.png", "actual_label": "saint_bernard"}, {"majority_label": "saint_bernard", "secure_path": "https:/cu-visualab.org/oracle_query/S2/imgs/setA1/study/dogs/dog_B__26__dr5.png", "active": false, "img_confidence": 0.875, "path": "http:/cu-visualab.org/oracle_query/S2/imgs/setA1/study/dogs/dog_B__26__dr5.png", "img_correctness": 0.875, "img_name": "static/imgs/study/dogs/saint_bernard__26__dr5.png", "actual_label": "saint_bernard"}, {"majority_label": "saint_bernard", "secure_path": "https:/cu-visualab.org/oracle_query/S2/imgs/setA1/study/dogs/dog_B__126__dr10.png", "active": false, "img_confidence": 0.75, "path": "http:/cu-visualab.org/oracle_query/S2/imgs/setA1/study/dogs/dog_B__126__dr10.png", "img_correctness": 0.75, "img_name": "static/imgs/study/dogs/saint_bernard__126__dr10.png", "actual_label": "saint_bernard"}, {"majority_label": "basset_hound", "secure_path": "https:/cu-visualab.org/oracle_query/S2/imgs/setA1/study/dogs/dog_A__76__dr10.png", "active": false, "img_confidence": 0.5, "path": "http:/cu-visualab.org/oracle_query/S2/imgs/setA1/study/dogs/dog_A__76__dr10.png", "img_correctness": 0.5, "img_name": "static/imgs/study/dogs/basset_hound__76__dr10.png", "actual_label": "basset_hound"}, {"majority_label": "basset_hound", "secure_path": "https:/cu-visualab.org/oracle_query/S2/imgs/setA1/study/dogs/dog_A__103__dr10.png", "active": false, "img_confidence": 0.5, "path": "http:/cu-visualab.org/oracle_query/S2/imgs/setA1/study/dogs/dog_A__103__dr10.png", "img_correctness": 0.5, "img_name": "static/imgs/study/dogs/basset_hound__103__dr10.png", "actual_label": "basset_hound"}, {"majority_label": "saint_bernard", "secure_path": "https:/cu-visualab.org/oracle_query/S2/imgs/setA1/study/dogs/dog_B__99__dr10.png", "active": false, "img_confidence": 0.875, "path": "http:/cu-visualab.org/oracle_query/S2/imgs/setA1/study/dogs/dog_B__99__dr10.png", "img_correctness": 0.875, "img_name": "static/imgs/study/dogs/saint_bernard__99__dr10.png", "actual_label": "saint_bernard"}, {"majority_label": "basset_hound", "secure_path": "https:/cu-visualab.org/oracle_query/S2/imgs/setA1/study/dogs/dog_A__120__dr7.png", "active": false, "img_confidence": 0.875, "path": "http:/cu-visualab.org/oracle_query/S2/imgs/setA1/study/dogs/dog_A__120__dr7.png", "img_correctness": 0.875, "img_name": "static/imgs/study/dogs/basset_hound__120__dr7.png", "actual_label": "basset_hound"}, {"majority_label": "basset_hound", "secure_path": "https:/cu-visualab.org/oracle_query/S2/imgs/setA1/study/dogs/dog_A__144__dr2.png", "active": false, "img_confidence": 0.875, "path": "http:/cu-visualab.org/oracle_query/S2/imgs/setA1/study/dogs/dog_A__144__dr2.png", "img_correctness": 0.875, "img_name": "static/imgs/study/dogs/basset_hound__144__dr2.png", "actual_label": "basset_hound"}, {"majority_label": "basset_hound", "secure_path": "https:/cu-visualab.org/oracle_query/S2/imgs/setA1/study/dogs/dog_A__137__dr2.png", "active": false, "img_confidence": 0.875, "path": "http:/cu-visualab.org/oracle_query/S2/imgs/setA1/study/dogs/dog_A__137__dr2.png", "img_correctness": 0.875, "img_name": "static/imgs/study/dogs/basset_hound__137__dr2.png", "actual_label": "basset_hound"}, {"majority_label": "saint_bernard", "secure_path": "https:/cu-visualab.org/oracle_query/S2/imgs/setA1/study/dogs/dog_A__90__dr10.png", "active": false, "img_confidence": 0.75, "path": "http:/cu-visualab.org/oracle_query/S2/imgs/setA1/study/dogs/dog_A__90__dr10.png", "img_correctness": 0.25, "img_name": "static/imgs/study/dogs/basset_hound__90__dr10.png", "actual_label": "basset_hound"}, {"majority_label": "basset_hound", "secure_path": "https:/cu-visualab.org/oracle_query/S2/imgs/setA1/study/dogs/dog_A__103__dr7.png", "active": false, "img_confidence": 0.5, "path": "http:/cu-visualab.org/oracle_query/S2/imgs/setA1/study/dogs/dog_A__103__dr7.png", "img_correctness": 0.5, "img_name": "static/imgs/study/dogs/basset_hound__103__dr7.png", "actual_label": "basset_hound"}, {"majority_label": "saint_bernard", "secure_path": "https:/cu-visualab.org/oracle_query/S2/imgs/setA1/study/dogs/dog_A__144__dr10.png", "active": false, "img_confidence": 0.75, "path": "http:/cu-visualab.org/oracle_query/S2/imgs/setA1/study/dogs/dog_A__144__dr10.png", "img_correctness": 0.25, "img_name": "static/imgs/study/dogs/basset_hound__144__dr10.png", "actual_label": "basset_hound"}, {"majority_label": "basset_hound", "secure_path": "https:/cu-visualab.org/oracle_query/S2/imgs/setA1/study/dogs/dog_A__137__dr7.png", "active": false, "img_confidence": 0.5, "path": "http:/cu-visualab.org/oracle_query/S2/imgs/setA1/study/dogs/dog_A__137__dr7.png", "img_correctness": 0.5, "img_name": "static/imgs/study/dogs/basset_hound__137__dr7.png", "actual_label": "basset_hound"}, {"majority_label": "basset_hound", "secure_path": "https:/cu-visualab.org/oracle_query/S2/imgs/setA1/study/dogs/dog_A__111__dr10.png", "active": false, "img_confidence": 0.5, "path": "http:/cu-visualab.org/oracle_query/S2/imgs/setA1/study/dogs/dog_A__111__dr10.png", "img_correctness": 0.5, "img_name": "static/imgs/study/dogs/basset_hound__111__dr10.png", "actual_label": "basset_hound"}, {"majority_label": "basset_hound", "secure_path": "https:/cu-visualab.org/oracle_query/S2/imgs/setA1/study/dogs/dog_A__164__dr7.png", "active": false, "img_confidence": 0.625, "path": "http:/cu-visualab.org/oracle_query/S2/imgs/setA1/study/dogs/dog_A__164__dr7.png", "img_correctness": 0.625, "img_name": "static/imgs/study/dogs/basset_hound__164__dr7.png", "actual_label": "basset_hound"}, {"majority_label": "saint_bernard", "secure_path": "https:/cu-visualab.org/oracle_query/S2/imgs/setA1/study/dogs/dog_B__180__dr10.png", "active": false, "img_confidence": 0.625, "path": "http:/cu-visualab.org/oracle_query/S2/imgs/setA1/study/dogs/dog_B__180__dr10.png", "img_correctness": 0.625, "img_name": "static/imgs/study/dogs/saint_bernard__180__dr10.png", "actual_label": "saint_bernard"}], "training": [{"majority_label": "saint_bernard", "secure_path": "https:/cu-visualab.org/oracle_query/S2/imgs/setA2/study/dogs/dog_A__116__dr10.png", "active": true, "img_confidence": 0.5714285714285714, "path": "http:/cu-visualab.org/oracle_query/S2/imgs/setA2/study/dogs/dog_A__116__dr10.png", "img_correctness": 0.5714285714285714, "img_name": "static/imgs/study/dogs/saint_bernard__116__dr10.png", "actual_label": "saint_bernard"}, {"majority_label": "basset_hound", "secure_path": "https:/cu-visualab.org/oracle_query/S2/imgs/setA2/study/dogs/dog_B__53__dr10.png", "active": true, "img_confidence": 0.5714285714285714, "path": "http:/cu-visualab.org/oracle_query/S2/imgs/setA2/study/dogs/dog_B__53__dr10.png", "img_correctness": 0.5714285714285714, "img_name": "static/imgs/study/dogs/basset_hound__53__dr10.png", "actual_label": "basset_hound"}, {"majority_label": "basset_hound", "secure_path": "https:/cu-visualab.org/oracle_query/S2/imgs/setA2/study/dogs/dog_A__94__dr7.png", "active": true, "img_confidence": 0.5714285714285714, "path": "http:/cu-visualab.org/oracle_query/S2/imgs/setA2/study/dogs/dog_A__94__dr7.png", "img_correctness": 0.42857142857142855, "img_name": "static/imgs/study/dogs/saint_bernard__94__dr7.png", "actual_label": "saint_bernard"}, {"majority_label": "basset_hound", "secure_path": "https:/cu-visualab.org/oracle_query/S2/imgs/setA2/study/dogs/dog_B__41__dr7.png", "active": true, "img_confidence": 0.5714285714285714, "path": "http:/cu-visualab.org/oracle_query/S2/imgs/setA2/study/dogs/dog_B__41__dr7.png", "img_correctness": 0.5714285714285714, "img_name": "static/imgs/study/dogs/basset_hound__41__dr7.png", "actual_label": "basset_hound"}, {"majority_label": "saint_bernard", "secure_path": "https:/cu-visualab.org/oracle_query/S2/imgs/setA2/study/dogs/dog_A__8__dr2.png", "active": true, "img_confidence": 0.5714285714285714, "path": "http:/cu-visualab.org/oracle_query/S2/imgs/setA2/study/dogs/dog_A__8__dr2.png", "img_correctness": 0.5714285714285714, "img_name": "static/imgs/study/dogs/saint_bernard__8__dr2.png", "actual_label": "saint_bernard"}, {"majority_label": "saint_bernard", "secure_path": "https:/cu-visualab.org/oracle_query/S2/imgs/setA2/study/dogs/dog_A__8__dr5.png", "active": true, "img_confidence": 0.5714285714285714, "path": "http:/cu-visualab.org/oracle_query/S2/imgs/setA2/study/dogs/dog_A__8__dr5.png", "img_correctness": 0.5714285714285714, "img_name": "static/imgs/study/dogs/saint_bernard__8__dr5.png", "actual_label": "saint_bernard"}, {"majority_label": "saint_bernard", "secure_path": "https:/cu-visualab.org/oracle_query/S2/imgs/setA2/study/dogs/dog_A__94__dr10.png", "active": true, "img_confidence": 0.5714285714285714, "path": "http:/cu-visualab.org/oracle_query/S2/imgs/setA2/study/dogs/dog_A__94__dr10.png", "img_correctness": 0.5714285714285714, "img_name": "static/imgs/study/dogs/saint_bernard__94__dr10.png", "actual_label": "saint_bernard"}, {"majority_label": "basset_hound", "secure_path": "https:/cu-visualab.org/oracle_query/S2/imgs/setA2/study/dogs/dog_A__129__dr7.png", "active": true, "img_confidence": 0.7142857142857143, "path": "http:/cu-visualab.org/oracle_query/S2/imgs/setA2/study/dogs/dog_A__129__dr7.png", "img_correctness": 0.2857142857142857, "img_name": "static/imgs/study/dogs/saint_bernard__129__dr7.png", "actual_label": "saint_bernard"}, {"majority_label": "basset_hound", "secure_path": "https:/cu-visualab.org/oracle_query/S2/imgs/setA2/study/dogs/dog_B__198__dr5.png", "active": true, "img_confidence": 0.7142857142857143, "path": "http:/cu-visualab.org/oracle_query/S2/imgs/setA2/study/dogs/dog_B__198__dr5.png", "img_correctness": 0.7142857142857143, "img_name": "static/imgs/study/dogs/basset_hound__198__dr5.png", "actual_label": "basset_hound"}, {"majority_label": "basset_hound", "secure_path": "https:/cu-visualab.org/oracle_query/S2/imgs/setA2/study/dogs/dog_A__8__dr10.png", "active": true, "img_confidence": 0.7142857142857143, "path": "http:/cu-visualab.org/oracle_query/S2/imgs/setA2/study/dogs/dog_A__8__dr10.png", "img_correctness": 0.2857142857142857, "img_name": "static/imgs/study/dogs/saint_bernard__8__dr10.png", "actual_label": "saint_bernard"}, {"majority_label": "saint_bernard", "secure_path": "https:/cu-visualab.org/oracle_query/S2/imgs/setA2/study/dogs/dog_A__18__dr10.png", "active": true, "img_confidence": 0.7142857142857143, "path": "http:/cu-visualab.org/oracle_query/S2/imgs/setA2/study/dogs/dog_A__18__dr10.png", "img_correctness": 0.7142857142857143, "img_name": "static/imgs/study/dogs/saint_bernard__18__dr10.png", "actual_label": "saint_bernard"}, {"majority_label": "saint_bernard", "secure_path": "https:/cu-visualab.org/oracle_query/S2/imgs/setA2/study/dogs/dog_A__44__dr7.png", "active": true, "img_confidence": 0.7142857142857143, "path": "http:/cu-visualab.org/oracle_query/S2/imgs/setA2/study/dogs/dog_A__44__dr7.png", "img_correctness": 0.7142857142857143, "img_name": "static/imgs/study/dogs/saint_bernard__44__dr7.png", "actual_label": "saint_bernard"}, {"majority_label": "basset_hound", "secure_path": "https:/cu-visualab.org/oracle_query/S2/imgs/setA2/study/dogs/dog_B__145__dr7.png", "active": true, "img_confidence": 0.7142857142857143, "path": "http:/cu-visualab.org/oracle_query/S2/imgs/setA2/study/dogs/dog_B__145__dr7.png", "img_correctness": 0.7142857142857143, "img_name": "static/imgs/study/dogs/basset_hound__145__dr7.png", "actual_label": "basset_hound"}, {"majority_label": "basset_hound", "secure_path": "https:/cu-visualab.org/oracle_query/S2/imgs/setA2/study/dogs/dog_B__142__dr7.png", "active": true, "img_confidence": 0.7142857142857143, "path": "http:/cu-visualab.org/oracle_query/S2/imgs/setA2/study/dogs/dog_B__142__dr7.png", "img_correctness": 0.7142857142857143, "img_name": "static/imgs/study/dogs/basset_hound__142__dr7.png", "actual_label": "basset_hound"}, {"majority_label": "basset_hound", "secure_path": "https:/cu-visualab.org/oracle_query/S2/imgs/setA2/study/dogs/dog_B__198__dr7.png", "active": true, "img_confidence": 0.8571428571428571, "path": "http:/cu-visualab.org/oracle_query/S2/imgs/setA2/study/dogs/dog_B__198__dr7.png", "img_correctness": 0.8571428571428571, "img_name": "static/imgs/study/dogs/basset_hound__198__dr7.png", "actual_label": "basset_hound"}, {"majority_label": "saint_bernard", "secure_path": "https:/cu-visualab.org/oracle_query/S2/imgs/setA2/study/dogs/dog_A__44__dr10.png", "active": true, "img_confidence": 0.8571428571428571, "path": "http:/cu-visualab.org/oracle_query/S2/imgs/setA2/study/dogs/dog_A__44__dr10.png", "img_correctness": 0.8571428571428571, "img_name": "static/imgs/study/dogs/saint_bernard__44__dr10.png", "actual_label": "saint_bernard"}, {"majority_label": "saint_bernard", "secure_path": "https:/cu-visualab.org/oracle_query/S2/imgs/setA2/study/dogs/dog_A__40__dr5.png", "active": true, "img_confidence": 0.8571428571428571, "path": "http:/cu-visualab.org/oracle_query/S2/imgs/setA2/study/dogs/dog_A__40__dr5.png", "img_correctness": 0.8571428571428571, "img_name": "static/imgs/study/dogs/saint_bernard__40__dr5.png", "actual_label": "saint_bernard"}, {"majority_label": "saint_bernard", "secure_path": "https:/cu-visualab.org/oracle_query/S2/imgs/setA2/study/dogs/dog_A__53__dr7.png", "active": true, "img_confidence": 0.8571428571428571, "path": "http:/cu-visualab.org/oracle_query/S2/imgs/setA2/study/dogs/dog_A__53__dr7.png", "img_correctness": 0.8571428571428571, "img_name": "static/imgs/study/dogs/saint_bernard__53__dr7.png", "actual_label": "saint_bernard"}, {"majority_label": "basset_hound", "secure_path": "https:/cu-visualab.org/oracle_query/S2/imgs/setA2/study/dogs/dog_B__198__dr2.png", "active": true, "img_confidence": 0.8571428571428571, "path": "http:/cu-visualab.org/oracle_query/S2/imgs/setA2/study/dogs/dog_B__198__dr2.png", "img_correctness": 0.8571428571428571, "img_name": "static/imgs/study/dogs/basset_hound__198__dr2.png", "actual_label": "basset_hound"}, {"majority_label": "saint_bernard", "secure_path": "https:/cu-visualab.org/oracle_query/S2/imgs/setA2/study/dogs/dog_A__40__dr10.png", "active": true, "img_confidence": 0.8571428571428571, "path": "http:/cu-visualab.org/oracle_query/S2/imgs/setA2/study/dogs/dog_A__40__dr10.png", "img_correctness": 0.8571428571428571, "img_name": "static/imgs/study/dogs/saint_bernard__40__dr10.png", "actual_label": "saint_bernard"}, {"majority_label": "basset_hound", "secure_path": "https:/cu-visualab.org/oracle_query/S2/imgs/setA2/study/dogs/dog_B__198__dr10.png", "active": true, "img_confidence": 0.8571428571428571, "path": "http:/cu-visualab.org/oracle_query/S2/imgs/setA2/study/dogs/dog_B__198__dr10.png", "img_correctness": 0.8571428571428571, "img_name": "static/imgs/study/dogs/basset_hound__198__dr10.png", "actual_label": "basset_hound"}, {"majority_label": "saint_bernard", "secure_path": "https:/cu-visualab.org/oracle_query/S2/imgs/setA2/study/dogs/dog_A__129__dr2.png", "active": true, "img_confidence": 1.0, "path": "http:/cu-visualab.org/oracle_query/S2/imgs/setA2/study/dogs/dog_A__129__dr2.png", "img_correctness": 1.0, "img_name": "static/imgs/study/dogs/saint_bernard__129__dr2.png", "actual_label": "saint_bernard"}, {"majority_label": "saint_bernard", "secure_path": "https:/cu-visualab.org/oracle_query/S2/imgs/setA2/study/dogs/dog_A__53__dr5.png", "active": true, "img_confidence": 1.0, "path": "http:/cu-visualab.org/oracle_query/S2/imgs/setA2/study/dogs/dog_A__53__dr5.png", "img_correctness": 1.0, "img_name": "static/imgs/study/dogs/saint_bernard__53__dr5.png", "actual_label": "saint_bernard"}, {"majority_label": "basset_hound", "secure_path": "https:/cu-visualab.org/oracle_query/S2/imgs/setA2/study/dogs/dog_B__1__dr2.png", "active": true, "img_confidence": 1.0, "path": "http:/cu-visualab.org/oracle_query/S2/imgs/setA2/study/dogs/dog_B__1__dr2.png", "img_correctness": 1.0, "img_name": "static/imgs/study/dogs/basset_hound__1__dr2.png", "actual_label": "basset_hound"}, {"majority_label": "saint_bernard", "secure_path": "https:/cu-visualab.org/oracle_query/S2/imgs/setA2/study/dogs/dog_A__40__dr2.png", "active": true, "img_confidence": 1.0, "path": "http:/cu-visualab.org/oracle_query/S2/imgs/setA2/study/dogs/dog_A__40__dr2.png", "img_correctness": 1.0, "img_name": "static/imgs/study/dogs/saint_bernard__40__dr2.png", "actual_label": "saint_bernard"}, {"majority_label": "basset_hound", "secure_path": "https:/cu-visualab.org/oracle_query/S2/imgs/setA1/study/dogs/dog_A__149__dr2.png", "active": false, "img_confidence": 1.0, "path": "http:/cu-visualab.org/oracle_query/S2/imgs/setA1/study/dogs/dog_A__149__dr2.png", "img_correctness": 1.0, "img_name": "static/imgs/study/dogs/basset_hound__149__dr2.png", "actual_label": "basset_hound"}, {"majority_label": "saint_bernard", "secure_path": "https:/cu-visualab.org/oracle_query/S2/imgs/setA1/study/dogs/dog_B__99__dr7.png", "active": false, "img_confidence": 1.0, "path": "http:/cu-visualab.org/oracle_query/S2/imgs/setA1/study/dogs/dog_B__99__dr7.png", "img_correctness": 1.0, "img_name": "static/imgs/study/dogs/saint_bernard__99__dr7.png", "actual_label": "saint_bernard"}, {"majority_label": "basset_hound", "secure_path": "https:/cu-visualab.org/oracle_query/S2/imgs/setA1/study/dogs/dog_A__111__dr5.png", "active": false, "img_confidence": 0.875, "path": "http:/cu-visualab.org/oracle_query/S2/imgs/setA1/study/dogs/dog_A__111__dr5.png", "img_correctness": 0.875, "img_name": "static/imgs/study/dogs/basset_hound__111__dr5.png", "actual_label": "basset_hound"}, {"majority_label": "basset_hound", "secure_path": "https:/cu-visualab.org/oracle_query/S2/imgs/setA1/study/dogs/dog_A__114__dr7.png", "active": false, "img_confidence": 1.0, "path": "http:/cu-visualab.org/oracle_query/S2/imgs/setA1/study/dogs/dog_A__114__dr7.png", "img_correctness": 1.0, "img_name": "static/imgs/study/dogs/basset_hound__114__dr7.png", "actual_label": "basset_hound"}, {"majority_label": "saint_bernard", "secure_path": "https:/cu-visualab.org/oracle_query/S2/imgs/setA1/study/dogs/dog_B__91__dr7.png", "active": false, "img_confidence": 1.0, "path": "http:/cu-visualab.org/oracle_query/S2/imgs/setA1/study/dogs/dog_B__91__dr7.png", "img_correctness": 1.0, "img_name": "static/imgs/study/dogs/saint_bernard__91__dr7.png", "actual_label": "saint_bernard"}, {"majority_label": "saint_bernard", "secure_path": "https:/cu-visualab.org/oracle_query/S2/imgs/setA1/study/dogs/dog_B__124__dr2.png", "active": false, "img_confidence": 1.0, "path": "http:/cu-visualab.org/oracle_query/S2/imgs/setA1/study/dogs/dog_B__124__dr2.png", "img_correctness": 1.0, "img_name": "static/imgs/study/dogs/saint_bernard__124__dr2.png", "actual_label": "saint_bernard"}, {"majority_label": "saint_bernard", "secure_path": "https:/cu-visualab.org/oracle_query/S2/imgs/setA1/study/dogs/dog_B__124__dr10.png", "active": false, "img_confidence": 0.625, "path": "http:/cu-visualab.org/oracle_query/S2/imgs/setA1/study/dogs/dog_B__124__dr10.png", "img_correctness": 0.625, "img_name": "static/imgs/study/dogs/saint_bernard__124__dr10.png", "actual_label": "saint_bernard"}, {"majority_label": "basset_hound", "secure_path": "https:/cu-visualab.org/oracle_query/S2/imgs/setA1/study/dogs/dog_A__169__dr7.png", "active": false, "img_confidence": 0.875, "path": "http:/cu-visualab.org/oracle_query/S2/imgs/setA1/study/dogs/dog_A__169__dr7.png", "img_correctness": 0.875, "img_name": "static/imgs/study/dogs/basset_hound__169__dr7.png", "actual_label": "basset_hound"}, {"majority_label": "basset_hound", "secure_path": "https:/cu-visualab.org/oracle_query/S2/imgs/setA1/study/dogs/dog_A__90__dr2.png", "active": false, "img_confidence": 1.0, "path": "http:/cu-visualab.org/oracle_query/S2/imgs/setA1/study/dogs/dog_A__90__dr2.png", "img_correctness": 1.0, "img_name": "static/imgs/study/dogs/basset_hound__90__dr2.png", "actual_label": "basset_hound"}, {"majority_label": "basset_hound", "secure_path": "https:/cu-visualab.org/oracle_query/S2/imgs/setA1/study/dogs/dog_A__103__dr5.png", "active": false, "img_confidence": 0.75, "path": "http:/cu-visualab.org/oracle_query/S2/imgs/setA1/study/dogs/dog_A__103__dr5.png", "img_correctness": 0.75, "img_name": "static/imgs/study/dogs/basset_hound__103__dr5.png", "actual_label": "basset_hound"}, {"majority_label": "saint_bernard", "secure_path": "https:/cu-visualab.org/oracle_query/S2/imgs/setA1/study/dogs/dog_B__142__dr10.png", "active": false, "img_confidence": 0.625, "path": "http:/cu-visualab.org/oracle_query/S2/imgs/setA1/study/dogs/dog_B__142__dr10.png", "img_correctness": 0.625, "img_name": "static/imgs/study/dogs/saint_bernard__142__dr10.png", "actual_label": "saint_bernard"}, {"majority_label": "saint_bernard", "secure_path": "https:/cu-visualab.org/oracle_query/S2/imgs/setA1/study/dogs/dog_B__91__dr10.png", "active": false, "img_confidence": 0.875, "path": "http:/cu-visualab.org/oracle_query/S2/imgs/setA1/study/dogs/dog_B__91__dr10.png", "img_correctness": 0.875, "img_name": "static/imgs/study/dogs/saint_bernard__91__dr10.png", "actual_label": "saint_bernard"}, {"majority_label": "basset_hound", "secure_path": "https:/cu-visualab.org/oracle_query/S2/imgs/setA1/study/dogs/dog_A__39__dr2.png", "active": false, "img_confidence": 1.0, "path": "http:/cu-visualab.org/oracle_query/S2/imgs/setA1/study/dogs/dog_A__39__dr2.png", "img_correctness": 1.0, "img_name": "static/imgs/study/dogs/basset_hound__39__dr2.png", "actual_label": "basset_hound"}, {"majority_label": "saint_bernard", "secure_path": "https:/cu-visualab.org/oracle_query/S2/imgs/setA1/study/dogs/dog_B__166__dr2.png", "active": false, "img_confidence": 1.0, "path": "http:/cu-visualab.org/oracle_query/S2/imgs/setA1/study/dogs/dog_B__166__dr2.png", "img_correctness": 1.0, "img_name": "static/imgs/study/dogs/saint_bernard__166__dr2.png", "actual_label": "saint_bernard"}, {"majority_label": "saint_bernard", "secure_path": "https:/cu-visualab.org/oracle_query/S2/imgs/setA1/study/dogs/dog_B__79__dr5.png", "active": false, "img_confidence": 1.0, "path": "http:/cu-visualab.org/oracle_query/S2/imgs/setA1/study/dogs/dog_B__79__dr5.png", "img_correctness": 1.0, "img_name": "static/imgs/study/dogs/saint_bernard__79__dr5.png", "actual_label": "saint_bernard"}, {"majority_label": "basset_hound", "secure_path": "https:/cu-visualab.org/oracle_query/S2/imgs/setA1/study/dogs/dog_A__144__dr5.png", "active": false, "img_confidence": 0.875, "path": "http:/cu-visualab.org/oracle_query/S2/imgs/setA1/study/dogs/dog_A__144__dr5.png", "img_correctness": 0.875, "img_name": "static/imgs/study/dogs/basset_hound__144__dr5.png", "actual_label": "basset_hound"}, {"majority_label": "saint_bernard", "secure_path": "https:/cu-visualab.org/oracle_query/S2/imgs/setA1/study/dogs/dog_B__24__dr7.png", "active": false, "img_confidence": 1.0, "path": "http:/cu-visualab.org/oracle_query/S2/imgs/setA1/study/dogs/dog_B__24__dr7.png", "img_correctness": 1.0, "img_name": "static/imgs/study/dogs/saint_bernard__24__dr7.png", "actual_label": "saint_bernard"}, {"majority_label": "saint_bernard", "secure_path": "https:/cu-visualab.org/oracle_query/S2/imgs/setA1/study/dogs/dog_B__124__dr5.png", "active": false, "img_confidence": 1.0, "path": "http:/cu-visualab.org/oracle_query/S2/imgs/setA1/study/dogs/dog_B__124__dr5.png", "img_correctness": 1.0, "img_name": "static/imgs/study/dogs/saint_bernard__124__dr5.png", "actual_label": "saint_bernard"}, {"majority_label": "basset_hound", "secure_path": "https:/cu-visualab.org/oracle_query/S2/imgs/setA1/study/dogs/dog_A__114__dr5.png", "active": false, "img_confidence": 1.0, "path": "http:/cu-visualab.org/oracle_query/S2/imgs/setA1/study/dogs/dog_A__114__dr5.png", "img_correctness": 1.0, "img_name": "static/imgs/study/dogs/basset_hound__114__dr5.png", "actual_label": "basset_hound"}, {"majority_label": "basset_hound", "secure_path": "https:/cu-visualab.org/oracle_query/S2/imgs/setA1/study/dogs/dog_A__164__dr5.png", "active": false, "img_confidence": 0.875, "path": "http:/cu-visualab.org/oracle_query/S2/imgs/setA1/study/dogs/dog_A__164__dr5.png", "img_correctness": 0.875, "img_name": "static/imgs/study/dogs/basset_hound__164__dr5.png", "actual_label": "basset_hound"}, {"majority_label": "basset_hound", "secure_path": "https:/cu-visualab.org/oracle_query/S2/imgs/setA1/study/dogs/dog_A__164__dr10.png", "active": false, "img_confidence": 0.875, "path": "http:/cu-visualab.org/oracle_query/S2/imgs/setA1/study/dogs/dog_A__164__dr10.png", "img_correctness": 0.875, "img_name": "static/imgs/study/dogs/basset_hound__164__dr10.png", "actual_label": "basset_hound"}, {"majority_label": "saint_bernard", "secure_path": "https:/cu-visualab.org/oracle_query/S2/imgs/setA1/study/dogs/dog_A__137__dr10.png", "active": false, "img_confidence": 1.0, "path": "http:/cu-visualab.org/oracle_query/S2/imgs/setA1/study/dogs/dog_A__137__dr10.png", "img_correctness": 0.0, "img_name": "static/imgs/study/dogs/basset_hound__137__dr10.png", "actual_label": "basset_hound"}, {"majority_label": "basset_hound", "secure_path": "https:/cu-visualab.org/oracle_query/S2/imgs/setA1/study/dogs/dog_A__39__dr7.png", "active": false, "img_confidence": 0.875, "path": "http:/cu-visualab.org/oracle_query/S2/imgs/setA1/study/dogs/dog_A__39__dr7.png", "img_correctness": 0.875, "img_name": "static/imgs/study/dogs/basset_hound__39__dr7.png", "actual_label": "basset_hound"}, {"majority_label": "basset_hound", "secure_path": "https:/cu-visualab.org/oracle_query/S2/imgs/setA1/study/dogs/dog_A__111__dr7.png", "active": false, "img_confidence": 0.75, "path": "http:/cu-visualab.org/oracle_query/S2/imgs/setA1/study/dogs/dog_A__111__dr7.png", "img_correctness": 0.75, "img_name": "static/imgs/study/dogs/basset_hound__111__dr7.png", "actual_label": "basset_hound"}, {"majority_label": "saint_bernard", "secure_path": "https:/cu-visualab.org/oracle_query/S2/imgs/setA1/study/dogs/dog_B__91__dr5.png", "active": false, "img_confidence": 1.0, "path": "http:/cu-visualab.org/oracle_query/S2/imgs/setA1/study/dogs/dog_B__91__dr5.png", "img_correctness": 1.0, "img_name": "static/imgs/study/dogs/saint_bernard__91__dr5.png", "actual_label": "saint_bernard"}, {"majority_label": "saint_bernard", "secure_path": "https:/cu-visualab.org/oracle_query/S2/imgs/setA1/study/dogs/dog_B__166__dr10.png", "active": false, "img_confidence": 0.875, "path": "http:/cu-visualab.org/oracle_query/S2/imgs/setA1/study/dogs/dog_B__166__dr10.png", "img_correctness": 0.875, "img_name": "static/imgs/study/dogs/saint_bernard__166__dr10.png", "actual_label": "saint_bernard"}, {"majority_label": "saint_bernard", "secure_path": "https:/cu-visualab.org/oracle_query/S2/imgs/setA1/study/dogs/dog_B__126__dr2.png", "active": false, "img_confidence": 1.0, "path": "http:/cu-visualab.org/oracle_query/S2/imgs/setA1/study/dogs/dog_B__126__dr2.png", "img_correctness": 1.0, "img_name": "static/imgs/study/dogs/saint_bernard__126__dr2.png", "actual_label": "saint_bernard"}, {"majority_label": "saint_bernard", "secure_path": "https:/cu-visualab.org/oracle_query/S2/imgs/setA1/study/dogs/dog_B__96__dr7.png", "active": false, "img_confidence": 1.0, "path": "http:/cu-visualab.org/oracle_query/S2/imgs/setA1/study/dogs/dog_B__96__dr7.png", "img_correctness": 1.0, "img_name": "static/imgs/study/dogs/saint_bernard__96__dr7.png", "actual_label": "saint_bernard"}, {"majority_label": "basset_hound", "secure_path": "https:/cu-visualab.org/oracle_query/S2/imgs/setA1/study/dogs/dog_B__126__dr7.png", "active": false, "img_confidence": 0.5, "path": "http:/cu-visualab.org/oracle_query/S2/imgs/setA1/study/dogs/dog_B__126__dr7.png", "img_correctness": 0.5, "img_name": "static/imgs/study/dogs/saint_bernard__126__dr7.png", "actual_label": "saint_bernard"}, {"majority_label": "saint_bernard", "secure_path": "https:/cu-visualab.org/oracle_query/S2/imgs/setA1/study/dogs/dog_B__79__dr10.png", "active": false, "img_confidence": 1.0, "path": "http:/cu-visualab.org/oracle_query/S2/imgs/setA1/study/dogs/dog_B__79__dr10.png", "img_correctness": 1.0, "img_name": "static/imgs/study/dogs/saint_bernard__79__dr10.png", "actual_label": "saint_bernard"}, {"majority_label": "basset_hound", "secure_path": "https:/cu-visualab.org/oracle_query/S2/imgs/setA1/study/dogs/dog_A__111__dr2.png", "active": false, "img_confidence": 1.0, "path": "http:/cu-visualab.org/oracle_query/S2/imgs/setA1/study/dogs/dog_A__111__dr2.png", "img_correctness": 1.0, "img_name": "static/imgs/study/dogs/basset_hound__111__dr2.png", "actual_label": "basset_hound"}, {"majority_label": "saint_bernard", "secure_path": "https:/cu-visualab.org/oracle_query/S2/imgs/setA1/study/dogs/dog_B__79__dr2.png", "active": false, "img_confidence": 1.0, "path": "http:/cu-visualab.org/oracle_query/S2/imgs/setA1/study/dogs/dog_B__79__dr2.png", "img_correctness": 1.0, "img_name": "static/imgs/study/dogs/saint_bernard__79__dr2.png", "actual_label": "saint_bernard"}, {"majority_label": "saint_bernard", "secure_path": "https:/cu-visualab.org/oracle_query/S2/imgs/setA1/study/dogs/dog_B__166__dr5.png", "active": false, "img_confidence": 1.0, "path": "http:/cu-visualab.org/oracle_query/S2/imgs/setA1/study/dogs/dog_B__166__dr5.png", "img_correctness": 1.0, "img_name": "static/imgs/study/dogs/saint_bernard__166__dr5.png", "actual_label": "saint_bernard"}, {"majority_label": "saint_bernard", "secure_path": "https:/cu-visualab.org/oracle_query/S2/imgs/setA1/study/dogs/dog_B__96__dr2.png", "active": false, "img_confidence": 1.0, "path": "http:/cu-visualab.org/oracle_query/S2/imgs/setA1/study/dogs/dog_B__96__dr2.png", "img_correctness": 1.0, "img_name": "static/imgs/study/dogs/saint_bernard__96__dr2.png", "actual_label": "saint_bernard"}, {"majority_label": "saint_bernard", "secure_path": "https:/cu-visualab.org/oracle_query/S2/imgs/setA1/study/dogs/dog_B__126__dr5.png", "active": false, "img_confidence": 0.875, "path": "http:/cu-visualab.org/oracle_query/S2/imgs/setA1/study/dogs/dog_B__126__dr5.png", "img_correctness": 0.875, "img_name": "static/imgs/study/dogs/saint_bernard__126__dr5.png", "actual_label": "saint_bernard"}, {"majority_label": "basset_hound", "secure_path": "https:/cu-visualab.org/oracle_query/S2/imgs/setA1/study/dogs/dog_A__39__dr10.png", "active": false, "img_confidence": 0.75, "path": "http:/cu-visualab.org/oracle_query/S2/imgs/setA1/study/dogs/dog_A__39__dr10.png", "img_correctness": 0.75, "img_name": "static/imgs/study/dogs/basset_hound__39__dr10.png", "actual_label": "basset_hound"}, {"majority_label": "basset_hound", "secure_path": "https:/cu-visualab.org/oracle_query/S2/imgs/setA1/study/dogs/dog_A__152__dr2.png", "active": false, "img_confidence": 1.0, "path": "http:/cu-visualab.org/oracle_query/S2/imgs/setA1/study/dogs/dog_A__152__dr2.png", "img_correctness": 1.0, "img_name": "static/imgs/study/dogs/basset_hound__152__dr2.png", "actual_label": "basset_hound"}, {"majority_label": "basset_hound", "secure_path": "https:/cu-visualab.org/oracle_query/S2/imgs/setA1/study/dogs/dog_A__149__dr5.png", "active": false, "img_confidence": 1.0, "path": "http:/cu-visualab.org/oracle_query/S2/imgs/setA1/study/dogs/dog_A__149__dr5.png", "img_correctness": 1.0, "img_name": "static/imgs/study/dogs/basset_hound__149__dr5.png", "actual_label": "basset_hound"}, {"majority_label": "basset_hound", "secure_path": "https:/cu-visualab.org/oracle_query/S2/imgs/setA1/study/dogs/dog_A__114__dr2.png", "active": false, "img_confidence": 1.0, "path": "http:/cu-visualab.org/oracle_query/S2/imgs/setA1/study/dogs/dog_A__114__dr2.png", "img_correctness": 1.0, "img_name": "static/imgs/study/dogs/basset_hound__114__dr2.png", "actual_label": "basset_hound"}, {"majority_label": "saint_bernard", "secure_path": "https:/cu-visualab.org/oracle_query/S2/imgs/setA1/study/dogs/dog_B__142__dr7.png", "active": false, "img_confidence": 1.0, "path": "http:/cu-visualab.org/oracle_query/S2/imgs/setA1/study/dogs/dog_B__142__dr7.png", "img_correctness": 1.0, "img_name": "static/imgs/study/dogs/saint_bernard__142__dr7.png", "actual_label": "saint_bernard"}, {"majority_label": "saint_bernard", "secure_path": "https:/cu-visualab.org/oracle_query/S2/imgs/setA1/study/dogs/dog_B__79__dr7.png", "active": false, "img_confidence": 1.0, "path": "http:/cu-visualab.org/oracle_query/S2/imgs/setA1/study/dogs/dog_B__79__dr7.png", "img_correctness": 1.0, "img_name": "static/imgs/study/dogs/saint_bernard__79__dr7.png", "actual_label": "saint_bernard"}, {"majority_label": "basset_hound", "secure_path": "https:/cu-visualab.org/oracle_query/S2/imgs/setA1/study/dogs/dog_A__76__dr7.png", "active": false, "img_confidence": 0.75, "path": "http:/cu-visualab.org/oracle_query/S2/imgs/setA1/study/dogs/dog_A__76__dr7.png", "img_correctness": 0.75, "img_name": "static/imgs/study/dogs/basset_hound__76__dr7.png", "actual_label": "basset_hound"}, {"majority_label": "basset_hound", "secure_path": "https:/cu-visualab.org/oracle_query/S2/imgs/setA1/study/dogs/dog_A__144__dr7.png", "active": false, "img_confidence": 0.75, "path": "http:/cu-visualab.org/oracle_query/S2/imgs/setA1/study/dogs/dog_A__144__dr7.png", "img_correctness": 0.75, "img_name": "static/imgs/study/dogs/basset_hound__144__dr7.png", "actual_label": "basset_hound"}, {"majority_label": "saint_bernard", "secure_path": "https:/cu-visualab.org/oracle_query/S2/imgs/setA1/study/dogs/dog_B__96__dr10.png", "active": false, "img_confidence": 0.625, "path": "http:/cu-visualab.org/oracle_query/S2/imgs/setA1/study/dogs/dog_B__96__dr10.png", "img_correctness": 0.625, "img_name": "static/imgs/study/dogs/saint_bernard__96__dr10.png", "actual_label": "saint_bernard"}, {"majority_label": "saint_bernard", "secure_path": "https:/cu-visualab.org/oracle_query/S2/imgs/setA1/study/dogs/dog_B__171__dr2.png", "active": false, "img_confidence": 1.0, "path": "http:/cu-visualab.org/oracle_query/S2/imgs/setA1/study/dogs/dog_B__171__dr2.png", "img_correctness": 1.0, "img_name": "static/imgs/study/dogs/saint_bernard__171__dr2.png", "actual_label": "saint_bernard"}, {"majority_label": "basset_hound", "secure_path": "https:/cu-visualab.org/oracle_query/S2/imgs/setA1/study/dogs/dog_A__137__dr5.png", "active": false, "img_confidence": 0.625, "path": "http:/cu-visualab.org/oracle_query/S2/imgs/setA1/study/dogs/dog_A__137__dr5.png", "img_correctness": 0.625, "img_name": "static/imgs/study/dogs/basset_hound__137__dr5.png", "actual_label": "basset_hound"}, {"majority_label": "basset_hound", "secure_path": "https:/cu-visualab.org/oracle_query/S2/imgs/setA1/study/dogs/dog_A__90__dr7.png", "active": false, "img_confidence": 0.75, "path": "http:/cu-visualab.org/oracle_query/S2/imgs/setA1/study/dogs/dog_A__90__dr7.png", "img_correctness": 0.75, "img_name": "static/imgs/study/dogs/basset_hound__90__dr7.png", "actual_label": "basset_hound"}, {"majority_label": "basset_hound", "secure_path": "https:/cu-visualab.org/oracle_query/S2/imgs/setA1/study/dogs/dog_A__169__dr2.png", "active": false, "img_confidence": 0.875, "path": "http:/cu-visualab.org/oracle_query/S2/imgs/setA1/study/dogs/dog_A__169__dr2.png", "img_correctness": 0.875, "img_name": "static/imgs/study/dogs/basset_hound__169__dr2.png", "actual_label": "basset_hound"}, {"majority_label": "basset_hound", "secure_path": "https:/cu-visualab.org/oracle_query/S2/imgs/setA1/study/dogs/dog_A__149__dr7.png", "active": false, "img_confidence": 1.0, "path": "http:/cu-visualab.org/oracle_query/S2/imgs/setA1/study/dogs/dog_A__149__dr7.png", "img_correctness": 1.0, "img_name": "static/imgs/study/dogs/basset_hound__149__dr7.png", "actual_label": "basset_hound"}, {"majority_label": "saint_bernard", "secure_path": "https:/cu-visualab.org/oracle_query/S2/imgs/setA1/study/dogs/dog_B__26__dr7.png", "active": false, "img_confidence": 1.0, "path": "http:/cu-visualab.org/oracle_query/S2/imgs/setA1/study/dogs/dog_B__26__dr7.png", "img_correctness": 1.0, "img_name": "static/imgs/study/dogs/saint_bernard__26__dr7.png", "actual_label": "saint_bernard"}, {"majority_label": "basset_hound", "secure_path": "https:/cu-visualab.org/oracle_query/S2/imgs/setA1/study/dogs/dog_A__120__dr10.png", "active": false, "img_confidence": 1.0, "path": "http:/cu-visualab.org/oracle_query/S2/imgs/setA1/study/dogs/dog_A__120__dr10.png", "img_correctness": 1.0, "img_name": "static/imgs/study/dogs/basset_hound__120__dr10.png", "actual_label": "basset_hound"}, {"majority_label": "basset_hound", "secure_path": "https:/cu-visualab.org/oracle_query/S2/imgs/setA1/study/dogs/dog_A__169__dr10.png", "active": false, "img_confidence": 0.625, "path": "http:/cu-visualab.org/oracle_query/S2/imgs/setA1/study/dogs/dog_A__169__dr10.png", "img_correctness": 0.625, "img_name": "static/imgs/study/dogs/basset_hound__169__dr10.png", "actual_label": "basset_hound"}, {"majority_label": "saint_bernard", "secure_path": "https:/cu-visualab.org/oracle_query/S2/imgs/setA1/study/dogs/dog_B__142__dr5.png", "active": false, "img_confidence": 1.0, "path": "http:/cu-visualab.org/oracle_query/S2/imgs/setA1/study/dogs/dog_B__142__dr5.png", "img_correctness": 1.0, "img_name": "static/imgs/study/dogs/saint_bernard__142__dr5.png", "actual_label": "saint_bernard"}, {"majority_label": "saint_bernard", "secure_path": "https:/cu-visualab.org/oracle_query/S2/imgs/setA1/study/dogs/dog_B__96__dr5.png", "active": false, "img_confidence": 1.0, "path": "http:/cu-visualab.org/oracle_query/S2/imgs/setA1/study/dogs/dog_B__96__dr5.png", "img_correctness": 1.0, "img_name": "static/imgs/study/dogs/saint_bernard__96__dr5.png", "actual_label": "saint_bernard"}, {"majority_label": "saint_bernard", "secure_path": "https:/cu-visualab.org/oracle_query/S2/imgs/setA1/study/dogs/dog_B__26__dr10.png", "active": false, "img_confidence": 0.875, "path": "http:/cu-visualab.org/oracle_query/S2/imgs/setA1/study/dogs/dog_B__26__dr10.png", "img_correctness": 0.875, "img_name": "static/imgs/study/dogs/saint_bernard__26__dr10.png", "actual_label": "saint_bernard"}, {"majority_label": "saint_bernard", "secure_path": "https:/cu-visualab.org/oracle_query/S2/imgs/setA1/study/dogs/dog_B__124__dr7.png", "active": false, "img_confidence": 0.875, "path": "http:/cu-visualab.org/oracle_query/S2/imgs/setA1/study/dogs/dog_B__124__dr7.png", "img_correctness": 0.875, "img_name": "static/imgs/study/dogs/saint_bernard__124__dr7.png", "actual_label": "saint_bernard"}, {"majority_label": "saint_bernard", "secure_path": "https:/cu-visualab.org/oracle_query/S2/imgs/setA1/study/dogs/dog_B__180__dr2.png", "active": false, "img_confidence": 1.0, "path": "http:/cu-visualab.org/oracle_query/S2/imgs/setA1/study/dogs/dog_B__180__dr2.png", "img_correctness": 1.0, "img_name": "static/imgs/study/dogs/saint_bernard__180__dr2.png", "actual_label": "saint_bernard"}, {"majority_label": "basset_hound", "secure_path": "https:/cu-visualab.org/oracle_query/S2/imgs/setA1/study/dogs/dog_A__76__dr2.png", "active": false, "img_confidence": 1.0, "path": "http:/cu-visualab.org/oracle_query/S2/imgs/setA1/study/dogs/dog_A__76__dr2.png", "img_correctness": 1.0, "img_name": "static/imgs/study/dogs/basset_hound__76__dr2.png", "actual_label": "basset_hound"}, {"majority_label": "basset_hound", "secure_path": "https:/cu-visualab.org/oracle_query/S2/imgs/setA1/study/dogs/dog_A__120__dr5.png", "active": false, "img_confidence": 1.0, "path": "http:/cu-visualab.org/oracle_query/S2/imgs/setA1/study/dogs/dog_A__120__dr5.png", "img_correctness": 1.0, "img_name": "static/imgs/study/dogs/basset_hound__120__dr5.png", "actual_label": "basset_hound"}, {"majority_label": "saint_bernard", "secure_path": "https:/cu-visualab.org/oracle_query/S2/imgs/setA1/study/dogs/dog_A__152__dr10.png", "active": false, "img_confidence": 0.75, "path": "http:/cu-visualab.org/oracle_query/S2/imgs/setA1/study/dogs/dog_A__152__dr10.png", "img_correctness": 0.25, "img_name": "static/imgs/study/dogs/basset_hound__152__dr10.png", "actual_label": "basset_hound"}, {"majority_label": "basset_hound", "secure_path": "https:/cu-visualab.org/oracle_query/S2/imgs/setA1/study/dogs/dog_A__149__dr10.png", "active": false, "img_confidence": 0.875, "path": "http:/cu-visualab.org/oracle_query/S2/imgs/setA1/study/dogs/dog_A__149__dr10.png", "img_correctness": 0.875, "img_name": "static/imgs/study/dogs/basset_hound__149__dr10.png", "actual_label": "basset_hound"}, {"majority_label": "saint_bernard", "secure_path": "https:/cu-visualab.org/oracle_query/S2/imgs/setA1/study/dogs/dog_B__171__dr10.png", "active": false, "img_confidence": 0.75, "path": "http:/cu-visualab.org/oracle_query/S2/imgs/setA1/study/dogs/dog_B__171__dr10.png", "img_correctness": 0.75, "img_name": "static/imgs/study/dogs/saint_bernard__171__dr10.png", "actual_label": "saint_bernard"}, {"majority_label": "saint_bernard", "secure_path": "https:/cu-visualab.org/oracle_query/S2/imgs/setA1/study/dogs/dog_B__99__dr5.png", "active": false, "img_confidence": 0.875, "path": "http:/cu-visualab.org/oracle_query/S2/imgs/setA1/study/dogs/dog_B__99__dr5.png", "img_correctness": 0.875, "img_name": "static/imgs/study/dogs/saint_bernard__99__dr5.png", "actual_label": "saint_bernard"}, {"majority_label": "basset_hound", "secure_path": "https:/cu-visualab.org/oracle_query/S2/imgs/setA1/study/dogs/dog_A__152__dr5.png", "active": false, "img_confidence": 0.75, "path": "http:/cu-visualab.org/oracle_query/S2/imgs/setA1/study/dogs/dog_A__152__dr5.png", "img_correctness": 0.75, "img_name": "static/imgs/study/dogs/basset_hound__152__dr5.png", "actual_label": "basset_hound"}, {"majority_label": "saint_bernard", "secure_path": "https:/cu-visualab.org/oracle_query/S2/imgs/setA1/study/dogs/dog_B__142__dr2.png", "active": false, "img_confidence": 0.875, "path": "http:/cu-visualab.org/oracle_query/S2/imgs/setA1/study/dogs/dog_B__142__dr2.png", "img_correctness": 0.875, "img_name": "static/imgs/study/dogs/saint_bernard__142__dr2.png", "actual_label": "saint_bernard"}, {"majority_label": "basset_hound", "secure_path": "https:/cu-visualab.org/oracle_query/S2/imgs/setA1/study/dogs/dog_A__114__dr10.png", "active": false, "img_confidence": 0.625, "path": "http:/cu-visualab.org/oracle_query/S2/imgs/setA1/study/dogs/dog_A__114__dr10.png", "img_correctness": 0.625, "img_name": "static/imgs/study/dogs/basset_hound__114__dr10.png", "actual_label": "basset_hound"}, {"majority_label": "basset_hound", "secure_path": "https:/cu-visualab.org/oracle_query/S2/imgs/setA1/study/dogs/dog_A__152__dr7.png", "active": false, "img_confidence": 0.5, "path": "http:/cu-visualab.org/oracle_query/S2/imgs/setA1/study/dogs/dog_A__152__dr7.png", "img_correctness": 0.5, "img_name": "static/imgs/study/dogs/basset_hound__152__dr7.png", "actual_label": "basset_hound"}, {"majority_label": "basset_hound", "secure_path": "https:/cu-visualab.org/oracle_query/S2/imgs/setA1/study/dogs/dog_A__76__dr5.png", "active": false, "img_confidence": 0.75, "path": "http:/cu-visualab.org/oracle_query/S2/imgs/setA1/study/dogs/dog_A__76__dr5.png", "img_correctness": 0.75, "img_name": "static/imgs/study/dogs/basset_hound__76__dr5.png", "actual_label": "basset_hound"}, {"majority_label": "saint_bernard", "secure_path": "https:/cu-visualab.org/oracle_query/S2/imgs/setA1/study/dogs/dog_B__166__dr7.png", "active": false, "img_confidence": 0.875, "path": "http:/cu-visualab.org/oracle_query/S2/imgs/setA1/study/dogs/dog_B__166__dr7.png", "img_correctness": 0.875, "img_name": "static/imgs/study/dogs/saint_bernard__166__dr7.png", "actual_label": "saint_bernard"}, {"majority_label": "saint_bernard", "secure_path": "https:/cu-visualab.org/oracle_query/S2/imgs/setA1/study/dogs/dog_B__26__dr5.png", "active": false, "img_confidence": 0.875, "path": "http:/cu-visualab.org/oracle_query/S2/imgs/setA1/study/dogs/dog_B__26__dr5.png", "img_correctness": 0.875, "img_name": "static/imgs/study/dogs/saint_bernard__26__dr5.png", "actual_label": "saint_bernard"}, {"majority_label": "saint_bernard", "secure_path": "https:/cu-visualab.org/oracle_query/S2/imgs/setA1/study/dogs/dog_B__126__dr10.png", "active": false, "img_confidence": 0.75, "path": "http:/cu-visualab.org/oracle_query/S2/imgs/setA1/study/dogs/dog_B__126__dr10.png", "img_correctness": 0.75, "img_name": "static/imgs/study/dogs/saint_bernard__126__dr10.png", "actual_label": "saint_bernard"}, {"majority_label": "basset_hound", "secure_path": "https:/cu-visualab.org/oracle_query/S2/imgs/setA1/study/dogs/dog_A__76__dr10.png", "active": false, "img_confidence": 0.5, "path": "http:/cu-visualab.org/oracle_query/S2/imgs/setA1/study/dogs/dog_A__76__dr10.png", "img_correctness": 0.5, "img_name": "static/imgs/study/dogs/basset_hound__76__dr10.png", "actual_label": "basset_hound"}, {"majority_label": "basset_hound", "secure_path": "https:/cu-visualab.org/oracle_query/S2/imgs/setA1/study/dogs/dog_A__103__dr10.png", "active": false, "img_confidence": 0.5, "path": "http:/cu-visualab.org/oracle_query/S2/imgs/setA1/study/dogs/dog_A__103__dr10.png", "img_correctness": 0.5, "img_name": "static/imgs/study/dogs/basset_hound__103__dr10.png", "actual_label": "basset_hound"}, {"majority_label": "saint_bernard", "secure_path": "https:/cu-visualab.org/oracle_query/S2/imgs/setA1/study/dogs/dog_B__99__dr10.png", "active": false, "img_confidence": 0.875, "path": "http:/cu-visualab.org/oracle_query/S2/imgs/setA1/study/dogs/dog_B__99__dr10.png", "img_correctness": 0.875, "img_name": "static/imgs/study/dogs/saint_bernard__99__dr10.png", "actual_label": "saint_bernard"}, {"majority_label": "basset_hound", "secure_path": "https:/cu-visualab.org/oracle_query/S2/imgs/setA1/study/dogs/dog_A__120__dr7.png", "active": false, "img_confidence": 0.875, "path": "http:/cu-visualab.org/oracle_query/S2/imgs/setA1/study/dogs/dog_A__120__dr7.png", "img_correctness": 0.875, "img_name": "static/imgs/study/dogs/basset_hound__120__dr7.png", "actual_label": "basset_hound"}, {"majority_label": "basset_hound", "secure_path": "https:/cu-visualab.org/oracle_query/S2/imgs/setA1/study/dogs/dog_A__144__dr2.png", "active": false, "img_confidence": 0.875, "path": "http:/cu-visualab.org/oracle_query/S2/imgs/setA1/study/dogs/dog_A__144__dr2.png", "img_correctness": 0.875, "img_name": "static/imgs/study/dogs/basset_hound__144__dr2.png", "actual_label": "basset_hound"}, {"majority_label": "basset_hound", "secure_path": "https:/cu-visualab.org/oracle_query/S2/imgs/setA1/study/dogs/dog_A__137__dr2.png", "active": false, "img_confidence": 0.875, "path": "http:/cu-visualab.org/oracle_query/S2/imgs/setA1/study/dogs/dog_A__137__dr2.png", "img_correctness": 0.875, "img_name": "static/imgs/study/dogs/basset_hound__137__dr2.png", "actual_label": "basset_hound"}, {"majority_label": "saint_bernard", "secure_path": "https:/cu-visualab.org/oracle_query/S2/imgs/setA1/study/dogs/dog_A__90__dr10.png", "active": false, "img_confidence": 0.75, "path": "http:/cu-visualab.org/oracle_query/S2/imgs/setA1/study/dogs/dog_A__90__dr10.png", "img_correctness": 0.25, "img_name": "static/imgs/study/dogs/basset_hound__90__dr10.png", "actual_label": "basset_hound"}, {"majority_label": "basset_hound", "secure_path": "https:/cu-visualab.org/oracle_query/S2/imgs/setA1/study/dogs/dog_A__103__dr7.png", "active": false, "img_confidence": 0.5, "path": "http:/cu-visualab.org/oracle_query/S2/imgs/setA1/study/dogs/dog_A__103__dr7.png", "img_correctness": 0.5, "img_name": "static/imgs/study/dogs/basset_hound__103__dr7.png", "actual_label": "basset_hound"}, {"majority_label": "saint_bernard", "secure_path": "https:/cu-visualab.org/oracle_query/S2/imgs/setA1/study/dogs/dog_A__144__dr10.png", "active": false, "img_confidence": 0.75, "path": "http:/cu-visualab.org/oracle_query/S2/imgs/setA1/study/dogs/dog_A__144__dr10.png", "img_correctness": 0.25, "img_name": "static/imgs/study/dogs/basset_hound__144__dr10.png", "actual_label": "basset_hound"}, {"majority_label": "basset_hound", "secure_path": "https:/cu-visualab.org/oracle_query/S2/imgs/setA1/study/dogs/dog_A__137__dr7.png", "active": false, "img_confidence": 0.5, "path": "http:/cu-visualab.org/oracle_query/S2/imgs/setA1/study/dogs/dog_A__137__dr7.png", "img_correctness": 0.5, "img_name": "static/imgs/study/dogs/basset_hound__137__dr7.png", "actual_label": "basset_hound"}, {"majority_label": "basset_hound", "secure_path": "https:/cu-visualab.org/oracle_query/S2/imgs/setA1/study/dogs/dog_A__111__dr10.png", "active": false, "img_confidence": 0.5, "path": "http:/cu-visualab.org/oracle_query/S2/imgs/setA1/study/dogs/dog_A__111__dr10.png", "img_correctness": 0.5, "img_name": "static/imgs/study/dogs/basset_hound__111__dr10.png", "actual_label": "basset_hound"}, {"majority_label": "basset_hound", "secure_path": "https:/cu-visualab.org/oracle_query/S2/imgs/setA1/study/dogs/dog_A__164__dr7.png", "active": false, "img_confidence": 0.625, "path": "http:/cu-visualab.org/oracle_query/S2/imgs/setA1/study/dogs/dog_A__164__dr7.png", "img_correctness": 0.625, "img_name": "static/imgs/study/dogs/basset_hound__164__dr7.png", "actual_label": "basset_hound"}, {"majority_label": "saint_bernard", "secure_path": "https:/cu-visualab.org/oracle_query/S2/imgs/setA1/study/dogs/dog_B__180__dr10.png", "active": false, "img_confidence": 0.625, "path": "http:/cu-visualab.org/oracle_query/S2/imgs/setA1/study/dogs/dog_B__180__dr10.png", "img_correctness": 0.625, "img_name": "static/imgs/study/dogs/saint_bernard__180__dr10.png", "actual_label": "saint_bernard"}]}